clip,v0_candidate_cells,v0_cells,median_err_px,valid_cellframes,moving_cellframes,moving_share,eligible
VIRAT_S_000002,3049,1121,1.2268719673156738,38748919,4318,0.00011143536675177957,False
VIRAT_S_000205_02_000409_000566,0,0,,17222400,0,0.0,False
VIRAT_S_000206_07_001501_001600,51727,10572,0.3785417377948761,17221471,53410,0.0031013610858212984,True
VIRAT_S_000206_08_001618_001712,7348,4471,0.4576495289802551,17221993,7454,0.0004328186639026041,False
VIRAT_S_000207_00_000000_000045,47487,19223,0.2890625,17221892,48642,0.0028244283496842277,True
VIRAT_S_000207_01_000094_000156,24823,11724,0.26006007194519043,17222117,25031,0.0014534217831640558,True
VIRAT_S_000207_03_000556_000590,18891,6554,0.29843294620513916,17221830,19496,0.0011320515880135851,True
VIRAT_S_000207_04_000902_000934,43152,19636,0.35986825823783875,17220630,44891,0.002606815197817966,True
VIRAT_S_000207_05_001125_001193,49422,28947,0.41685035824775696,17220882,50697,0.002943925868605336,True
VIRAT_S_010000_00_000000_000165,10011,2348,0.24971428513526917,17222263,10452,0.0006068888856243805,False
VIRAT_S_010000_01_000184_000324,9387,5455,0.5062655210494995,17221478,9822,0.0005703343232212705,False
VIRAT_S_010000_02_000388_000421,7956,6998,0.5900630950927734,17221455,8615,0.0005002480916972463,False
VIRAT_S_010000_03_000442_000528,1634,1137,0.716837465763092,17222198,1744,0.00010126465855287461,False
VIRAT_S_010000_04_000530_000605,0,0,,17222400,0,0.0,False
VIRAT_S_010000_05_000638_000718,7094,3251,0.6673175692558289,17221935,7437,0.0004318330083117838,False
VIRAT_S_010000_06_000728_000762,213,23,1.9457144737243652,17222365,235,1.3645048168471635e-05,False
VIRAT_S_010000_07_000827_000860,4882,3238,0.8132504224777222,17221835,5147,0.00029886478415337275,False
VIRAT_S_010000_08_000893_001024,1331,534,1.0865368843078613,17222168,1451,8.425187816075188e-05,False
VIRAT_S_010001_00_000019_000065,3733,2715,0.6608389019966125,17221951,3906,0.00022680357179044347,False
VIRAT_S_010001_01_000071_000167,5359,2332,0.7889220714569092,17221935,5698,0.0003308571307463418,False
VIRAT_S_010001_02_000195_000498,2630,1089,1.1672247648239136,17222188,2835,0.00016461323032822544,False
VIRAT_S_010001_03_000537_000563,617,456,0.8584121465682983,17222373,667,3.872869319460216e-05,False
VIRAT_S_010001_04_000583_000646,250,177,0.589007556438446,17222374,268,1.5561153183643557e-05,False
VIRAT_S_010001_05_000649_000684,2807,1739,0.8892245888710022,17222145,2941,0.00017076850763943747,False
VIRAT_S_010001_06_000685_000722,637,433,0.6621227264404297,17222354,649,3.768358262755486e-05,False
VIRAT_S_010001_07_000741_000810,3801,2896,0.6690554618835449,17221923,4008,0.00023272662408257196,False
VIRAT_S_010001_08_000826_000893,864,504,0.6192649602890015,17222355,900,5.2257661626415206e-05,False
VIRAT_S_010001_09_000921_000952,16,8,1.977308988571167,17222396,25,1.4515982561311447e-06,False
VIRAT_S_010001_10_000962_001005,3026,1114,0.732136607170105,17222256,3157,0.0001833093178965636,False
VIRAT_S_010002_00_000012_000120,1070,576,1.331127643585205,17222289,1157,6.718038467476652e-05,False
VIRAT_S_010002_01_000123_000148,816,366,0.9175393581390381,17222323,846,4.912229320051656e-05,False
VIRAT_S_010002_02_000174_000204,2009,928,0.551482617855072,17222230,2028,0.00011775478553009686,False
VIRAT_S_010002_03_000236_000261,1082,181,0.9726730585098267,17222313,1117,6.485772265316511e-05,False
VIRAT_S_010002_04_000307_000350,693,640,0.5312330722808838,17222350,707,4.105130832900272e-05,False
VIRAT_S_010002_05_000397_000420,470,327,0.9519286751747131,17222338,569,3.3038487573522244e-05,False
VIRAT_S_010002_06_000441_000467,1535,956,0.6373099088668823,17222263,1585,9.203204015639525e-05,False
VIRAT_S_010002_07_000522_000547,423,74,0.6470344662666321,17222399,423,2.4561038215407737e-05,False
VIRAT_S_010003_00_000000_000108,7617,5157,0.5938600897789001,17221551,7954,0.0004618631620345926,False
VIRAT_S_010003_01_000111_000137,21717,12668,0.9841961860656738,17219610,24121,0.0014007866612542328,True
VIRAT_S_010003_02_000165_000202,881,592,0.5925586223602295,17222369,886,5.144472284852334e-05,False
VIRAT_S_010003_03_000219_000259,9507,3883,0.509792149066925,17222147,9595,0.0005571314656645307,False
VIRAT_S_010003_05_000499_000523,19837,12435,0.5753571391105652,17221924,20728,0.0012035821317060741,True
VIRAT_S_010003_06_000526_000560,3484,2541,0.707821249961853,17222130,3645,0.00021164629462209377,False
VIRAT_S_010003_07_000608_000636,3718,2074,1.514441728591919,17221240,4379,0.00025427901823562064,False
VIRAT_S_010003_10_000901_000934,24704,14381,0.5987180471420288,17220098,26065,0.0015136383079817548,True
VIRAT_S_010003_13_001066_001124,5718,3938,0.7159193754196167,17221989,6043,0.00035088862267883226,False
VIRAT_S_010004_03_000239_000277,26730,12100,0.5990458726882935,17221176,27496,0.0015966389287235669,True
VIRAT_S_010004_06_000547_000715,8360,5740,0.6621047854423523,17221922,8639,0.00050162809934919,False
VIRAT_S_010004_07_000729_000809,3954,3147,0.6295796632766724,17222192,4222,0.0002451488172934084,False
VIRAT_S_010004_08_000811_000920,3836,3120,0.7562072277069092,17222021,3964,0.0002301704312171028,False
VIRAT_S_010005_00_000048_000075,3575,1880,0.8258538246154785,17222260,3617,0.00021001889415210316,False
VIRAT_S_010005_02_000177_000203,11547,8601,0.7888585329055786,17221130,12602,0.0007317754409844185,False
VIRAT_S_010005_03_000215_000270,720,387,0.5164945721626282,17222371,780,4.528993133407706e-05,False
VIRAT_S_010005_04_000299_000323,1547,1129,0.6991474032402039,17222276,1638,9.510938043264433e-05,False
