clip,scene,n_frames,valid_cellframes,moving_cellframes,eligible,v0_candidate_cells,v0_cells,v0_median_err_px
VIRAT_S_000205_02_000409_000566,VIRAT_S_000205,300,17222400,0,False,0,0,
VIRAT_S_000206_07_001501_001600,VIRAT_S_000206,300,17222349,2499,True,2454,942,0.31772667169570923
VIRAT_S_000206_08_001618_001712,VIRAT_S_000206,300,17222234,23300,True,22716,12071,0.3358026146888733
VIRAT_S_000207_00_000000_000045,VIRAT_S_000207,300,17221082,29092,True,28095,13575,0.4404340088367462
VIRAT_S_000207_01_000094_000156,VIRAT_S_000207,300,17220886,43315,True,40758,16810,0.3790578544139862
VIRAT_S_000207_03_000556_000590,VIRAT_S_000207,300,17221683,34805,True,33600,10931,0.3917366862297058
VIRAT_S_000207_04_000902_000934,VIRAT_S_000207,300,17221276,19893,True,18264,7017,0.44171833992004395
VIRAT_S_000207_05_001125_001193,VIRAT_S_000207,300,17221083,62821,True,60388,24836,0.5022090673446655
VIRAT_S_010000_00_000000_000165,VIRAT_S_010000,300,17220695,26708,True,23686,10989,0.8963621854782104
VIRAT_S_010000_01_000184_000324,VIRAT_S_010000,300,17221198,21886,True,20539,13425,0.5492250323295593
VIRAT_S_010000_02_000388_000421,VIRAT_S_010000,292,16761587,84,False,72,58,0.4504029154777527
VIRAT_S_010000_03_000442_000528,VIRAT_S_010000,300,17222365,330,False,324,141,0.7576726675033569
VIRAT_S_010000_04_000530_000605,VIRAT_S_010000,300,17222354,763,False,718,440,0.5287096500396729
VIRAT_S_010000_05_000638_000718,VIRAT_S_010000,300,17222340,546,False,522,411,0.6892303228378296
VIRAT_S_010000_06_000728_000762,VIRAT_S_010000,300,17222229,2899,True,2730,651,1.0081204175949097
VIRAT_S_010000_07_000827_000860,VIRAT_S_010000,300,17221477,3491,True,2947,2115,1.1737282276153564
VIRAT_S_010000_08_000893_001024,VIRAT_S_010000,300,17222282,1582,False,1518,535,0.9411980509757996
VIRAT_S_010001_00_000019_000065,VIRAT_S_010001,300,17222318,677,False,640,509,0.8525675535202026
VIRAT_S_010001_01_000071_000167,VIRAT_S_010001,300,17222324,1809,False,1715,464,0.6949414014816284
VIRAT_S_010001_02_000195_000498,VIRAT_S_010001,300,17222297,970,False,896,534,0.8207971453666687
VIRAT_S_010001_03_000537_000563,VIRAT_S_010001,196,11231905,1105,False,1041,405,0.8214128613471985
VIRAT_S_010001_04_000583_000646,VIRAT_S_010001,300,17222382,293,False,273,137,0.8542821407318115
VIRAT_S_010001_05_000649_000684,VIRAT_S_010001,300,17222353,650,False,621,487,0.4566936790943146
VIRAT_S_010001_06_000685_000722,VIRAT_S_010001,300,17222338,752,False,723,459,0.7176352739334106
VIRAT_S_010001_07_000741_000810,VIRAT_S_010001,300,17222324,849,False,809,570,0.6071876287460327
VIRAT_S_010001_08_000826_000893,VIRAT_S_010001,300,17222400,31,False,31,25,0.6814189553260803
VIRAT_S_010001_09_000921_000952,VIRAT_S_010001,270,15494364,907,False,906,302,0.8281210064888
VIRAT_S_010001_10_000962_001005,VIRAT_S_010001,300,17222350,989,False,959,698,0.6132657527923584
VIRAT_S_010002_00_000012_000120,VIRAT_S_010002,300,17222372,271,False,261,182,0.6546857357025146
VIRAT_S_010002_01_000123_000148,VIRAT_S_010002,248,14227175,482,False,474,326,0.7337549328804016
VIRAT_S_010002_02_000174_000204,VIRAT_S_010002,300,17221241,23647,True,22554,11192,0.4864003658294678
VIRAT_S_010002_03_000236_000261,VIRAT_S_010002,207,11865484,1163,False,1107,540,0.7320821285247803
VIRAT_S_010002_04_000307_000350,VIRAT_S_010002,300,17222328,734,False,717,627,0.5923775434494019
VIRAT_S_010003_00_000000_000108,VIRAT_S_010003,300,17220222,41690,True,39481,23528,0.46519172191619873
VIRAT_S_010003_01_000111_000137,VIRAT_S_010003,234,13420388,7263,True,6845,4313,0.7541530132293701
VIRAT_S_010003_02_000165_000202,VIRAT_S_010003,300,17222325,3417,True,3411,1155,0.5662245750427246
VIRAT_S_010003_03_000219_000259,VIRAT_S_010003,300,17222168,4102,True,3997,1640,0.6906965374946594
VIRAT_S_010003_05_000499_000523,VIRAT_S_010003,237,13593376,3292,True,3247,2071,0.6299925446510315
VIRAT_S_010003_06_000526_000560,VIRAT_S_010003,300,17221441,11201,True,10953,4818,0.5705887675285339
VIRAT_S_010003_07_000608_000636,VIRAT_S_010003,195,11174302,4167,True,4047,1979,0.5016586184501648
VIRAT_S_010003_10_000901_000934,VIRAT_S_010003,300,17221974,5740,True,5679,2906,0.7516477108001709
VIRAT_S_010003_13_001066_001124,VIRAT_S_010003,300,17222029,5129,True,4934,3721,0.7673500776290894
VIRAT_S_010004_03_000239_000277,VIRAT_S_010004,300,17219914,29851,True,29129,15754,0.4729123115539551
VIRAT_S_010004_06_000547_000715,VIRAT_S_010004,300,17222324,679,False,646,537,0.7407252192497253
VIRAT_S_010004_07_000729_000809,VIRAT_S_010004,300,17222140,3221,True,3077,1979,0.7018259763717651
VIRAT_S_010004_08_000811_000920,VIRAT_S_010004,300,17221868,7793,True,7459,5392,0.6036932468414307
VIRAT_S_010005_00_000048_000075,VIRAT_S_010005,248,14226799,6913,True,6814,4275,0.35986000299453735
VIRAT_S_010005_02_000177_000203,VIRAT_S_010005,300,17218834,10674,True,9365,5568,1.8396520614624023
VIRAT_S_010005_03_000215_000270,VIRAT_S_010005,300,17222246,1695,False,1474,811,0.7134377360343933
VIRAT_S_010005_04_000299_000323,VIRAT_S_010005,193,11058998,2063,True,2020,1380,0.7472877502441406
