data,contrast,tau,n,median_low,median_high,median_diff,n_rise_gt_0.01,available,unit
Sintel (stale/valid),x264 CRF 12 -> 45,0.5,23.0,0.0008076552317077,0.1148702634641224,0.1110709397515689,21.0,True,sequences
Sintel (stale/valid),x264 CRF 12 -> 45,1.0,23.0,0.001477599663539,0.131342605860525,0.1263068084193232,23.0,True,sequences
Sintel (stale/valid),x264 CRF 12 -> 45,2.0,23.0,0.0090035074416057,0.1521328897970681,0.13637138796778778,23.0,True,sequences
Sintel (stale/valid),NVENC QP 18 -> 45,0.5,23.0,0.0033149667156997,0.222854790708521,0.2158986761076068,22.0,True,sequences
Sintel (stale/valid),NVENC QP 18 -> 45,1.0,23.0,0.004239259488088,0.2289313609717504,0.2176219801042161,22.0,True,sequences
Sintel (stale/valid),NVENC QP 18 -> 45,2.0,23.0,0.0121207835372321,0.2661177798176481,0.2248658406162364,23.0,True,sequences
Sintel (stale/valid),"x264 QP 24: bf 0 -> B (pb1, B_naive)",0.5,23.0,0.005019653787257,0.0437692173458993,0.037382082589410295,22.0,True,sequences
Sintel (stale/valid),"x264 QP 24: bf 0 -> B (pb1, B_naive)",1.0,23.0,0.0054990144520643,0.0444915798771983,0.0385889819778334,22.0,True,sequences
Sintel (stale/valid),"x264 QP 24: bf 0 -> B (pb1, B_naive)",2.0,23.0,0.0176080411653932,0.0603758018795839,0.0334769519706964,21.0,True,sequences
Sintel (stale/valid),"NVENC QP 28: bf 0 -> B=P (bqeq, B_naive)",0.5,23.0,0.0317962067683153,0.0681787441995103,0.021931941492547898,17.0,True,sequences
Sintel (stale/valid),"NVENC QP 28: bf 0 -> B=P (bqeq, B_naive)",1.0,23.0,0.0327697202594934,0.0697070017962399,0.022227427933678198,16.0,True,sequences
Sintel (stale/valid),"NVENC QP 28: bf 0 -> B=P (bqeq, B_naive)",2.0,23.0,0.0362654435767117,0.0739846061860934,0.020670670546892603,17.0,True,sequences
Sintel (stale/valid),matched ~41 dB: x264 x264_crf23 -> NVENC nvenc_qp28,0.5,23.0,0.0021453456755448,0.0317962067683153,0.0301210693772984,13.0,True,sequences
Sintel (stale/valid),matched ~41 dB: x264 x264_crf23 -> NVENC nvenc_qp28,1.0,23.0,0.0034338374044863,0.0327697202594934,0.0304458493450684,13.0,True,sequences
Sintel (stale/valid),matched ~41 dB: x264 x264_crf23 -> NVENC nvenc_qp28,2.0,23.0,0.0130989024077058,0.0362654435767117,0.0301599107474898,13.0,True,sequences
Sintel (stale/valid),matched ~41 dB: x264 x264_crf23 -> MPEG-4 mpeg4_q4,0.5,23.0,0.0021453456755448,0.160241034856117,0.15818813982554789,20.0,True,sequences
Sintel (stale/valid),matched ~41 dB: x264 x264_crf23 -> MPEG-4 mpeg4_q4,1.0,23.0,0.0034338374044863,0.1610519899624515,0.15848719051551938,20.0,True,sequences
Sintel (stale/valid),matched ~41 dB: x264 x264_crf23 -> MPEG-4 mpeg4_q4,2.0,23.0,0.0130989024077058,0.1666508763619137,0.1594511892102511,20.0,True,sequences
Sintel (stale/valid),matched ~41 dB: NVENC nvenc_qp28 -> MPEG-4 mpeg4_q4,0.5,23.0,0.0317962067683153,0.160241034856117,0.11624208930719271,20.0,True,sequences
Sintel (stale/valid),matched ~41 dB: NVENC nvenc_qp28 -> MPEG-4 mpeg4_q4,1.0,23.0,0.0327697202594934,0.1610519899624515,0.11751816053310918,20.0,True,sequences
Sintel (stale/valid),matched ~41 dB: NVENC nvenc_qp28 -> MPEG-4 mpeg4_q4,2.0,23.0,0.0362654435767117,0.1666508763619137,0.11418352569447489,20.0,True,sequences
CCTV (STALE_MOV),C1 x264 CRF 12 -> 45,0.5,27.0,0.0311212354694985,0.2212241755421532,0.15104529616724738,27.0,True,clips
CCTV (STALE_MOV),C1 x264 CRF 12 -> 45,1.0,27.0,0.0547156227501799,0.2486669898206495,0.15036452004860262,27.0,True,clips
CCTV (STALE_MOV),C1 x264 CRF 12 -> 45,2.0,27.0,0.1587516386856683,0.378385810532105,0.14702308626974486,27.0,True,clips
CCTV (STALE_MOV),C2 NVENC QP 18 -> 45,0.5,27.0,0.0279254682186137,0.0850665167697208,0.04221591047022551,27.0,True,clips
CCTV (STALE_MOV),C2 NVENC QP 18 -> 45,1.0,27.0,0.048716102711783,0.1005094313644499,0.044060884130799,27.0,True,clips
CCTV (STALE_MOV),C2 NVENC QP 18 -> 45,2.0,27.0,0.1442786069651741,0.2437696934975651,0.06306957905395631,25.0,True,clips
CCTV (STALE_MOV),C3 x264 QP 24: bf 0 -> B,0.5,27.0,0.0303507420186928,0.1441086289969338,0.1121660081751529,27.0,True,clips
CCTV (STALE_MOV),C3 x264 QP 24: bf 0 -> B,1.0,27.0,0.0535157187425006,0.1923725953425582,0.1196444822654801,27.0,True,clips
CCTV (STALE_MOV),C3 x264 QP 24: bf 0 -> B,2.0,27.0,0.1539362013462101,0.3323183993040452,0.1188088834938118,27.0,True,clips
CCTV (STALE_MOV),C4 NVENC QP 28: bf 0 -> B=P,0.5,27.0,0.0269834427040922,0.1435489365844162,0.12331530014379809,27.0,True,clips
CCTV (STALE_MOV),C4 NVENC QP 28: bf 0 -> B=P,1.0,27.0,0.0428861107119477,0.1700978737765777,0.128143453552972,27.0,True,clips
CCTV (STALE_MOV),C4 NVENC QP 28: bf 0 -> B=P,2.0,27.0,0.1552563735319392,0.298902128799036,0.13699726596784462,27.0,True,clips
CCTV (STALE_MOV),matched ~41 dB: x264 x264_crf23 -> NVENC nvenc_qp28,0.5,,,,,,False,
CCTV (STALE_MOV),matched ~41 dB: x264 x264_crf23 -> NVENC nvenc_qp28,1.0,,,,,,False,
CCTV (STALE_MOV),matched ~41 dB: x264 x264_crf23 -> NVENC nvenc_qp28,2.0,,,,,,False,
CCTV (STALE_MOV),matched ~41 dB: x264 x264_crf23 -> MPEG-4 mpeg4_q4,0.5,,,,,,False,
CCTV (STALE_MOV),matched ~41 dB: x264 x264_crf23 -> MPEG-4 mpeg4_q4,1.0,,,,,,False,
CCTV (STALE_MOV),matched ~41 dB: x264 x264_crf23 -> MPEG-4 mpeg4_q4,2.0,,,,,,False,
CCTV (STALE_MOV),matched ~41 dB: NVENC nvenc_qp28 -> MPEG-4 mpeg4_q4,0.5,,,,,,False,
CCTV (STALE_MOV),matched ~41 dB: NVENC nvenc_qp28 -> MPEG-4 mpeg4_q4,1.0,,,,,,False,
CCTV (STALE_MOV),matched ~41 dB: NVENC nvenc_qp28 -> MPEG-4 mpeg4_q4,2.0,,,,,,False,
