pass,crf,edges,quartile,valid_cells,gt_static_cells,gt_static_share_of_valid,missed_of_valid,stale_of_valid,static_with_mv_ge1,static_no_vector,static_mv_0_to_1
final,12,final,Q1,333598,323301,0.9691335079946523,0.7023573282813446,0.0010431717216530076,0.4183871995446967,0.3063399123417496,0.2752728881135536
final,12,final,Q2,333200,317523,0.9529501800720288,0.6478481392557023,0.00026410564225690276,0.3870585752843101,0.2927756414495958,0.32016578326609413
final,12,final,Q3,334226,246393,0.7372047656376225,0.4166133095570063,0.0009095641871069277,0.27844946893783507,0.2866761636897152,0.4348743673724497
final,12,final,Q4,333675,171130,0.51286431407807,0.060507979321195775,0.0005724132763916985,0.07434114415941097,0.04363933851457956,0.8820195173260095
final,12,final,all,1334699,1058347,0.792948072936295,0.45673294128488895,0.0006975355492137179,0.32077853482836916,0.2552149720271329,0.42400649314449795
clean,12,final (fixed),Q1,97712,94980,0.972040281644015,0.21813083346978876,0.00013304404781398394,0.10428511265529586,0.12012002526847758,0.7755948620762265
clean,12,final (fixed),Q2,130017,124468,0.9573209657198674,0.19384388195389834,0.00023073905720021227,0.09892502490599994,0.10356075457145612,0.797514220522544
clean,12,final (fixed),Q3,359080,306797,0.8543973487802161,0.13470257324273144,0.0007157179458616464,0.0688957193192893,0.0887622760326861,0.8423420046480246
clean,12,final (fixed),Q4,747890,532102,0.7114709382395807,0.04626749923117036,0.0009373036141678589,0.01988340581317116,0.045147358965010466,0.9349692352218184
clean,12,final (fixed),all,1334699,1058347,0.792948072936295,0.09701737994858765,0.0007499818311094861,0.05096154663829538,0.07138868442958689,0.8776497689321178
clean,12,clean (own),Q1,333674,317304,0.9509401391777603,0.1953343682756223,0.0002966967758950353,0.09702997756095101,0.10838186723142475,0.7945881552076243
clean,12,clean (own),Q2,333675,269063,0.806362478459579,0.1085367498314228,0.0007732074623510902,0.05558549484693176,0.07901495188859115,0.865399553264477
clean,12,clean (own),Q3,333675,238112,0.7136045553307859,0.05630928298494044,0.0007762043904997378,0.02421549522913587,0.054692749630426016,0.9210917551404381
clean,12,clean (own),Q4,333675,233868,0.7008855922679254,0.027889413351314903,0.0011538173372293398,0.010369097097507995,0.029422580258949494,0.9602083226435425
clean,12,clean (own),all,1334699,1058347,0.792948072936295,0.09701737994858765,0.0007499818311094861,0.05096154663829538,0.07138868442958689,0.8776497689321178
final,23,final,Q1,333598,323301,0.9691335079946523,0.6741407322585867,0.0008303407094766755,0.5518881785085725,0.14372365071558701,0.30438817077584046
final,23,final,Q2,333200,317523,0.9529501800720288,0.6356212484993997,0.0006782713085234093,0.5460580808319397,0.12094556929734224,0.332996349870718
final,23,final,Q3,334226,246393,0.7372047656376225,0.42409926217589294,0.0014092260925242202,0.45256155816114907,0.12271858372599871,0.42471985811285223
final,23,final,Q4,333675,171130,0.51286431407807,0.061365100771709,0.000914063085337529,0.08568924209665167,0.0339624846607842,0.8803482732425641
final,23,final,all,1334699,1058347,0.792948072936295,0.44871690171342005,0.0009582684934955372,0.45163259309092385,0.11425175296948921,0.4341156539395869
clean,23,final (fixed),Q1,97712,94980,0.972040281644015,0.1495108072703455,0.00028655641067627314,0.10355864392503684,0.05025268477574226,0.8461886712992209
clean,23,final (fixed),Q2,130017,124468,0.9573209657198674,0.1429197720298115,0.0009691040402408916,0.10970691262011119,0.03958447151074975,0.850708615869139
clean,23,final (fixed),Q3,359080,306797,0.8543973487802161,0.11226746128996323,0.0015456165756934388,0.09987059847390946,0.03152899148296757,0.8686004100431229
clean,23,final (fixed),Q4,747890,532102,0.7114709382395807,0.039183569776304,0.0013651740229178087,0.03553454037007942,0.019539486790126705,0.9449259728397938
clean,23,final (fixed),all,1334699,1058347,0.792948072936295,0.07702785422031484,0.001296172395423987,0.0690123371635201,0.02812877062059986,0.90285889221588
clean,23,clean (own),Q1,333674,317304,0.9509401391777603,0.1442365902048107,0.0008960842019456116,0.11015303935657918,0.041524846834581346,0.8483221138088395
clean,23,clean (own),Q2,333675,269063,0.806362478459579,0.09270397842211733,0.001522439499512999,0.08615826033308184,0.02880737968431185,0.8850343599826063
clean,23,clean (own),Q3,333675,238112,0.7136045553307859,0.04789091181538922,0.0013396268824454934,0.04449166778658782,0.022619607579626395,0.9328887246337858
clean,23,clean (own),Q4,333675,233868,0.7008855922679254,0.023280137858694837,0.0014265377987562747,0.018433475293755452,0.01478184274890109,0.9667846819573435
clean,23,clean (own),all,1334699,1058347,0.792948072936295,0.07702785422031484,0.001296172395423987,0.0690123371635201,0.02812877062059986,0.90285889221588
final,45,final,Q1,333598,323301,0.9691335079946523,0.2678013657156218,0.00730519967146086,0.1537421783415455,0.12258854751454527,0.7236692741439092
final,45,final,Q2,333200,317523,0.9529501800720288,0.28447779111644655,0.009351740696278511,0.175760496090047,0.12276276049294067,0.7014767434170123
final,45,final,Q3,334226,246393,0.7372047656376225,0.2440534249280427,0.04112187561709741,0.21513192339068074,0.1159205009882586,0.6689475756210607
final,45,final,Q4,333675,171130,0.51286431407807,0.05103768637146924,0.06580355135985615,0.07588967451644948,0.023625314088704493,0.900485011394846
final,45,final,all,1334699,1058347,0.792948072936295,0.21182678641401545,0.03090884161897177,0.16205176563074303,0.10508651699300892,0.7328617173762481
clean,45,final (fixed),Q1,97712,94980,0.972040281644015,0.2591800392991649,0.00799287702636319,0.2282901663508107,0.038344914718888186,0.7333649189303011
clean,45,final (fixed),Q2,130017,124468,0.9573209657198674,0.2654652853088442,0.00883730589076813,0.24090529292669602,0.03639489668027123,0.7226998103930328
clean,45,final (fixed),Q3,359080,306797,0.8543973487802161,0.22650662804945973,0.023482232371616354,0.23307920220862655,0.03202769257848023,0.7348931052128932
clean,45,final (fixed),Q4,747890,532102,0.7114709382395807,0.15725975745096205,0.05297303079329848,0.19913475235951003,0.021899936478344376,0.7789653111621456
clean,45,final (fixed),all,1334699,1058347,0.792948072936295,0.19389165647085974,0.037446645273578535,0.2165036608976073,0.028016331127692525,0.7554800079747002
clean,45,clean (own),Q1,333674,317304,0.9509401391777603,0.2630501627336862,0.009464327457338599,0.23988036709275648,0.03674079116556993,0.7233788417416736
clean,45,clean (own),Q2,333675,269063,0.806362478459579,0.20362628305986363,0.032300891586124224,0.22300353448820537,0.029520967208423305,0.7474754983033713
clean,45,clean (own),Q3,333675,238112,0.7136045553307859,0.16823855548063235,0.05877275792312879,0.2110855395780137,0.02467326300228464,0.7642411974197016
clean,45,clean (own),Q4,333675,233868,0.7008855922679254,0.14065183187233085,0.0492485202667266,0.18282535447346365,0.01785195067302923,0.7993226948535072
clean,45,clean (own),all,1334699,1058347,0.792948072936295,0.19389165647085974,0.037446645273578535,0.2165036608976073,0.028016331127692525,0.7554800079747002
