sequence,n_flow_files,valid_px,static_px,static_share,expected,abs_diff
ambush_7,49,21347597,16942272,0.793638,0.794,0.000362
bandage_2,49,21258014,11804296,0.555287,0.555,0.000287
market_2,49,21014039,10322037,0.491197,0.491,0.000197
bandage_1,49,21135580,9817499,0.464501,0.465,0.000499
shaman_2,49,21062106,9380989,0.445397,0.445,0.000397
bamboo_2,49,20767198,4988444,0.240208,,
sleeping_2,49,21699554,650600,0.029982,,
mountain_1,49,21409565,639457,0.029868,,
alley_2,49,21468331,463477,0.021589,,
sleeping_1,49,21805512,349535,0.01603,,
shaman_3,49,21528710,226347,0.010514,,
ambush_5,49,18800535,110194,0.005861,0.0059,3.9e-05
temple_2,49,20321026,96282,0.004738,0.0047,3.8e-05
bamboo_1,49,20926883,96997,0.004635,,
alley_1,49,21290488,32463,0.001525,0.0015,2.5e-05
market_6,39,14787426,15125,0.001023,,
temple_3,49,18138852,12818,0.000707,,
market_5,49,18344232,9131,0.000498,,
cave_2,49,18422651,8009,0.000435,,
cave_4,49,19433085,7796,0.000401,,
ambush_4,32,11729225,1804,0.000154,,
ambush_6,19,6923290,104,1.5e-05,,
ambush_2,20,7153990,97,1.4e-05,,
