data,config,arm,n_units,median_REUSE,missing_REUSE,median_STALE,missing_STALE,median_STALE_MOV,missing_STALE_MOV,median_B_REUSE,missing_B_REUSE,median_B_STALE,missing_B_STALE,median_B_STALE_MOV,missing_B_STALE_MOV,median_g_REUSE,missing_g_REUSE,median_g_STALE,missing_g_STALE,median_g_STALE_MOV,missing_g_STALE_MOV,median_active_share_pre_refresh,missing_active_share_pre_refresh,dropped_finite_share,valid_tf_total,moved_tf_total,prereg_commit,prereg_unchanged,code_sha256
CCTV,2fps_a,nvenc_qp18,27,0.436279296875,0,0.0836588541666666,0,0.3123359580052493,0,,27,,27,,27,,27,,27,,27,0.7109375,0,0.0,149248,47206,9f5b5a3,True,c536bf62b2b66ea394c71ac8c8dcdc25b353e2611317ce1a60d5a7e728b1bfe0
CCTV,2fps_a,nvenc_qp23,27,0.462890625,0,0.0973307291666666,0,0.3313648293963254,0,,27,,27,,27,,27,,27,,27,0.6875,0,0.0,149248,47206,9f5b5a3,True,c536bf62b2b66ea394c71ac8c8dcdc25b353e2611317ce1a60d5a7e728b1bfe0
CCTV,2fps_a,nvenc_qp28,27,0.5865542763157895,0,0.1786595394736842,0,0.4882172131147541,0,,27,,27,,27,,27,,27,,27,0.552734375,0,0.0,149248,47206,9f5b5a3,True,c536bf62b2b66ea394c71ac8c8dcdc25b353e2611317ce1a60d5a7e728b1bfe0
CCTV,2fps_a,nvenc_qp28_bf2_bqeq,27,0.5179036458333334,0,0.1292317708333333,0,0.3743045017703591,0,0.5494791666666667,5,0.00048828125,5,0.0357142857142857,6,,27,,27,,27,0.658203125,0,0.0,149248,47206,9f5b5a3,True,c536bf62b2b66ea394c71ac8c8dcdc25b353e2611317ce1a60d5a7e728b1bfe0
CCTV,2fps_a,nvenc_qp45,27,0.8056640625,0,0.2242838541666666,0,0.7444907683144729,0,,27,,27,,27,,27,,27,,27,0.150390625,0,0.0,149248,47206,9f5b5a3,True,c536bf62b2b66ea394c71ac8c8dcdc25b353e2611317ce1a60d5a7e728b1bfe0
CCTV,2fps_a,x264_crf12,27,0.4401041666666667,0,0.1080729166666666,0,0.3464052287581699,0,,27,,27,,27,,27,,27,,27,0.603515625,0,0.0,149248,47206,9f5b5a3,True,c536bf62b2b66ea394c71ac8c8dcdc25b353e2611317ce1a60d5a7e728b1bfe0
CCTV,2fps_a,x264_crf45,27,0.7475328947368421,0,0.20263671875,0,0.6566666666666666,0,,27,,27,,27,,27,,27,,27,0.2578125,0,0.0,149248,47206,9f5b5a3,True,c536bf62b2b66ea394c71ac8c8dcdc25b353e2611317ce1a60d5a7e728b1bfe0
CCTV,2fps_a,x264_qp24,27,0.4176432291666667,0,0.0965169270833333,0,0.3188090050835149,0,,27,,27,,27,,27,,27,,27,0.67578125,0,0.0,149248,47206,9f5b5a3,True,c536bf62b2b66ea394c71ac8c8dcdc25b353e2611317ce1a60d5a7e728b1bfe0
CCTV,2fps_a,x264_qp24_bf2_pb1,27,0.3180509868421052,0,0.0633138020833333,0,0.2230971128608924,0,0.5574544270833333,5,0.00113932291666665,5,0.0434782608695652,6,,27,,27,,27,0.82421875,0,0.0,149248,47206,9f5b5a3,True,c536bf62b2b66ea394c71ac8c8dcdc25b353e2611317ce1a60d5a7e728b1bfe0
CCTV,2fps_b,nvenc_qp18,27,0.185546875,0,0.0206705729166666,0,0.074800290486565,0,,27,,27,,27,,27,,27,,27,0.94140625,0,0.0,149248,47206,9f5b5a3,True,c536bf62b2b66ea394c71ac8c8dcdc25b353e2611317ce1a60d5a7e728b1bfe0
CCTV,2fps_b,nvenc_qp23,27,0.1861979166666666,0,0.0183919270833333,0,0.0621951219512195,0,,27,,27,,27,,27,,27,,27,0.96484375,0,0.0,149248,47206,9f5b5a3,True,c536bf62b2b66ea394c71ac8c8dcdc25b353e2611317ce1a60d5a7e728b1bfe0
CCTV,2fps_b,nvenc_qp28,27,0.2545230263157895,0,0.0498046875,0,0.130019120458891,0,,27,,27,,27,,27,,27,,27,0.9140625,0,0.0,149248,47206,9f5b5a3,True,c536bf62b2b66ea394c71ac8c8dcdc25b353e2611317ce1a60d5a7e728b1bfe0
CCTV,2fps_b,nvenc_qp28_bf2_bqeq,27,0.2129934210526315,0,0.03759765625,0,0.1011530398322851,0,0.31754557291666663,5,0.0,5,0.0,6,,27,,27,,27,0.9375,0,0.0,149248,47206,9f5b5a3,True,c536bf62b2b66ea394c71ac8c8dcdc25b353e2611317ce1a60d5a7e728b1bfe0
CCTV,2fps_b,nvenc_qp45,27,0.7277018229166666,0,0.1896158854166666,0,0.6150837988826816,0,,27,,27,,27,,27,,27,,27,0.3046875,0,0.0,149248,47206,9f5b5a3,True,c536bf62b2b66ea394c71ac8c8dcdc25b353e2611317ce1a60d5a7e728b1bfe0
CCTV,2fps_b,x264_crf12,27,0.2058919270833333,0,0.0228515625,0,0.0845741512805241,0,,27,,27,,27,,27,,27,,27,0.92578125,0,0.0,149248,47206,9f5b5a3,True,c536bf62b2b66ea394c71ac8c8dcdc25b353e2611317ce1a60d5a7e728b1bfe0
CCTV,2fps_b,x264_crf45,27,0.265625,0,0.0411184210526315,0,0.1232876712328767,0,,27,,27,,27,,27,,27,,27,0.796875,0,0.0,149248,47206,9f5b5a3,True,c536bf62b2b66ea394c71ac8c8dcdc25b353e2611317ce1a60d5a7e728b1bfe0
CCTV,2fps_b,x264_qp24,27,0.1497395833333333,0,0.0174153645833333,0,0.0591463414634146,0,,27,,27,,27,,27,,27,,27,0.96484375,0,0.0,149248,47206,9f5b5a3,True,c536bf62b2b66ea394c71ac8c8dcdc25b353e2611317ce1a60d5a7e728b1bfe0
CCTV,2fps_b,x264_qp24_bf2_pb1,27,0.1271158854166666,0,0.0108963815789473,0,0.0305010893246187,0,0.20914713541666663,5,0.0,5,0.0,6,,27,,27,,27,0.978515625,0,0.0,149248,47206,9f5b5a3,True,c536bf62b2b66ea394c71ac8c8dcdc25b353e2611317ce1a60d5a7e728b1bfe0
CCTV,primary,nvenc_qp18,27,0.5765442098662207,0,0.0001045150501672,0,0.00390625,0,,27,,27,,27,0.9706802779195762,0,1.7585184571414777e-05,0,0.0278410085799334,0,0.540296052631579,0,0.0,1966080,52827,9f5b5a3,True,c536bf62b2b66ea394c71ac8c8dcdc25b353e2611317ce1a60d5a7e728b1bfe0
CCTV,primary,nvenc_qp23,27,0.6040186036789298,0,7.838628762541806e-05,0,0.0029140359397765,0,,27,,27,,27,0.9779716804381288,0,1.5967972080320177e-05,0,0.0267662724866838,0,0.5259046052631579,0,0.0,1966080,52827,9f5b5a3,True,c536bf62b2b66ea394c71ac8c8dcdc25b353e2611317ce1a60d5a7e728b1bfe0
CCTV,primary,nvenc_qp28,27,0.65789794921875,0,5.225752508361204e-05,0,0.0021067415730337,0,,27,,27,,27,0.984431807875218,0,1.527526625906792e-05,0,0.0269018321898728,0,0.4278371710526316,0,0.0,1966080,52827,9f5b5a3,True,c536bf62b2b66ea394c71ac8c8dcdc25b353e2611317ce1a60d5a7e728b1bfe0
CCTV,primary,nvenc_qp28_bf2_bqeq,27,0.5720369983277592,0,3.919314381270903e-05,0,0.0013736263736263,0,0.5778488005050505,0,5.918560606060606e-05,0,0.0020565552699228,0,0.981324322309218,0,6.027164395089568e-05,0,0.1040416166466586,0,0.5252878289473685,0,0.0,1966080,52827,9f5b5a3,True,c536bf62b2b66ea394c71ac8c8dcdc25b353e2611317ce1a60d5a7e728b1bfe0
CCTV,primary,nvenc_qp45,27,0.8555863294314381,0,0.0004180602006688,0,0.0188797986154814,0,,27,,27,,27,0.9905174355472284,0,4.598962353312263e-05,0,0.0850665167697208,0,0.1116365131578947,0,0.0,1966080,52827,9f5b5a3,True,c536bf62b2b66ea394c71ac8c8dcdc25b353e2611317ce1a60d5a7e728b1bfe0
CCTV,primary,x264_crf12,27,0.6109165969899666,0,0.0002347103004291,0,0.0080183276059564,0,,27,,27,,27,0.9782807754679236,0,2.363259867887386e-05,0,0.0311212354694985,0,0.5074013157894737,0,0.0,1966080,52827,9f5b5a3,True,c536bf62b2b66ea394c71ac8c8dcdc25b353e2611317ce1a60d5a7e728b1bfe0
CCTV,primary,x264_crf45,27,0.7872857441471572,0,0.0011888586956521,0,0.0484126984126984,0,,27,,27,,27,0.9886192949568536,0,9.99486957130779e-05,0,0.2212241755421532,0,0.2294407894736842,0,0.0,1966080,52827,9f5b5a3,True,c536bf62b2b66ea394c71ac8c8dcdc25b353e2611317ce1a60d5a7e728b1bfe0
CCTV,primary,x264_qp24,27,0.5921038879598662,0,7.838628762541806e-05,0,0.0032644178454842,0,,27,,27,,27,0.977956640871584,0,2.084546173394525e-05,0,0.0303507420186928,0,0.5359786184210527,0,0.0,1966080,52827,9f5b5a3,True,c536bf62b2b66ea394c71ac8c8dcdc25b353e2611317ce1a60d5a7e728b1bfe0
CCTV,primary,x264_qp24_bf2_pb1,27,0.5583716555183946,0,6.532190635451505e-05,0,0.0037565740045078,0,0.5743568497474747,0,9.864267676767677e-05,0,0.0037942664418212,0,0.9762516534087178,0,6.520779278995752e-05,0,0.1066202090592334,0,0.5861430921052632,0,0.0,1966080,52827,9f5b5a3,True,c536bf62b2b66ea394c71ac8c8dcdc25b353e2611317ce1a60d5a7e728b1bfe0
CCTV,sq16,nvenc_qp18,27,0.8602722036417688,0,0.0003846257470704,0,0.0677398788651578,0,,27,,27,,27,0.9706802779195762,0,1.7585184571414777e-05,0,0.0278410085799334,0,0.1319005847953216,0,3.255229290755706e-07,27647813,247238,9f5b5a3,True,c536bf62b2b66ea394c71ac8c8dcdc25b353e2611317ce1a60d5a7e728b1bfe0
CCTV,sq16,nvenc_qp23,27,0.870394834633965,0,0.0003307320698625,0,0.055302250330931,0,,27,,27,,27,0.9779716804381288,0,1.5967972080320177e-05,0,0.0267662724866838,0,0.1170175438596491,0,3.255229290755706e-07,27647813,247238,9f5b5a3,True,c536bf62b2b66ea394c71ac8c8dcdc25b353e2611317ce1a60d5a7e728b1bfe0
CCTV,sq16,nvenc_qp28,27,0.893705772673516,0,0.0003195837978446,0,0.0437317784256559,0,,27,,27,,27,0.984431807875218,0,1.527526625906792e-05,0,0.0269018321898728,0,0.0732456140350877,0,3.255229290755706e-07,27647813,247238,9f5b5a3,True,c536bf62b2b66ea394c71ac8c8dcdc25b353e2611317ce1a60d5a7e728b1bfe0
CCTV,sq16,nvenc_qp28_bf2_bqeq,27,0.8832392378591755,0,0.0002536257802708,0,0.0360177318064277,0,0.8864247311827957,0,0.0002581398219957,0,0.037037037037037,0,0.981324322309218,0,6.027164395089568e-05,0,0.1040416166466586,0,0.0911842105263157,0,3.255229290755706e-07,27647813,247238,9f5b5a3,True,c536bf62b2b66ea394c71ac8c8dcdc25b353e2611317ce1a60d5a7e728b1bfe0
CCTV,sq16,nvenc_qp45,27,0.923619401355817,0,0.0005862133036046,0,0.0878269292864062,0,,27,,27,,27,0.9905174355472284,0,4.598962353312263e-05,0,0.0850665167697208,0,0.0176388888888888,0,3.255229290755706e-07,27647813,247238,9f5b5a3,True,c536bf62b2b66ea394c71ac8c8dcdc25b353e2611317ce1a60d5a7e728b1bfe0
CCTV,sq16,x264_crf12,27,0.8753409513192122,0,0.0005146785581568,0,0.0907586858898605,0,,27,,27,,27,0.9782807754679236,0,2.363259867887386e-05,0,0.0311212354694985,0,0.1091666666666666,0,3.255229290755706e-07,27647813,247238,9f5b5a3,True,c536bf62b2b66ea394c71ac8c8dcdc25b353e2611317ce1a60d5a7e728b1bfe0
CCTV,sq16,x264_crf45,27,0.9057782276203328,0,0.0010934606962659,0,0.1539761207479162,0,,27,,27,,27,0.9886192949568536,0,9.99486957130779e-05,0,0.2212241755421532,0,0.0469152046783625,0,3.255229290755706e-07,27647813,247238,9f5b5a3,True,c536bf62b2b66ea394c71ac8c8dcdc25b353e2611317ce1a60d5a7e728b1bfe0
CCTV,sq16,x264_qp24,27,0.8676895206243033,0,0.0003762643177863,0,0.0607268090532355,0,,27,,27,,27,0.977956640871584,0,2.084546173394525e-05,0,0.0303507420186928,0,0.1185964912280701,0,3.255229290755706e-07,27647813,247238,9f5b5a3,True,c536bf62b2b66ea394c71ac8c8dcdc25b353e2611317ce1a60d5a7e728b1bfe0
CCTV,sq16,x264_qp24_bf2_pb1,27,0.8644806763285025,0,0.0002991452991452,0,0.0504434589800443,0,0.8714814814814815,0,0.0003156565656565,0,0.0517770952172005,0,0.9762516534087178,0,6.520779278995752e-05,0,0.1066202090592334,0,0.129078947368421,0,3.255229290755706e-07,27647813,247238,9f5b5a3,True,c536bf62b2b66ea394c71ac8c8dcdc25b353e2611317ce1a60d5a7e728b1bfe0
CCTV,sq32,nvenc_qp18,27,0.7848530188347121,0,0.0002472008143085,0,0.0277450815537245,0,,27,,27,,27,0.9706802779195762,0,1.7585184571414777e-05,0,0.0278410085799334,0,0.2494279176201372,0,0.0,7065594,100013,9f5b5a3,True,c536bf62b2b66ea394c71ac8c8dcdc25b353e2611317ce1a60d5a7e728b1bfe0
CCTV,sq32,nvenc_qp23,27,0.7986367602152101,0,0.0002547554347826,0,0.0239234449760765,0,,27,,27,,27,0.9779716804381288,0,1.5967972080320177e-05,0,0.0267662724866838,0,0.2323798627002288,0,0.0,7065594,100013,9f5b5a3,True,c536bf62b2b66ea394c71ac8c8dcdc25b353e2611317ce1a60d5a7e728b1bfe0
CCTV,sq32,nvenc_qp28,27,0.8347026319616112,0,0.0002690126508652,0,0.0214822771213748,0,,27,,27,,27,0.984431807875218,0,1.527526625906792e-05,0,0.0269018321898728,0,0.1735125858123569,0,0.0,7065594,100013,9f5b5a3,True,c536bf62b2b66ea394c71ac8c8dcdc25b353e2611317ce1a60d5a7e728b1bfe0
CCTV,sq32,nvenc_qp28_bf2_bqeq,27,0.8017885705976443,0,0.0002472008143085,0,0.0177353342428376,0,0.8064997804128239,0,0.0002415458937198,0,0.0184615384615384,0,0.981324322309218,0,6.027164395089568e-05,0,0.1040416166466586,0,0.2047482837528604,0,0.0,7065594,100013,9f5b5a3,True,c536bf62b2b66ea394c71ac8c8dcdc25b353e2611317ce1a60d5a7e728b1bfe0
CCTV,sq32,nvenc_qp45,27,0.9116693325578014,0,0.0007016140759051,0,0.0551975683890577,0,,27,,27,,27,0.9905174355472284,0,4.598962353312263e-05,0,0.0850665167697208,0,0.0413043478260869,0,0.0,7065594,100013,9f5b5a3,True,c536bf62b2b66ea394c71ac8c8dcdc25b353e2611317ce1a60d5a7e728b1bfe0
CCTV,sq32,x264_crf12,27,0.804595026901265,0,0.0003708012214628,0,0.0459418070444104,0,,27,,27,,27,0.9782807754679236,0,2.363259867887386e-05,0,0.0311212354694985,0,0.2308352402745995,0,0.0,7065594,100013,9f5b5a3,True,c536bf62b2b66ea394c71ac8c8dcdc25b353e2611317ce1a60d5a7e728b1bfe0
CCTV,sq32,x264_crf45,27,0.8756652610149774,0,0.0012505452959139,0,0.0987909171335889,0,,27,,27,,27,0.9886192949568536,0,9.99486957130779e-05,0,0.2212241755421532,0,0.0919908466819222,0,0.0,7065594,100013,9f5b5a3,True,c536bf62b2b66ea394c71ac8c8dcdc25b353e2611317ce1a60d5a7e728b1bfe0
CCTV,sq32,x264_qp24,27,0.7918787261887451,0,0.0002726479569579,0,0.025828835774865,0,,27,,27,,27,0.977956640871584,0,2.084546173394525e-05,0,0.0303507420186928,0,0.2418192219679633,0,0.0,7065594,100013,9f5b5a3,True,c536bf62b2b66ea394c71ac8c8dcdc25b353e2611317ce1a60d5a7e728b1bfe0
CCTV,sq32,x264_qp24_bf2_pb1,27,0.779035189762978,0,0.0002207880434782,0,0.0224148236700537,0,0.7893061045234958,0,0.0002314165497896,0,0.0231419670672007,0,0.9762516534087178,0,6.520779278995752e-05,0,0.1066202090592334,0,0.2691075514874141,0,0.0,7065594,100013,9f5b5a3,True,c536bf62b2b66ea394c71ac8c8dcdc25b353e2611317ce1a60d5a7e728b1bfe0
CCTV,sq64,nvenc_qp18,27,0.6099080267558529,0,0.0002147766323024,0,0.0056328694499668,0,,27,,27,,27,0.9706802779195762,0,1.7585184571414777e-05,0,0.0278410085799334,0,0.4971491228070174,0,0.0,1843200,49648,9f5b5a3,True,c536bf62b2b66ea394c71ac8c8dcdc25b353e2611317ce1a60d5a7e728b1bfe0
CCTV,sq64,nvenc_qp23,27,0.6345875139353401,0,0.0001393534002229,0,0.0048239266763145,0,,27,,27,,27,0.9779716804381288,0,1.5967972080320177e-05,0,0.0267662724866838,0,0.4839912280701755,0,0.0,1843200,49648,9f5b5a3,True,c536bf62b2b66ea394c71ac8c8dcdc25b353e2611317ce1a60d5a7e728b1bfe0
CCTV,sq64,nvenc_qp28,27,0.6992838541666667,0,0.0001950947603121,0,0.007371631926792,0,,27,,27,,27,0.984431807875218,0,1.527526625906792e-05,0,0.0269018321898728,0,0.3890350877192982,0,0.0,1843200,49648,9f5b5a3,True,c536bf62b2b66ea394c71ac8c8dcdc25b353e2611317ce1a60d5a7e728b1bfe0
CCTV,sq64,nvenc_qp28_bf2_bqeq,27,0.6084169453734671,0,0.0001518218623481,0,0.005592272496187,0,0.6141835016835017,0,0.0001473063973063,0,0.0059322033898305,0,0.981324322309218,0,6.027164395089568e-05,0,0.1040416166466586,0,0.4844298245614035,0,0.0,1843200,49648,9f5b5a3,True,c536bf62b2b66ea394c71ac8c8dcdc25b353e2611317ce1a60d5a7e728b1bfe0
CCTV,sq64,nvenc_qp45,27,0.8701079622132254,0,0.0007385730211817,0,0.0322459692538432,0,,27,,27,,27,0.9905174355472284,0,4.598962353312263e-05,0,0.0850665167697208,0,0.0973684210526315,0,0.0,1843200,49648,9f5b5a3,True,c536bf62b2b66ea394c71ac8c8dcdc25b353e2611317ce1a60d5a7e728b1bfe0
CCTV,sq64,x264_crf12,27,0.6389632107023412,0,0.0002647714604236,0,0.009647853352629,0,,27,,27,,27,0.9782807754679236,0,2.363259867887386e-05,0,0.0311212354694985,0,0.4730263157894737,0,0.0,1843200,49648,9f5b5a3,True,c536bf62b2b66ea394c71ac8c8dcdc25b353e2611317ce1a60d5a7e728b1bfe0
CCTV,sq64,x264_crf45,27,0.8031901041666667,0,0.0017976588628762,0,0.0631399317406143,0,,27,,27,,27,0.9886192949568536,0,9.99486957130779e-05,0,0.2212241755421532,0,0.1921052631578947,0,0.0,1843200,49648,9f5b5a3,True,c536bf62b2b66ea394c71ac8c8dcdc25b353e2611317ce1a60d5a7e728b1bfe0
CCTV,sq64,x264_qp24,27,0.6244983277591973,0,0.0001811594202898,0,0.0069524913093858,0,,27,,27,,27,0.977956640871584,0,2.084546173394525e-05,0,0.0303507420186928,0,0.4883771929824561,0,0.0,1843200,49648,9f5b5a3,True,c536bf62b2b66ea394c71ac8c8dcdc25b353e2611317ce1a60d5a7e728b1bfe0
CCTV,sq64,x264_qp24_bf2_pb1,27,0.5963907469342252,0,0.0001950947603121,0,0.0063897763578274,0,0.6112373737373737,0,0.0002104377104377,0,0.0072992700729927,0,0.9762516534087178,0,6.520779278995752e-05,0,0.1066202090592334,0,0.5285087719298245,0,0.0,1843200,49648,9f5b5a3,True,c536bf62b2b66ea394c71ac8c8dcdc25b353e2611317ce1a60d5a7e728b1bfe0
CCTV,tau0.25,nvenc_qp18,27,0.2205528846153846,0,0.0,0,0.0,0,,27,,27,,27,0.9500883902658166,0,8.652185733741934e-06,0,0.0122914837576821,0,0.9381167763157896,0,0.0,1966080,52827,9f5b5a3,True,c536bf62b2b66ea394c71ac8c8dcdc25b353e2611317ce1a60d5a7e728b1bfe0
CCTV,tau0.25,nvenc_qp23,27,0.2558136496655518,0,0.0,0,0.0,0,,27,,27,,27,0.9601210716098784,0,6.619748521560463e-06,0,0.0118013912209162,0,0.9105674342105264,0,0.0,1966080,52827,9f5b5a3,True,c536bf62b2b66ea394c71ac8c8dcdc25b353e2611317ce1a60d5a7e728b1bfe0
CCTV,tau0.25,nvenc_qp28,27,0.4167145693979933,0,0.0,0,0.0,0,,27,,27,,27,0.9731911379315412,0,6.420111478454016e-06,0,0.0108659150875509,0,0.7168996710526315,0,0.0,1966080,52827,9f5b5a3,True,c536bf62b2b66ea394c71ac8c8dcdc25b353e2611317ce1a60d5a7e728b1bfe0
CCTV,tau0.25,nvenc_qp28_bf2_bqeq,27,0.2137071488294314,0,0.0,0,0.0,0,0.2096946022727272,0,0.0,0,0.0,0,0.9459054615910424,0,4.8717131033637e-05,0,0.0988395358143257,0,0.875,0,0.0,1966080,52827,9f5b5a3,True,c536bf62b2b66ea394c71ac8c8dcdc25b353e2611317ce1a60d5a7e728b1bfe0
CCTV,tau0.25,nvenc_qp45,27,0.8498641304347826,0,0.0003825708762886,0,0.0169918187539332,0,,27,,27,,27,0.988522511995431,0,4.285355679585698e-05,0,0.0678814320544078,0,0.1376953125,0,0.0,1966080,52827,9f5b5a3,True,c536bf62b2b66ea394c71ac8c8dcdc25b353e2611317ce1a60d5a7e728b1bfe0
CCTV,tau0.25,x264_crf12,27,0.2356553093645484,0,1.306438127090301e-05,0,0.0007936507936507,0,,27,,27,,27,0.9619053691642304,0,1.1787266662927258e-05,0,0.0171518542092392,0,0.9259868421052632,0,0.0,1966080,52827,9f5b5a3,True,c536bf62b2b66ea394c71ac8c8dcdc25b353e2611317ce1a60d5a7e728b1bfe0
CCTV,tau0.25,x264_crf45,27,0.766983695652174,0,0.0009798285953177,0,0.0459153249850924,0,,27,,27,,27,0.986754953043788,0,9.110864412568742e-05,0,0.2035870092098885,0,0.2606907894736842,0,0.0,1966080,52827,9f5b5a3,True,c536bf62b2b66ea394c71ac8c8dcdc25b353e2611317ce1a60d5a7e728b1bfe0
CCTV,tau0.25,x264_qp24,27,0.2604906981605351,0,0.0,0,0.0,0,,27,,27,,27,0.9631851436061626,0,9.580783248192104e-06,0,0.0155106818846941,0,0.9124177631578948,0,0.0,1966080,52827,9f5b5a3,True,c536bf62b2b66ea394c71ac8c8dcdc25b353e2611317ce1a60d5a7e728b1bfe0
CCTV,tau0.25,x264_qp24_bf2_pb1,27,0.126476275083612,0,0.0,0,0.0,0,0.1265782828282828,0,0.0,0,0.0,0,0.9333141167936684,0,5.416403909287261e-05,0,0.0932372949179671,0,0.9537417763157896,0,0.0,1966080,52827,9f5b5a3,True,c536bf62b2b66ea394c71ac8c8dcdc25b353e2611317ce1a60d5a7e728b1bfe0
CCTV,tau1,nvenc_qp18,27,0.7082723662207357,0,0.000391931438127,0,0.0149812734082397,0,,27,,27,,27,0.9772133727180288,0,3.166823492733593e-05,0,0.048716102711783,0,0.33984375,0,0.0,1966080,52827,9f5b5a3,True,c536bf62b2b66ea394c71ac8c8dcdc25b353e2611317ce1a60d5a7e728b1bfe0
CCTV,tau1,nvenc_qp23,27,0.7420437918060201,0,0.0003788670568561,0,0.0143112701252236,0,,27,,27,,27,0.9863589824404546,0,2.7929434802305474e-05,0,0.0466086181372471,0,0.3244243421052631,0,0.0,1966080,52827,9f5b5a3,True,c536bf62b2b66ea394c71ac8c8dcdc25b353e2611317ce1a60d5a7e728b1bfe0
CCTV,tau1,nvenc_qp28,27,0.7899508779264214,0,0.0003004807692307,0,0.0141458106637649,0,,27,,27,,27,0.9895285459161572,0,2.450357897416405e-05,0,0.0427564031136085,0,0.2317023026315789,0,0.0,1966080,52827,9f5b5a3,True,c536bf62b2b66ea394c71ac8c8dcdc25b353e2611317ce1a60d5a7e728b1bfe0
CCTV,tau1,nvenc_qp28_bf2_bqeq,27,0.7534489966555183,0,0.0001045150501672,0,0.0041515308770108,0,0.7569049873737373,0,0.0001380997474747,0,0.0039123630672926,0,0.9868690981848108,0,7.25240723015645e-05,0,0.1120448179271708,0,0.2779605263157895,0,0.0,1966080,52827,9f5b5a3,True,c536bf62b2b66ea394c71ac8c8dcdc25b353e2611317ce1a60d5a7e728b1bfe0
CCTV,tau1,nvenc_qp45,27,0.8811141304347826,0,0.0005033827319587,0,0.0217955371043072,0,,27,,27,,27,0.9915748071776724,0,5.598520782533823e-05,0,0.1005094313644499,0,0.0760690789473684,0,0.0,1966080,52827,9f5b5a3,True,c536bf62b2b66ea394c71ac8c8dcdc25b353e2611317ce1a60d5a7e728b1bfe0
CCTV,tau1,x264_crf12,27,0.7545202759197325,0,0.0005617683946488,0,0.0246277205040091,0,,27,,27,,27,0.9848309422067782,0,3.5477930694820466e-05,0,0.0547156227501799,0,0.2931743421052631,0,0.0,1966080,52827,9f5b5a3,True,c536bf62b2b66ea394c71ac8c8dcdc25b353e2611317ce1a60d5a7e728b1bfe0
CCTV,tau1,x264_crf45,27,0.8554556856187291,0,0.0018028846153846,0,0.0723729993041057,0,,27,,27,,27,0.991295276532167,0,0.0001337805925121,0,0.2486669898206495,0,0.121875,0,0.0,1966080,52827,9f5b5a3,True,c536bf62b2b66ea394c71ac8c8dcdc25b353e2611317ce1a60d5a7e728b1bfe0
CCTV,tau1,x264_qp24,27,0.7469821279264214,0,0.0004311245819397,0,0.0182872435325602,0,,27,,27,,27,0.9846015162321926,0,3.228433627875643e-05,0,0.0535157187425006,0,0.3073601973684211,0,0.0,1966080,52827,9f5b5a3,True,c536bf62b2b66ea394c71ac8c8dcdc25b353e2611317ce1a60d5a7e728b1bfe0
CCTV,tau1,x264_qp24_bf2_pb1,27,0.7374190008361204,0,0.000244140625,0,0.0087139423076923,0,0.749447601010101,0,0.0002564709595959,0,0.0096033402922755,0,0.9830771197035104,0,7.391636174957764e-05,0,0.1317073170731707,0,0.3365542763157895,0,0.0,1966080,52827,9f5b5a3,True,c536bf62b2b66ea394c71ac8c8dcdc25b353e2611317ce1a60d5a7e728b1bfe0
Sintel,primary,mpeg4_q4,23,0.0203847915712322,0,0.0142812791058677,0,0.0153231179213857,0,,23,,23,,23,0.2504675788880627,0,0.160241034856117,0,0.1766810244398303,0,0.994140625,0,0.1055242629209776,227721,188774,9f5b5a3,True,c536bf62b2b66ea394c71ac8c8dcdc25b353e2611317ce1a60d5a7e728b1bfe0
Sintel,primary,nvenc_qp18,23,0.0,0,0.0,0,0.0,0,,23,,23,,23,0.0234597608165831,0,0.0033149667156997,0,0.0046055311005852,0,1.0,0,0.10508040504976707,227834,188905,9f5b5a3,True,c536bf62b2b66ea394c71ac8c8dcdc25b353e2611317ce1a60d5a7e728b1bfe0
Sintel,primary,nvenc_qp23,23,0.0012221950623319,0,8.147967082212988e-05,0,9.002520705797624e-05,0,,23,,23,,23,0.0498646564292304,0,0.0092186273294491,0,0.0214088212673741,0,1.0,0,0.10508040504976707,227834,188905,9f5b5a3,True,c536bf62b2b66ea394c71ac8c8dcdc25b353e2611317ce1a60d5a7e728b1bfe0
Sintel,primary,nvenc_qp28,23,0.0028116213683223,0,0.000797193877551,0,0.0008608815426997,0,,23,,23,,23,0.09152120146874,0,0.0317962067683153,0,0.0380063712681277,0,1.0,0,0.10508040504976707,227834,188905,9f5b5a3,True,c536bf62b2b66ea394c71ac8c8dcdc25b353e2611317ce1a60d5a7e728b1bfe0
Sintel,primary,nvenc_qp28_bf2_bqeq,23,0.0040569865081611,0,0.0005830903790087,0,0.0007747933884297,0,0.0044960116026105,0,0.0004040404040404,0,0.0004793863854266,0,0.089628761624573,0,0.0538883952631348,0,0.068946279032141,0,1.0,0,0.10508040504976707,227834,188905,9f5b5a3,True,c536bf62b2b66ea394c71ac8c8dcdc25b353e2611317ce1a60d5a7e728b1bfe0
Sintel,primary,nvenc_qp33,23,0.0086800641569959,0,0.0046569388388699,0,0.0051561157261529,0,,23,,23,,23,0.1613288430317586,0,0.0730315316478578,0,0.0767058482778595,0,1.0,0,0.10508040504976707,227834,188905,9f5b5a3,True,c536bf62b2b66ea394c71ac8c8dcdc25b353e2611317ce1a60d5a7e728b1bfe0
Sintel,primary,nvenc_qp38,23,0.0178233864434242,0,0.0118781887755102,0,0.0147672879111925,0,,23,,23,,23,0.2437760054677867,0,0.1260094060237604,0,0.1437816202812811,0,0.9973958333333334,0,0.10508040504976707,227834,188905,9f5b5a3,True,c536bf62b2b66ea394c71ac8c8dcdc25b353e2611317ce1a60d5a7e728b1bfe0
Sintel,primary,nvenc_qp45,23,0.0564858785303674,0,0.0381355932203389,0,0.0459693537641572,0,,23,,23,,23,0.4550689531730597,0,0.222854790708521,0,0.3327936205678306,0,0.9895833333333334,0,0.10508040504976707,227834,188905,9f5b5a3,True,c536bf62b2b66ea394c71ac8c8dcdc25b353e2611317ce1a60d5a7e728b1bfe0
Sintel,primary,x264_crf12,23,0.0,0,0.0,0,0.0,0,,23,,23,,23,0.0147401893547401,0,0.0008076552317077,0,0.0020208032332851,0,1.0,0,0.10508040504976707,227834,188905,9f5b5a3,True,c536bf62b2b66ea394c71ac8c8dcdc25b353e2611317ce1a60d5a7e728b1bfe0
Sintel,primary,x264_crf18,23,0.0,0,0.0,0,0.0,0,,23,,23,,23,0.0155770462589788,0,0.0010369251039344,0,0.0023285711497006,0,1.0,0,0.10508040504976707,227834,188905,9f5b5a3,True,c536bf62b2b66ea394c71ac8c8dcdc25b353e2611317ce1a60d5a7e728b1bfe0
Sintel,primary,x264_crf23,23,0.0,0,0.0,0,0.0,0,,23,,23,,23,0.0161825365709362,0,0.0021453456755448,0,0.0054664799213997,0,1.0,0,0.10508040504976707,227834,188905,9f5b5a3,True,c536bf62b2b66ea394c71ac8c8dcdc25b353e2611317ce1a60d5a7e728b1bfe0
Sintel,primary,x264_crf28,23,0.000312402374258,0,0.0,0,0.0,0,,23,,23,,23,0.0234955499785187,0,0.0073658113301103,0,0.0076310607573984,0,1.0,0,0.10508040504976707,227834,188905,9f5b5a3,True,c536bf62b2b66ea394c71ac8c8dcdc25b353e2611317ce1a60d5a7e728b1bfe0
Sintel,primary,x264_crf33,23,0.0017261219792865,0,0.000140924464487,0,0.000155014726399,0,,23,,23,,23,0.0582999027756741,0,0.0210895310279488,0,0.0220977559497374,0,1.0,0,0.10508040504976707,227834,188905,9f5b5a3,True,c536bf62b2b66ea394c71ac8c8dcdc25b353e2611317ce1a60d5a7e728b1bfe0
Sintel,primary,x264_crf38,23,0.0046569388388699,0,0.001303674733154,0,0.0015425606506801,0,,23,,23,,23,0.1436415375489823,0,0.0501455950930423,0,0.0545242286888028,0,1.0,0,0.10508040504976707,227834,188905,9f5b5a3,True,c536bf62b2b66ea394c71ac8c8dcdc25b353e2611317ce1a60d5a7e728b1bfe0
Sintel,primary,x264_crf45,23,0.0235007063053807,0,0.0105320010802052,0,0.0127835794022326,0,,23,,23,,23,0.3402578018284253,0,0.1148702634641224,0,0.1499695517074465,0,1.0,0,0.10508040504976707,227834,188905,9f5b5a3,True,c536bf62b2b66ea394c71ac8c8dcdc25b353e2611317ce1a60d5a7e728b1bfe0
Sintel,primary,x264_qp24,23,0.0001608104848436,0,0.0,0,0.0,0,,23,,23,,23,0.0233596532745839,0,0.005019653787257,0,0.0079692857746702,0,1.0,0,0.10508040504976707,227834,188905,9f5b5a3,True,c536bf62b2b66ea394c71ac8c8dcdc25b353e2611317ce1a60d5a7e728b1bfe0
Sintel,primary,x264_qp24_bf2_pb1,23,0.0011452130096197,0,0.00018539117538,0,0.000250563768479,0,0.0017047391749062,0,0.0,0,0.0,0,0.084355132264579,0,0.0329949662732391,0,0.0514776684735879,0,1.0,0,0.10508040504976707,227834,188905,9f5b5a3,True,c536bf62b2b66ea394c71ac8c8dcdc25b353e2611317ce1a60d5a7e728b1bfe0
Sintel,sq16,mpeg4_q4,23,0.0752778790087463,0,0.0626138848396501,0,0.0708678671324164,0,,23,,23,,23,0.2504675788880627,0,0.160241034856117,0,0.1766810244398303,0,0.9732142857142856,0,0.10170355113329076,1577917,1269148,9f5b5a3,True,c536bf62b2b66ea394c71ac8c8dcdc25b353e2611317ce1a60d5a7e728b1bfe0
Sintel,sq16,nvenc_qp18,23,0.0049607482879572,0,0.0013174012526868,0,0.0015995849725476,0,,23,,23,,23,0.0234597608165831,0,0.0033149667156997,0,0.0046055311005852,0,1.0,0,0.10136083699673112,1578519,1269986,9f5b5a3,True,c536bf62b2b66ea394c71ac8c8dcdc25b353e2611317ce1a60d5a7e728b1bfe0
Sintel,sq16,nvenc_qp23,23,0.0106990992638653,0,0.0045212281341107,0,0.0068020766228352,0,,23,,23,,23,0.0498646564292304,0,0.0092186273294491,0,0.0214088212673741,0,0.999813988095238,0,0.10136083699673112,1578519,1269986,9f5b5a3,True,c536bf62b2b66ea394c71ac8c8dcdc25b353e2611317ce1a60d5a7e728b1bfe0
Sintel,sq16,nvenc_qp28,23,0.020773410035155,0,0.013301749271137,0,0.0144763588157313,0,,23,,23,,23,0.09152120146874,0,0.0317962067683153,0,0.0380063712681277,0,0.9986979166666666,0,0.10136083699673112,1578519,1269986,9f5b5a3,True,c536bf62b2b66ea394c71ac8c8dcdc25b353e2611317ce1a60d5a7e728b1bfe0
Sintel,sq16,nvenc_qp28_bf2_bqeq,23,0.020642423073213,0,0.010158878193385,0,0.0126360126360126,0,0.0228862478777589,0,0.0086738187628395,0,0.0123088285072468,0,0.089628761624573,0,0.0538883952631348,0,0.068946279032141,0,0.9996279761904764,0,0.10136083699673112,1578519,1269986,9f5b5a3,True,c536bf62b2b66ea394c71ac8c8dcdc25b353e2611317ce1a60d5a7e728b1bfe0
Sintel,sq16,nvenc_qp33,23,0.0381682874492078,0,0.0278811262688898,0,0.0348937820742332,0,,23,,23,,23,0.1613288430317586,0,0.0730315316478578,0,0.0767058482778595,0,0.9942336309523808,0,0.10136083699673112,1578519,1269986,9f5b5a3,True,c536bf62b2b66ea394c71ac8c8dcdc25b353e2611317ce1a60d5a7e728b1bfe0
Sintel,sq16,nvenc_qp38,23,0.0691628934425229,0,0.0505720823798627,0,0.0631681008362622,0,,23,,23,,23,0.2437760054677867,0,0.1260094060237604,0,0.1437816202812811,0,0.9840029761904764,0,0.10136083699673112,1578519,1269986,9f5b5a3,True,c536bf62b2b66ea394c71ac8c8dcdc25b353e2611317ce1a60d5a7e728b1bfe0
Sintel,sq16,nvenc_qp45,23,0.1774781341107871,0,0.1272428434461032,0,0.1363970048451035,0,,23,,23,,23,0.4550689531730597,0,0.222854790708521,0,0.3327936205678306,0,0.9280133928571428,0,0.10136083699673112,1578519,1269986,9f5b5a3,True,c536bf62b2b66ea394c71ac8c8dcdc25b353e2611317ce1a60d5a7e728b1bfe0
Sintel,sq16,x264_crf12,23,0.0011524970770001,0,0.0003644314868804,0,0.0004845595746352,0,,23,,23,,23,0.0147401893547401,0,0.0008076552317077,0,0.0020208032332851,0,1.0,0,0.10136083699673112,1578519,1269986,9f5b5a3,True,c536bf62b2b66ea394c71ac8c8dcdc25b353e2611317ce1a60d5a7e728b1bfe0
Sintel,sq16,x264_crf18,23,0.0018563228862973,0,0.0004685196158139,0,0.0005072204320324,0,,23,,23,,23,0.0155770462589788,0,0.0010369251039344,0,0.0023285711497006,0,1.0,0,0.10136083699673112,1578519,1269986,9f5b5a3,True,c536bf62b2b66ea394c71ac8c8dcdc25b353e2611317ce1a60d5a7e728b1bfe0
Sintel,sq16,x264_crf23,23,0.0018746285034977,0,0.001067887109077,0,0.0012245897624295,0,,23,,23,,23,0.0161825365709362,0,0.0021453456755448,0,0.0054664799213997,0,1.0,0,0.10136083699673112,1578519,1269986,9f5b5a3,True,c536bf62b2b66ea394c71ac8c8dcdc25b353e2611317ce1a60d5a7e728b1bfe0
Sintel,sq16,x264_crf28,23,0.0049273425755804,0,0.0017103103982249,0,0.0021410436166584,0,,23,,23,,23,0.0234955499785187,0,0.0073658113301103,0,0.0076310607573984,0,1.0,0,0.10136083699673112,1578519,1269986,9f5b5a3,True,c536bf62b2b66ea394c71ac8c8dcdc25b353e2611317ce1a60d5a7e728b1bfe0
Sintel,sq16,x264_crf33,23,0.0090672325648692,0,0.0041634710200504,0,0.0061644436644436,0,,23,,23,,23,0.0582999027756741,0,0.0210895310279488,0,0.0220977559497374,0,1.0,0,0.10136083699673112,1578519,1269986,9f5b5a3,True,c536bf62b2b66ea394c71ac8c8dcdc25b353e2611317ce1a60d5a7e728b1bfe0
Sintel,sq16,x264_crf38,23,0.0282612326707867,0,0.0113272311212814,0,0.0132347594231002,0,,23,,23,,23,0.1436415375489823,0,0.0501455950930423,0,0.0545242286888028,0,0.999813988095238,0,0.10136083699673112,1578519,1269986,9f5b5a3,True,c536bf62b2b66ea394c71ac8c8dcdc25b353e2611317ce1a60d5a7e728b1bfe0
Sintel,sq16,x264_crf45,23,0.0749607391987144,0,0.0373554021306753,0,0.0445036965216337,0,,23,,23,,23,0.3402578018284253,0,0.1148702634641224,0,0.1499695517074465,0,0.9936755952380952,0,0.10136083699673112,1578519,1269986,9f5b5a3,True,c536bf62b2b66ea394c71ac8c8dcdc25b353e2611317ce1a60d5a7e728b1bfe0
Sintel,sq16,x264_qp24,23,0.0035243026557541,0,0.0017086298009446,0,0.0020818187826316,0,,23,,23,,23,0.0233596532745839,0,0.005019653787257,0,0.0079692857746702,0,1.0,0,0.10136083699673112,1578519,1269986,9f5b5a3,True,c536bf62b2b66ea394c71ac8c8dcdc25b353e2611317ce1a60d5a7e728b1bfe0
Sintel,sq16,x264_qp24_bf2_pb1,23,0.0098616627859197,0,0.0039671588243411,0,0.0060451797645561,0,0.0141256366723259,0,0.0032911547660418,0,0.0047924316922885,0,0.084355132264579,0,0.0329949662732391,0,0.0514776684735879,0,1.0,0,0.10136083699673112,1578519,1269986,9f5b5a3,True,c536bf62b2b66ea394c71ac8c8dcdc25b353e2611317ce1a60d5a7e728b1bfe0
Sintel,sq32,mpeg4_q4,23,0.0354675264854905,0,0.0305621758026076,0,0.0357897432614123,0,,23,,23,,23,0.2504675788880627,0,0.160241034856117,0,0.1766810244398303,0,0.9873511904761906,0,0.10460433245414733,396851,324399,9f5b5a3,True,c536bf62b2b66ea394c71ac8c8dcdc25b353e2611317ce1a60d5a7e728b1bfe0
Sintel,sq32,nvenc_qp18,23,0.0006493506493506,0,4.797313504437515e-05,0,8.726764988218868e-05,0,,23,,23,,23,0.0234597608165831,0,0.0033149667156997,0,0.0046055311005852,0,1.0,0,0.1040741133495633,397086,324707,9f5b5a3,True,c536bf62b2b66ea394c71ac8c8dcdc25b353e2611317ce1a60d5a7e728b1bfe0
Sintel,sq32,nvenc_qp23,23,0.002985770935386,0,0.0004606172270842,0,0.0005236058992931,0,,23,,23,,23,0.0498646564292304,0,0.0092186273294491,0,0.0214088212673741,0,1.0,0,0.1040741133495633,397086,324707,9f5b5a3,True,c536bf62b2b66ea394c71ac8c8dcdc25b353e2611317ce1a60d5a7e728b1bfe0
Sintel,sq32,nvenc_qp28,23,0.0074100849448761,0,0.0032875550135213,0,0.0039771141501535,0,,23,,23,,23,0.09152120146874,0,0.0317962067683153,0,0.0380063712681277,0,1.0,0,0.1040741133495633,397086,324707,9f5b5a3,True,c536bf62b2b66ea394c71ac8c8dcdc25b353e2611317ce1a60d5a7e728b1bfe0
Sintel,sq32,nvenc_qp28_bf2_bqeq,23,0.0086580086580086,0,0.0027315914489311,0,0.003349148758024,0,0.0092269326683291,0,0.0024336124830005,0,0.0036667812535808,0,0.089628761624573,0,0.0538883952631348,0,0.068946279032141,0,1.0,0,0.1040741133495633,397086,324707,9f5b5a3,True,c536bf62b2b66ea394c71ac8c8dcdc25b353e2611317ce1a60d5a7e728b1bfe0
Sintel,sq32,nvenc_qp33,23,0.0164502164502164,0,0.0112232779097387,0,0.0127717586281122,0,,23,,23,,23,0.1613288430317586,0,0.0730315316478578,0,0.0767058482778595,0,0.9992559523809524,0,0.1040741133495633,397086,324707,9f5b5a3,True,c536bf62b2b66ea394c71ac8c8dcdc25b353e2611317ce1a60d5a7e728b1bfe0
Sintel,sq32,nvenc_qp38,23,0.0328911502816645,0,0.025595238095238,0,0.0310739286324056,0,,23,,23,,23,0.2437760054677867,0,0.1260094060237604,0,0.1437816202812811,0,0.9940476190476192,0,0.1040741133495633,397086,324707,9f5b5a3,True,c536bf62b2b66ea394c71ac8c8dcdc25b353e2611317ce1a60d5a7e728b1bfe0
Sintel,sq32,nvenc_qp45,23,0.0993206391732848,0,0.0713956701980654,0,0.0784536172440876,0,,23,,23,,23,0.4550689531730597,0,0.222854790708521,0,0.3327936205678306,0,0.9635416666666666,0,0.1040741133495633,397086,324707,9f5b5a3,True,c536bf62b2b66ea394c71ac8c8dcdc25b353e2611317ce1a60d5a7e728b1bfe0
Sintel,sq32,x264_crf12,23,6.647168306301516e-05,0,0.0,0,0.0,0,,23,,23,,23,0.0147401893547401,0,0.0008076552317077,0,0.0020208032332851,0,1.0,0,0.1040741133495633,397086,324707,9f5b5a3,True,c536bf62b2b66ea394c71ac8c8dcdc25b353e2611317ce1a60d5a7e728b1bfe0
Sintel,sq32,x264_crf18,23,0.0001822157434402,0,0.0,0,0.0,0,,23,,23,,23,0.0155770462589788,0,0.0010369251039344,0,0.0023285711497006,0,1.0,0,0.1040741133495633,397086,324707,9f5b5a3,True,c536bf62b2b66ea394c71ac8c8dcdc25b353e2611317ce1a60d5a7e728b1bfe0
Sintel,sq32,x264_crf23,23,0.0003188775510204,0,4.797313504437515e-05,0,6.977393245883338e-05,0,,23,,23,,23,0.0161825365709362,0,0.0021453456755448,0,0.0054664799213997,0,1.0,0,0.1040741133495633,397086,324707,9f5b5a3,True,c536bf62b2b66ea394c71ac8c8dcdc25b353e2611317ce1a60d5a7e728b1bfe0
Sintel,sq32,x264_crf28,23,0.0010688836104513,0,0.000301704631166,0,0.0003414717432132,0,,23,,23,,23,0.0234955499785187,0,0.0073658113301103,0,0.0076310607573984,0,1.0,0,0.1040741133495633,397086,324707,9f5b5a3,True,c536bf62b2b66ea394c71ac8c8dcdc25b353e2611317ce1a60d5a7e728b1bfe0
Sintel,sq32,x264_crf33,23,0.0035229992023398,0,0.0011485765854458,0,0.0012915261534046,0,,23,,23,,23,0.0582999027756741,0,0.0210895310279488,0,0.0220977559497374,0,1.0,0,0.1040741133495633,397086,324707,9f5b5a3,True,c536bf62b2b66ea394c71ac8c8dcdc25b353e2611317ce1a60d5a7e728b1bfe0
Sintel,sq32,x264_crf38,23,0.0134472106123932,0,0.0045995670995671,0,0.0063494278537538,0,,23,,23,,23,0.1436415375489823,0,0.0501455950930423,0,0.0545242286888028,0,1.0,0,0.1040741133495633,397086,324707,9f5b5a3,True,c536bf62b2b66ea394c71ac8c8dcdc25b353e2611317ce1a60d5a7e728b1bfe0
Sintel,sq32,x264_crf45,23,0.0504736388862309,0,0.0194541637508747,0,0.0303909851459791,0,,23,,23,,23,0.3402578018284253,0,0.1148702634641224,0,0.1499695517074465,0,0.9992559523809524,0,0.1040741133495633,397086,324707,9f5b5a3,True,c536bf62b2b66ea394c71ac8c8dcdc25b353e2611317ce1a60d5a7e728b1bfe0
Sintel,sq32,x264_qp24,23,0.0009306035628822,0,0.0001817190623296,0,0.0002618029496465,0,,23,,23,,23,0.0233596532745839,0,0.005019653787257,0,0.0079692857746702,0,1.0,0,0.1040741133495633,397086,324707,9f5b5a3,True,c536bf62b2b66ea394c71ac8c8dcdc25b353e2611317ce1a60d5a7e728b1bfe0
Sintel,sq32,x264_qp24_bf2_pb1,23,0.0030927156675659,0,0.00153514032142,0,0.0019207375632242,0,0.0043133026173904,0,0.0008076358296622,0,0.0013540128015755,0,0.084355132264579,0,0.0329949662732391,0,0.0514776684735879,0,1.0,0,0.1040741133495633,397086,324707,9f5b5a3,True,c536bf62b2b66ea394c71ac8c8dcdc25b353e2611317ce1a60d5a7e728b1bfe0
Sintel,sq64,mpeg4_q4,23,0.0155038759689922,0,0.0113314447592068,0,0.0121488230827638,0,,23,,23,,23,0.2504675788880627,0,0.160241034856117,0,0.1766810244398303,0,1.0,0,0.10625251037622171,100131,83923,9f5b5a3,True,c536bf62b2b66ea394c71ac8c8dcdc25b353e2611317ce1a60d5a7e728b1bfe0
Sintel,sq64,nvenc_qp18,23,0.0,0,0.0,0,0.0,0,,23,,23,,23,0.0234597608165831,0,0.0033149667156997,0,0.0046055311005852,0,1.0,0,0.10505645557191949,100265,84080,9f5b5a3,True,c536bf62b2b66ea394c71ac8c8dcdc25b353e2611317ce1a60d5a7e728b1bfe0
Sintel,sq64,nvenc_qp23,23,0.0005202913631633,0,0.0,0,0.0,0,,23,,23,,23,0.0498646564292304,0,0.0092186273294491,0,0.0214088212673741,0,1.0,0,0.10505645557191949,100265,84080,9f5b5a3,True,c536bf62b2b66ea394c71ac8c8dcdc25b353e2611317ce1a60d5a7e728b1bfe0
Sintel,sq64,nvenc_qp28,23,0.0016709988860007,0,0.0001999600079984,0,0.000392618767177,0,,23,,23,,23,0.09152120146874,0,0.0317962067683153,0,0.0380063712681277,0,1.0,0,0.10505645557191949,100265,84080,9f5b5a3,True,c536bf62b2b66ea394c71ac8c8dcdc25b353e2611317ce1a60d5a7e728b1bfe0
Sintel,sq64,nvenc_qp28_bf2_bqeq,23,0.0012809564474807,0,0.0,0,0.0,0,0.0019646365422396,0,0.0,0,0.0,0,0.089628761624573,0,0.0538883952631348,0,0.068946279032141,0,1.0,0,0.10505645557191949,100265,84080,9f5b5a3,True,c536bf62b2b66ea394c71ac8c8dcdc25b353e2611317ce1a60d5a7e728b1bfe0
Sintel,sq64,nvenc_qp33,23,0.0054086538461538,0,0.0028226841159866,0,0.0029891304347826,0,,23,,23,,23,0.1613288430317586,0,0.0730315316478578,0,0.0767058482778595,0,1.0,0,0.10505645557191949,100265,84080,9f5b5a3,True,c536bf62b2b66ea394c71ac8c8dcdc25b353e2611317ce1a60d5a7e728b1bfe0
Sintel,sq64,nvenc_qp38,23,0.0123255813953488,0,0.0087246599948678,0,0.0092391304347826,0,,23,,23,,23,0.2437760054677867,0,0.1260094060237604,0,0.1437816202812811,0,1.0,0,0.10505645557191949,100265,84080,9f5b5a3,True,c536bf62b2b66ea394c71ac8c8dcdc25b353e2611317ce1a60d5a7e728b1bfe0
Sintel,sq64,nvenc_qp45,23,0.0374418604651162,0,0.027200410572235,0,0.0288043478260869,0,,23,,23,,23,0.4550689531730597,0,0.222854790708521,0,0.3327936205678306,0,0.9940476190476192,0,0.10505645557191949,100265,84080,9f5b5a3,True,c536bf62b2b66ea394c71ac8c8dcdc25b353e2611317ce1a60d5a7e728b1bfe0
Sintel,sq64,x264_crf12,23,0.0,0,0.0,0,0.0,0,,23,,23,,23,0.0147401893547401,0,0.0008076552317077,0,0.0020208032332851,0,1.0,0,0.10505645557191949,100265,84080,9f5b5a3,True,c536bf62b2b66ea394c71ac8c8dcdc25b353e2611317ce1a60d5a7e728b1bfe0
Sintel,sq64,x264_crf18,23,0.0,0,0.0,0,0.0,0,,23,,23,,23,0.0155770462589788,0,0.0010369251039344,0,0.0023285711497006,0,1.0,0,0.10505645557191949,100265,84080,9f5b5a3,True,c536bf62b2b66ea394c71ac8c8dcdc25b353e2611317ce1a60d5a7e728b1bfe0
Sintel,sq64,x264_crf23,23,0.0,0,0.0,0,0.0,0,,23,,23,,23,0.0161825365709362,0,0.0021453456755448,0,0.0054664799213997,0,1.0,0,0.10505645557191949,100265,84080,9f5b5a3,True,c536bf62b2b66ea394c71ac8c8dcdc25b353e2611317ce1a60d5a7e728b1bfe0
Sintel,sq64,x264_crf28,23,0.0,0,0.0,0,0.0,0,,23,,23,,23,0.0234955499785187,0,0.0073658113301103,0,0.0076310607573984,0,1.0,0,0.10505645557191949,100265,84080,9f5b5a3,True,c536bf62b2b66ea394c71ac8c8dcdc25b353e2611317ce1a60d5a7e728b1bfe0
Sintel,sq64,x264_crf33,23,0.001201923076923,0,0.0,0,0.0,0,,23,,23,,23,0.0582999027756741,0,0.0210895310279488,0,0.0220977559497374,0,1.0,0,0.10505645557191949,100265,84080,9f5b5a3,True,c536bf62b2b66ea394c71ac8c8dcdc25b353e2611317ce1a60d5a7e728b1bfe0
Sintel,sq64,x264_crf38,23,0.0021246458923512,0,0.0007998400319936,0,0.0010233319688907,0,,23,,23,,23,0.1436415375489823,0,0.0501455950930423,0,0.0545242286888028,0,1.0,0,0.10505645557191949,100265,84080,9f5b5a3,True,c536bf62b2b66ea394c71ac8c8dcdc25b353e2611317ce1a60d5a7e728b1bfe0
Sintel,sq64,x264_crf45,23,0.0169971671388102,0,0.0092833271444485,0,0.010233319688907,0,,23,,23,,23,0.3402578018284253,0,0.1148702634641224,0,0.1499695517074465,0,1.0,0,0.10505645557191949,100265,84080,9f5b5a3,True,c536bf62b2b66ea394c71ac8c8dcdc25b353e2611317ce1a60d5a7e728b1bfe0
Sintel,sq64,x264_qp24,23,0.0,0,0.0,0,0.0,0,,23,,23,,23,0.0233596532745839,0,0.005019653787257,0,0.0079692857746702,0,1.0,0,0.10505645557191949,100265,84080,9f5b5a3,True,c536bf62b2b66ea394c71ac8c8dcdc25b353e2611317ce1a60d5a7e728b1bfe0
Sintel,sq64,x264_qp24_bf2_pb1,23,0.000780437044745,0,0.0001858736059479,0,0.0002075550020755,0,0.001201923076923,0,0.0,0,0.0,0,0.084355132264579,0,0.0329949662732391,0,0.0514776684735879,0,1.0,0,0.10505645557191949,100265,84080,9f5b5a3,True,c536bf62b2b66ea394c71ac8c8dcdc25b353e2611317ce1a60d5a7e728b1bfe0
Sintel,tau0.25,mpeg4_q4,23,0.0203847915712322,0,0.0142812791058677,0,0.0153231179213857,0,,23,,23,,23,0.2504675788880627,0,0.160241034856117,0,0.1766810244398303,0,0.994140625,0,0.1055242629209776,227721,188774,9f5b5a3,True,c536bf62b2b66ea394c71ac8c8dcdc25b353e2611317ce1a60d5a7e728b1bfe0
Sintel,tau0.25,nvenc_qp18,23,0.0,0,0.0,0,0.0,0,,23,,23,,23,0.018042176190746,0,0.0025789723004811,0,0.0041880298964336,0,1.0,0,0.10508040504976707,227834,188905,9f5b5a3,True,c536bf62b2b66ea394c71ac8c8dcdc25b353e2611317ce1a60d5a7e728b1bfe0
Sintel,tau0.25,nvenc_qp23,23,0.0003773940937824,0,8.147967082212988e-05,0,9.002520705797624e-05,0,,23,,23,,23,0.046239060804048,0,0.0091169786372463,0,0.0209366436626136,0,1.0,0,0.10508040504976707,227834,188905,9f5b5a3,True,c536bf62b2b66ea394c71ac8c8dcdc25b353e2611317ce1a60d5a7e728b1bfe0
Sintel,tau0.25,nvenc_qp28,23,0.0028116213683223,0,0.000797193877551,0,0.0008608815426997,0,,23,,23,,23,0.0716967940221112,0,0.0313846535267137,0,0.0377646832446059,0,1.0,0,0.10508040504976707,227834,188905,9f5b5a3,True,c536bf62b2b66ea394c71ac8c8dcdc25b353e2611317ce1a60d5a7e728b1bfe0
Sintel,tau0.25,nvenc_qp28_bf2_bqeq,23,0.0024837007140639,0,0.0002700513097488,0,0.0005873140172278,0,0.0018752130923968,0,0.0004040404040404,0,0.0004793863854266,0,0.079023585544258,0,0.0521506707645696,0,0.0665076960314116,0,1.0,0,0.10508040504976707,227834,188905,9f5b5a3,True,c536bf62b2b66ea394c71ac8c8dcdc25b353e2611317ce1a60d5a7e728b1bfe0
Sintel,tau0.25,nvenc_qp33,23,0.0086800641569959,0,0.0046569388388699,0,0.0050128902893153,0,,23,,23,,23,0.1251496657101656,0,0.0719868154467746,0,0.0760957770251993,0,1.0,0,0.10508040504976707,227834,188905,9f5b5a3,True,c536bf62b2b66ea394c71ac8c8dcdc25b353e2611317ce1a60d5a7e728b1bfe0
Sintel,tau0.25,nvenc_qp38,23,0.0178233864434242,0,0.0118781887755102,0,0.0147672879111925,0,,23,,23,,23,0.2435427932816418,0,0.1255757825233017,0,0.1429186721366196,0,0.9973958333333334,0,0.10508040504976707,227834,188905,9f5b5a3,True,c536bf62b2b66ea394c71ac8c8dcdc25b353e2611317ce1a60d5a7e728b1bfe0
Sintel,tau0.25,nvenc_qp45,23,0.0541531283845705,0,0.0381355932203389,0,0.0459693537641572,0,,23,,23,,23,0.4547118514667996,0,0.2214790520706901,0,0.3324785228875497,0,0.9895833333333334,0,0.10508040504976707,227834,188905,9f5b5a3,True,c536bf62b2b66ea394c71ac8c8dcdc25b353e2611317ce1a60d5a7e728b1bfe0
Sintel,tau0.25,x264_crf12,23,0.0,0,0.0,0,0.0,0,,23,,23,,23,0.0041163821477158,0,0.000451095917433,0,0.0012233132267489,0,1.0,0,0.10508040504976707,227834,188905,9f5b5a3,True,c536bf62b2b66ea394c71ac8c8dcdc25b353e2611317ce1a60d5a7e728b1bfe0
Sintel,tau0.25,x264_crf18,23,0.0,0,0.0,0,0.0,0,,23,,23,,23,0.005121065782688,0,0.0005545651130159,0,0.0012960042471464,0,1.0,0,0.10508040504976707,227834,188905,9f5b5a3,True,c536bf62b2b66ea394c71ac8c8dcdc25b353e2611317ce1a60d5a7e728b1bfe0
Sintel,tau0.25,x264_crf23,23,0.0,0,0.0,0,0.0,0,,23,,23,,23,0.0113867607662136,0,0.0015682570006447,0,0.0043700482889813,0,1.0,0,0.10508040504976707,227834,188905,9f5b5a3,True,c536bf62b2b66ea394c71ac8c8dcdc25b353e2611317ce1a60d5a7e728b1bfe0
Sintel,tau0.25,x264_crf28,23,0.0002391581632653,0,0.0,0,0.0,0,,23,,23,,23,0.0198949962398042,0,0.0069906202223048,0,0.0071934567363697,0,1.0,0,0.10508040504976707,227834,188905,9f5b5a3,True,c536bf62b2b66ea394c71ac8c8dcdc25b353e2611317ce1a60d5a7e728b1bfe0
Sintel,tau0.25,x264_crf33,23,0.0016203078584931,0,8.331250520703157e-05,0,0.0001016260162601,0,,23,,23,,23,0.053688305072842,0,0.0196843601186766,0,0.0206254081872567,0,1.0,0,0.10508040504976707,227834,188905,9f5b5a3,True,c536bf62b2b66ea394c71ac8c8dcdc25b353e2611317ce1a60d5a7e728b1bfe0
Sintel,tau0.25,x264_crf38,23,0.0046569388388699,0,0.001303674733154,0,0.0014404033129276,0,,23,,23,,23,0.1358026376038985,0,0.0487690738962592,0,0.0530275118507809,0,1.0,0,0.10508040504976707,227834,188905,9f5b5a3,True,c536bf62b2b66ea394c71ac8c8dcdc25b353e2611317ce1a60d5a7e728b1bfe0
Sintel,tau0.25,x264_crf45,23,0.0235007063053807,0,0.0105320010802052,0,0.0127835794022326,0,,23,,23,,23,0.3188673473846736,0,0.1126078855335369,0,0.1489936448948362,0,1.0,0,0.10508040504976707,227834,188905,9f5b5a3,True,c536bf62b2b66ea394c71ac8c8dcdc25b353e2611317ce1a60d5a7e728b1bfe0
Sintel,tau0.25,x264_qp24,23,0.0001608104848436,0,0.0,0,0.0,0,,23,,23,,23,0.017747006158822,0,0.0043934064600226,0,0.0058784181516562,0,1.0,0,0.10508040504976707,227834,188905,9f5b5a3,True,c536bf62b2b66ea394c71ac8c8dcdc25b353e2611317ce1a60d5a7e728b1bfe0
Sintel,tau0.25,x264_qp24_bf2_pb1,23,0.0011452130096197,0,0.0001623508401655,0,0.0001823154056517,0,0.0007949125596184,0,0.0,0,0.0,0,0.0816362794814364,0,0.0318427454007836,0,0.0476254879600836,0,1.0,0,0.10508040504976707,227834,188905,9f5b5a3,True,c536bf62b2b66ea394c71ac8c8dcdc25b353e2611317ce1a60d5a7e728b1bfe0
Sintel,tau1,mpeg4_q4,23,0.0254304846938775,0,0.0206473214285714,0,0.0224514563106796,0,,23,,23,,23,0.2803608782785506,0,0.1610519899624515,0,0.1832812013517888,0,0.9934895833333334,0,0.1055242629209776,227721,188774,9f5b5a3,True,c536bf62b2b66ea394c71ac8c8dcdc25b353e2611317ce1a60d5a7e728b1bfe0
Sintel,tau1,nvenc_qp18,23,0.0015620118712902,0,0.0003993929227574,0,0.0005872680291284,0,,23,,23,,23,0.0592084668158745,0,0.004239259488088,0,0.0063266774900831,0,1.0,0,0.10508040504976707,227834,188905,9f5b5a3,True,c536bf62b2b66ea394c71ac8c8dcdc25b353e2611317ce1a60d5a7e728b1bfe0
Sintel,tau1,nvenc_qp23,23,0.0025316455696202,0,0.0014457831325301,0,0.0015853443720274,0,,23,,23,,23,0.0914044049642791,0,0.0097260443783314,0,0.0248790173757234,0,1.0,0,0.10508040504976707,227834,188905,9f5b5a3,True,c536bf62b2b66ea394c71ac8c8dcdc25b353e2611317ce1a60d5a7e728b1bfe0
Sintel,tau1,nvenc_qp28,23,0.0084502551020408,0,0.0026655560183256,0,0.0034626744067623,0,,23,,23,,23,0.1210937128275476,0,0.0327697202594934,0,0.0403489056563386,0,1.0,0,0.10508040504976707,227834,188905,9f5b5a3,True,c536bf62b2b66ea394c71ac8c8dcdc25b353e2611317ce1a60d5a7e728b1bfe0
Sintel,tau1,nvenc_qp28_bf2_bqeq,23,0.0040612308653545,0,0.0009864712514092,0,0.0013349514563106,0,0.006223073240785,0,0.0010231487402481,0,0.001233045622688,0,0.0931247348634455,0,0.0549138420753645,0,0.0702238885076517,0,1.0,0,0.10508040504976707,227834,188905,9f5b5a3,True,c536bf62b2b66ea394c71ac8c8dcdc25b353e2611317ce1a60d5a7e728b1bfe0
Sintel,tau1,nvenc_qp33,23,0.0112464854732895,0,0.0060147257077672,0,0.0093695895712394,0,,23,,23,,23,0.1719218560290224,0,0.0757157088536372,0,0.0786609060848157,0,1.0,0,0.10508040504976707,227834,188905,9f5b5a3,True,c536bf62b2b66ea394c71ac8c8dcdc25b353e2611317ce1a60d5a7e728b1bfe0
Sintel,tau1,nvenc_qp38,23,0.0237920638800619,0,0.0139708165166097,0,0.0181390661740006,0,,23,,23,,23,0.2509408702119747,0,0.1268458683948278,0,0.1445953450023611,0,0.9973958333333334,0,0.10508040504976707,227834,188905,9f5b5a3,True,c536bf62b2b66ea394c71ac8c8dcdc25b353e2611317ce1a60d5a7e728b1bfe0
Sintel,tau1,nvenc_qp45,23,0.0627928772258669,0,0.0381355932203389,0,0.0459693537641572,0,,23,,23,,23,0.4757480973194475,0,0.2289313609717504,0,0.3350006683890187,0,0.9895833333333334,0,0.10508040504976707,227834,188905,9f5b5a3,True,c536bf62b2b66ea394c71ac8c8dcdc25b353e2611317ce1a60d5a7e728b1bfe0
Sintel,tau1,x264_crf12,23,0.000409399819864,0,0.0,0,0.0,0,,23,,23,,23,0.0528644347695541,0,0.001477599663539,0,0.0036342769701606,0,1.0,0,0.10508040504976707,227834,188905,9f5b5a3,True,c536bf62b2b66ea394c71ac8c8dcdc25b353e2611317ce1a60d5a7e728b1bfe0
Sintel,tau1,x264_crf18,23,0.000409399819864,0,0.0,0,0.0,0,,23,,23,,23,0.0540384326677676,0,0.001907108482613,0,0.0044170830110583,0,1.0,0,0.10508040504976707,227834,188905,9f5b5a3,True,c536bf62b2b66ea394c71ac8c8dcdc25b353e2611317ce1a60d5a7e728b1bfe0
Sintel,tau1,x264_crf23,23,0.0009006796037009,0,0.0,0,0.0,0,,23,,23,,23,0.054542110794175,0,0.0034338374044863,0,0.0088675252749549,0,1.0,0,0.10508040504976707,227834,188905,9f5b5a3,True,c536bf62b2b66ea394c71ac8c8dcdc25b353e2611317ce1a60d5a7e728b1bfe0
Sintel,tau1,x264_crf28,23,0.0015146683673469,0,0.0003452243958573,0,0.0003761755485893,0,,23,,23,,23,0.05759446772681,0,0.0082819449905051,0,0.0142918295710738,0,1.0,0,0.10508040504976707,227834,188905,9f5b5a3,True,c536bf62b2b66ea394c71ac8c8dcdc25b353e2611317ce1a60d5a7e728b1bfe0
Sintel,tau1,x264_crf33,23,0.0037790463938248,0,0.0019132653061224,0,0.0021377037498886,0,,23,,23,,23,0.0762964276348725,0,0.0245879977062504,0,0.0268822529190619,0,1.0,0,0.10508040504976707,227834,188905,9f5b5a3,True,c536bf62b2b66ea394c71ac8c8dcdc25b353e2611317ce1a60d5a7e728b1bfe0
Sintel,tau1,x264_crf38,23,0.0116225546605293,0,0.002641758656477,0,0.0034374104841019,0,,23,,23,,23,0.1537032821883173,0,0.0584540234877243,0,0.0635581358344983,0,1.0,0,0.10508040504976707,227834,188905,9f5b5a3,True,c536bf62b2b66ea394c71ac8c8dcdc25b353e2611317ce1a60d5a7e728b1bfe0
Sintel,tau1,x264_crf45,23,0.0291697221543224,0,0.0154020752269779,0,0.0183943089430894,0,,23,,23,,23,0.376137162237638,0,0.131342605860525,0,0.1610402385896975,0,0.9986979166666666,0,0.10508040504976707,227834,188905,9f5b5a3,True,c536bf62b2b66ea394c71ac8c8dcdc25b353e2611317ce1a60d5a7e728b1bfe0
Sintel,tau1,x264_qp24,23,0.0008166598611678,0,0.0003773940937824,0,0.0004073734596191,0,,23,,23,,23,0.0568438144556106,0,0.0054990144520643,0,0.0115293513312976,0,1.0,0,0.10508040504976707,227834,188905,9f5b5a3,True,c536bf62b2b66ea394c71ac8c8dcdc25b353e2611317ce1a60d5a7e728b1bfe0
Sintel,tau1,x264_qp24_bf2_pb1,23,0.0026467203682393,0,0.0008329862557267,0,0.0011202770139525,0,0.0039069437044929,0,0.000406834825061,0,0.0008617718028266,0,0.087664115285846,0,0.0336317683307078,0,0.0537655888815958,0,1.0,0,0.10508040504976707,227834,188905,9f5b5a3,True,c536bf62b2b66ea394c71ac8c8dcdc25b353e2611317ce1a60d5a7e728b1bfe0
