config,key,data,method,statistic,estimate,ci_low,ci_high,n_missing,degenerate,n_rho_eq_1,prereg_commit,prereg_unchanged,code_sha256
primary,S1x,Sintel,sequence bootstrap (23),"median per-unit paired diff, STALE",0.0105320010802052,0.0055617352614015,0.0192486805339956,0,False,,9f5b5a3,True,c536bf62b2b66ea394c71ac8c8dcdc25b353e2611317ce1a60d5a7e728b1bfe0
primary,S1n,Sintel,sequence bootstrap (23),"median per-unit paired diff, STALE",0.0381355932203389,0.0269680236291254,0.061230865354576704,0,False,,9f5b5a3,True,c536bf62b2b66ea394c71ac8c8dcdc25b353e2611317ce1a60d5a7e728b1bfe0
primary,S1r,Sintel,sequence bootstrap (23),median per-seq rho,0.8669214468630109,0.8017837257372733,0.9063269671749657,2,False,0,9f5b5a3,True,c536bf62b2b66ea394c71ac8c8dcdc25b353e2611317ce1a60d5a7e728b1bfe0
primary,S2x,Sintel,sequence bootstrap (23),"median per-unit paired diff, STALE",0.0001284191601386,0.0,0.0005753739930955,0,False,,9f5b5a3,True,c536bf62b2b66ea394c71ac8c8dcdc25b353e2611317ce1a60d5a7e728b1bfe0
primary,S2n,Sintel,sequence bootstrap (23),"median per-unit paired diff, STALE",0.0,-7.971938775510007e-05,0.0001756851721714656,0,False,,9f5b5a3,True,c536bf62b2b66ea394c71ac8c8dcdc25b353e2611317ce1a60d5a7e728b1bfe0
primary,K1,CCTV,"scene-cluster bootstrap (7 scenes, 27 clips)","median per-unit paired diff, STALE_MOV",0.0420785088957922,0.022760011524056503,0.0541958041958041,0,False,,9f5b5a3,True,c536bf62b2b66ea394c71ac8c8dcdc25b353e2611317ce1a60d5a7e728b1bfe0
primary,K1,CCTV,clip-level bootstrap (27 clips),"median per-unit paired diff, STALE_MOV",0.0420785088957922,0.022760011524056503,0.0548780487804878,0,False,,9f5b5a3,True,c536bf62b2b66ea394c71ac8c8dcdc25b353e2611317ce1a60d5a7e728b1bfe0
primary,K2,CCTV,"scene-cluster bootstrap (7 scenes, 27 clips)","median per-unit paired diff, STALE_MOV",0.0110977804439112,0.0075733669927421,0.012620192307692301,0,False,,9f5b5a3,True,c536bf62b2b66ea394c71ac8c8dcdc25b353e2611317ce1a60d5a7e728b1bfe0
primary,K2,CCTV,clip-level bootstrap (27 clips),"median per-unit paired diff, STALE_MOV",0.0110977804439112,0.0075733669927421,0.0149675232985033,0,False,,9f5b5a3,True,c536bf62b2b66ea394c71ac8c8dcdc25b353e2611317ce1a60d5a7e728b1bfe0
primary,K3,CCTV,"scene-cluster bootstrap (7 scenes, 27 clips)","median per-unit paired diff, STALE_MOV",-0.0006720430107526,-0.0031466331025802995,0.0,0,False,,9f5b5a3,True,c536bf62b2b66ea394c71ac8c8dcdc25b353e2611317ce1a60d5a7e728b1bfe0
primary,K3,CCTV,clip-level bootstrap (27 clips),"median per-unit paired diff, STALE_MOV",-0.0006720430107526,-0.0030052592036063,0.0,0,False,,9f5b5a3,True,c536bf62b2b66ea394c71ac8c8dcdc25b353e2611317ce1a60d5a7e728b1bfe0
primary,K4,CCTV,"scene-cluster bootstrap (7 scenes, 27 clips)","median per-unit paired diff, STALE_MOV",0.0,-0.0007936507936507,0.0007446610904876506,0,False,,9f5b5a3,True,c536bf62b2b66ea394c71ac8c8dcdc25b353e2611317ce1a60d5a7e728b1bfe0
primary,K4,CCTV,clip-level bootstrap (27 clips),"median per-unit paired diff, STALE_MOV",0.0,-0.0011454753722794,0.0007380073800738012,0,False,,9f5b5a3,True,c536bf62b2b66ea394c71ac8c8dcdc25b353e2611317ce1a60d5a7e728b1bfe0
tau1,S1x,Sintel,sequence bootstrap (23),"median per-unit paired diff, STALE",0.010802052389954,0.005153458543289,0.020028109627547398,0,False,,9f5b5a3,True,c536bf62b2b66ea394c71ac8c8dcdc25b353e2611317ce1a60d5a7e728b1bfe0
tau1,S1n,Sintel,sequence bootstrap (23),"median per-unit paired diff, STALE",0.0381355932203389,0.0211386696730552,0.061230865354576704,0,False,,9f5b5a3,True,c536bf62b2b66ea394c71ac8c8dcdc25b353e2611317ce1a60d5a7e728b1bfe0
tau1,S1r,Sintel,sequence bootstrap (23),median per-seq rho,0.8017837257372733,0.44813558449265856,0.9063269671749657,0,False,0,9f5b5a3,True,c536bf62b2b66ea394c71ac8c8dcdc25b353e2611317ce1a60d5a7e728b1bfe0
tau1,S2x,Sintel,sequence bootstrap (23),"median per-unit paired diff, STALE",0.0,-0.00023915816326529799,0.000140924464487,0,False,,9f5b5a3,True,c536bf62b2b66ea394c71ac8c8dcdc25b353e2611317ce1a60d5a7e728b1bfe0
tau1,S2n,Sintel,sequence bootstrap (23),"median per-unit paired diff, STALE",-0.00039859693877550013,-0.0012780573528237,0.0001284191601386,0,False,,9f5b5a3,True,c536bf62b2b66ea394c71ac8c8dcdc25b353e2611317ce1a60d5a7e728b1bfe0
tau1,K1,CCTV,"scene-cluster bootstrap (7 scenes, 27 clips)","median per-unit paired diff, STALE_MOV",0.04696449026345939,0.028522039757994902,0.0652358090934764,0,False,,9f5b5a3,True,c536bf62b2b66ea394c71ac8c8dcdc25b353e2611317ce1a60d5a7e728b1bfe0
tau1,K1,CCTV,clip-level bootstrap (27 clips),"median per-unit paired diff, STALE_MOV",0.04696449026345939,0.028522039757994902,0.0687361419068736,0,False,,9f5b5a3,True,c536bf62b2b66ea394c71ac8c8dcdc25b353e2611317ce1a60d5a7e728b1bfe0
tau1,K2,CCTV,"scene-cluster bootstrap (7 scenes, 27 clips)","median per-unit paired diff, STALE_MOV",0.006568144499179002,0.0053523639607494025,0.013609730749291902,0,False,,9f5b5a3,True,c536bf62b2b66ea394c71ac8c8dcdc25b353e2611317ce1a60d5a7e728b1bfe0
tau1,K2,CCTV,clip-level bootstrap (27 clips),"median per-unit paired diff, STALE_MOV",0.006568144499179002,0.0035778175313059025,0.011969532100108801,0,False,,9f5b5a3,True,c536bf62b2b66ea394c71ac8c8dcdc25b353e2611317ce1a60d5a7e728b1bfe0
tau1,K3,CCTV,"scene-cluster bootstrap (7 scenes, 27 clips)","median per-unit paired diff, STALE_MOV",-0.0082101806239737,-0.0096385542168675,-0.007155796905558501,0,False,,9f5b5a3,True,c536bf62b2b66ea394c71ac8c8dcdc25b353e2611317ce1a60d5a7e728b1bfe0
tau1,K3,CCTV,clip-level bootstrap (27 clips),"median per-unit paired diff, STALE_MOV",-0.0082101806239737,-0.011111111111111101,-0.0052592036063111,0,False,,9f5b5a3,True,c536bf62b2b66ea394c71ac8c8dcdc25b353e2611317ce1a60d5a7e728b1bfe0
tau1,K4,CCTV,"scene-cluster bootstrap (7 scenes, 27 clips)","median per-unit paired diff, STALE_MOV",-0.006942253076680301,-0.008090994371482151,-0.0029140359397766,0,False,,9f5b5a3,True,c536bf62b2b66ea394c71ac8c8dcdc25b353e2611317ce1a60d5a7e728b1bfe0
tau1,K4,CCTV,clip-level bootstrap (27 clips),"median per-unit paired diff, STALE_MOV",-0.006942253076680301,-0.010733452593917699,-0.0014265335235378,0,False,,9f5b5a3,True,c536bf62b2b66ea394c71ac8c8dcdc25b353e2611317ce1a60d5a7e728b1bfe0
