data,unit,arm,frames_file,blocks_file,source_frames,gt_frames,fps,n_frames,n_I,n_P,n_B,iframes,refresh,n_refresh,n_windows_lt16,scene,step_2fps,n_sampled_2fps,refresh_2fps,n_refresh_2fps
Sintel final,alley_1,x264_crf12,True,True,50,49,24,50,1,49,0,0,0..48/16,4,1,,,,,
Sintel final,alley_1,x264_crf18,True,True,50,49,24,50,1,49,0,0,0..48/16,4,1,,,,,
Sintel final,alley_1,x264_crf23,True,True,50,49,24,50,1,49,0,0,0..48/16,4,1,,,,,
Sintel final,alley_1,x264_crf28,True,True,50,49,24,50,1,49,0,0,0..48/16,4,1,,,,,
Sintel final,alley_1,x264_crf33,True,True,50,49,24,50,1,49,0,0,0..48/16,4,1,,,,,
Sintel final,alley_1,x264_crf38,True,True,50,49,24,50,1,49,0,0,0..48/16,4,1,,,,,
Sintel final,alley_1,x264_crf45,True,True,50,49,24,50,1,49,0,0,0..48/16,4,1,,,,,
Sintel final,alley_1,nvenc_qp18,True,True,50,49,24,50,1,49,0,0,0..48/16,4,1,,,,,
Sintel final,alley_1,nvenc_qp23,True,True,50,49,24,50,1,49,0,0,0..48/16,4,1,,,,,
Sintel final,alley_1,nvenc_qp28,True,True,50,49,24,50,1,49,0,0,0..48/16,4,1,,,,,
Sintel final,alley_1,nvenc_qp33,True,True,50,49,24,50,1,49,0,0,0..48/16,4,1,,,,,
Sintel final,alley_1,nvenc_qp38,True,True,50,49,24,50,1,49,0,0,0..48/16,4,1,,,,,
Sintel final,alley_1,nvenc_qp45,True,True,50,49,24,50,1,49,0,0,0..48/16,4,1,,,,,
Sintel final,alley_1,x264_qp24,True,True,50,49,24,50,1,49,0,0,0..48/16,4,1,,,,,
Sintel final,alley_1,x264_qp24_bf2_pb1,True,True,50,49,24,50,1,17,32,0,0..48/16,4,1,,,,,
Sintel final,alley_1,nvenc_qp28_bf2_bqeq,True,True,50,49,24,50,1,17,32,0,0..48/16,4,1,,,,,
Sintel final,alley_1,mpeg4_q4,True,True,50,49,24,50,1,49,0,0,0..48/16,4,1,,,,,
Sintel final,alley_2,x264_crf12,True,True,50,49,24,50,1,49,0,0,0..48/16,4,1,,,,,
Sintel final,alley_2,x264_crf18,True,True,50,49,24,50,1,49,0,0,0..48/16,4,1,,,,,
Sintel final,alley_2,x264_crf23,True,True,50,49,24,50,1,49,0,0,0..48/16,4,1,,,,,
Sintel final,alley_2,x264_crf28,True,True,50,49,24,50,1,49,0,0,0..48/16,4,1,,,,,
Sintel final,alley_2,x264_crf33,True,True,50,49,24,50,1,49,0,0,0..48/16,4,1,,,,,
Sintel final,alley_2,x264_crf38,True,True,50,49,24,50,1,49,0,0,0..48/16,4,1,,,,,
Sintel final,alley_2,x264_crf45,True,True,50,49,24,50,1,49,0,0,0..48/16,4,1,,,,,
Sintel final,alley_2,nvenc_qp18,True,True,50,49,24,50,1,49,0,0,0..48/16,4,1,,,,,
Sintel final,alley_2,nvenc_qp23,True,True,50,49,24,50,1,49,0,0,0..48/16,4,1,,,,,
Sintel final,alley_2,nvenc_qp28,True,True,50,49,24,50,1,49,0,0,0..48/16,4,1,,,,,
Sintel final,alley_2,nvenc_qp33,True,True,50,49,24,50,1,49,0,0,0..48/16,4,1,,,,,
Sintel final,alley_2,nvenc_qp38,True,True,50,49,24,50,1,49,0,0,0..48/16,4,1,,,,,
Sintel final,alley_2,nvenc_qp45,True,True,50,49,24,50,1,49,0,0,0..48/16,4,1,,,,,
Sintel final,alley_2,x264_qp24,True,True,50,49,24,50,1,49,0,0,0..48/16,4,1,,,,,
Sintel final,alley_2,x264_qp24_bf2_pb1,True,True,50,49,24,50,1,17,32,0,0..48/16,4,1,,,,,
Sintel final,alley_2,nvenc_qp28_bf2_bqeq,True,True,50,49,24,50,1,17,32,0,0..48/16,4,1,,,,,
Sintel final,alley_2,mpeg4_q4,True,True,50,49,24,50,1,49,0,0,0..48/16,4,1,,,,,
Sintel final,ambush_2,x264_crf12,True,True,21,20,24,21,1,20,0,0,"0,16",2,1,,,,,
Sintel final,ambush_2,x264_crf18,True,True,21,20,24,21,1,20,0,0,"0,16",2,1,,,,,
Sintel final,ambush_2,x264_crf23,True,True,21,20,24,21,1,20,0,0,"0,16",2,1,,,,,
Sintel final,ambush_2,x264_crf28,True,True,21,20,24,21,1,20,0,0,"0,16",2,1,,,,,
Sintel final,ambush_2,x264_crf33,True,True,21,20,24,21,1,20,0,0,"0,16",2,1,,,,,
Sintel final,ambush_2,x264_crf38,True,True,21,20,24,21,1,20,0,0,"0,16",2,1,,,,,
Sintel final,ambush_2,x264_crf45,True,True,21,20,24,21,1,20,0,0,"0,16",2,1,,,,,
Sintel final,ambush_2,nvenc_qp18,True,True,21,20,24,21,1,20,0,0,"0,16",2,1,,,,,
Sintel final,ambush_2,nvenc_qp23,True,True,21,20,24,21,1,20,0,0,"0,16",2,1,,,,,
Sintel final,ambush_2,nvenc_qp28,True,True,21,20,24,21,1,20,0,0,"0,16",2,1,,,,,
Sintel final,ambush_2,nvenc_qp33,True,True,21,20,24,21,1,20,0,0,"0,16",2,1,,,,,
Sintel final,ambush_2,nvenc_qp38,True,True,21,20,24,21,1,20,0,0,"0,16",2,1,,,,,
Sintel final,ambush_2,nvenc_qp45,True,True,21,20,24,21,1,20,0,0,"0,16",2,1,,,,,
Sintel final,ambush_2,x264_qp24,True,True,21,20,24,21,1,20,0,0,"0,16",2,1,,,,,
Sintel final,ambush_2,x264_qp24_bf2_pb1,True,True,21,20,24,21,1,7,13,0,"0,16",2,1,,,,,
Sintel final,ambush_2,nvenc_qp28_bf2_bqeq,True,True,21,20,24,21,1,7,13,0,"0,16",2,1,,,,,
Sintel final,ambush_2,mpeg4_q4,True,True,21,20,24,21,1,20,0,0,"0,16",2,1,,,,,
Sintel final,ambush_4,x264_crf12,True,True,33,32,24,33,1,32,0,0,0..32/16,3,1,,,,,
Sintel final,ambush_4,x264_crf18,True,True,33,32,24,33,1,32,0,0,0..32/16,3,1,,,,,
Sintel final,ambush_4,x264_crf23,True,True,33,32,24,33,1,32,0,0,0..32/16,3,1,,,,,
Sintel final,ambush_4,x264_crf28,True,True,33,32,24,33,1,32,0,0,0..32/16,3,1,,,,,
Sintel final,ambush_4,x264_crf33,True,True,33,32,24,33,1,32,0,0,0..32/16,3,1,,,,,
Sintel final,ambush_4,x264_crf38,True,True,33,32,24,33,1,32,0,0,0..32/16,3,1,,,,,
Sintel final,ambush_4,x264_crf45,True,True,33,32,24,33,1,32,0,0,0..32/16,3,1,,,,,
Sintel final,ambush_4,nvenc_qp18,True,True,33,32,24,33,1,32,0,0,0..32/16,3,1,,,,,
Sintel final,ambush_4,nvenc_qp23,True,True,33,32,24,33,1,32,0,0,0..32/16,3,1,,,,,
Sintel final,ambush_4,nvenc_qp28,True,True,33,32,24,33,1,32,0,0,0..32/16,3,1,,,,,
Sintel final,ambush_4,nvenc_qp33,True,True,33,32,24,33,1,32,0,0,0..32/16,3,1,,,,,
Sintel final,ambush_4,nvenc_qp38,True,True,33,32,24,33,1,32,0,0,0..32/16,3,1,,,,,
Sintel final,ambush_4,nvenc_qp45,True,True,33,32,24,33,1,32,0,0,0..32/16,3,1,,,,,
Sintel final,ambush_4,x264_qp24,True,True,33,32,24,33,1,32,0,0,0..32/16,3,1,,,,,
Sintel final,ambush_4,x264_qp24_bf2_pb1,True,True,33,32,24,33,1,11,21,0,0..32/16,3,1,,,,,
Sintel final,ambush_4,nvenc_qp28_bf2_bqeq,True,True,33,32,24,33,1,11,21,0,0..32/16,3,1,,,,,
Sintel final,ambush_4,mpeg4_q4,True,True,33,32,24,33,3,30,0,"0,3,4","0,3,4,20",4,3,,,,,
Sintel final,ambush_5,x264_crf12,True,True,50,49,24,50,1,49,0,0,0..48/16,4,1,,,,,
Sintel final,ambush_5,x264_crf18,True,True,50,49,24,50,1,49,0,0,0..48/16,4,1,,,,,
Sintel final,ambush_5,x264_crf23,True,True,50,49,24,50,1,49,0,0,0..48/16,4,1,,,,,
Sintel final,ambush_5,x264_crf28,True,True,50,49,24,50,1,49,0,0,0..48/16,4,1,,,,,
Sintel final,ambush_5,x264_crf33,True,True,50,49,24,50,1,49,0,0,0..48/16,4,1,,,,,
Sintel final,ambush_5,x264_crf38,True,True,50,49,24,50,1,49,0,0,0..48/16,4,1,,,,,
Sintel final,ambush_5,x264_crf45,True,True,50,49,24,50,1,49,0,0,0..48/16,4,1,,,,,
Sintel final,ambush_5,nvenc_qp18,True,True,50,49,24,50,1,49,0,0,0..48/16,4,1,,,,,
Sintel final,ambush_5,nvenc_qp23,True,True,50,49,24,50,1,49,0,0,0..48/16,4,1,,,,,
Sintel final,ambush_5,nvenc_qp28,True,True,50,49,24,50,1,49,0,0,0..48/16,4,1,,,,,
Sintel final,ambush_5,nvenc_qp33,True,True,50,49,24,50,1,49,0,0,0..48/16,4,1,,,,,
Sintel final,ambush_5,nvenc_qp38,True,True,50,49,24,50,1,49,0,0,0..48/16,4,1,,,,,
Sintel final,ambush_5,nvenc_qp45,True,True,50,49,24,50,1,49,0,0,0..48/16,4,1,,,,,
Sintel final,ambush_5,x264_qp24,True,True,50,49,24,50,1,49,0,0,0..48/16,4,1,,,,,
Sintel final,ambush_5,x264_qp24_bf2_pb1,True,True,50,49,24,50,1,17,32,0,0..48/16,4,1,,,,,
Sintel final,ambush_5,nvenc_qp28_bf2_bqeq,True,True,50,49,24,50,1,17,32,0,0..48/16,4,1,,,,,
Sintel final,ambush_5,mpeg4_q4,True,True,50,49,24,50,1,49,0,0,0..48/16,4,1,,,,,
Sintel final,ambush_6,x264_crf12,True,True,20,19,24,20,1,19,0,0,"0,16",2,1,,,,,
Sintel final,ambush_6,x264_crf18,True,True,20,19,24,20,1,19,0,0,"0,16",2,1,,,,,
Sintel final,ambush_6,x264_crf23,True,True,20,19,24,20,1,19,0,0,"0,16",2,1,,,,,
Sintel final,ambush_6,x264_crf28,True,True,20,19,24,20,1,19,0,0,"0,16",2,1,,,,,
Sintel final,ambush_6,x264_crf33,True,True,20,19,24,20,1,19,0,0,"0,16",2,1,,,,,
Sintel final,ambush_6,x264_crf38,True,True,20,19,24,20,1,19,0,0,"0,16",2,1,,,,,
Sintel final,ambush_6,x264_crf45,True,True,20,19,24,20,1,19,0,0,"0,16",2,1,,,,,
Sintel final,ambush_6,nvenc_qp18,True,True,20,19,24,20,1,19,0,0,"0,16",2,1,,,,,
Sintel final,ambush_6,nvenc_qp23,True,True,20,19,24,20,1,19,0,0,"0,16",2,1,,,,,
Sintel final,ambush_6,nvenc_qp28,True,True,20,19,24,20,1,19,0,0,"0,16",2,1,,,,,
Sintel final,ambush_6,nvenc_qp33,True,True,20,19,24,20,1,19,0,0,"0,16",2,1,,,,,
Sintel final,ambush_6,nvenc_qp38,True,True,20,19,24,20,1,19,0,0,"0,16",2,1,,,,,
Sintel final,ambush_6,nvenc_qp45,True,True,20,19,24,20,1,19,0,0,"0,16",2,1,,,,,
Sintel final,ambush_6,x264_qp24,True,True,20,19,24,20,1,19,0,0,"0,16",2,1,,,,,
Sintel final,ambush_6,x264_qp24_bf2_pb1,True,True,20,19,24,20,1,7,12,0,"0,16",2,1,,,,,
Sintel final,ambush_6,nvenc_qp28_bf2_bqeq,True,True,20,19,24,20,1,7,12,0,"0,16",2,1,,,,,
Sintel final,ambush_6,mpeg4_q4,True,True,20,19,24,20,1,19,0,0,"0,16",2,1,,,,,
Sintel final,ambush_7,x264_crf12,True,True,50,49,24,50,1,49,0,0,0..48/16,4,1,,,,,
Sintel final,ambush_7,x264_crf18,True,True,50,49,24,50,1,49,0,0,0..48/16,4,1,,,,,
Sintel final,ambush_7,x264_crf23,True,True,50,49,24,50,1,49,0,0,0..48/16,4,1,,,,,
Sintel final,ambush_7,x264_crf28,True,True,50,49,24,50,1,49,0,0,0..48/16,4,1,,,,,
Sintel final,ambush_7,x264_crf33,True,True,50,49,24,50,1,49,0,0,0..48/16,4,1,,,,,
Sintel final,ambush_7,x264_crf38,True,True,50,49,24,50,1,49,0,0,0..48/16,4,1,,,,,
Sintel final,ambush_7,x264_crf45,True,True,50,49,24,50,1,49,0,0,0..48/16,4,1,,,,,
Sintel final,ambush_7,nvenc_qp18,True,True,50,49,24,50,1,49,0,0,0..48/16,4,1,,,,,
Sintel final,ambush_7,nvenc_qp23,True,True,50,49,24,50,1,49,0,0,0..48/16,4,1,,,,,
Sintel final,ambush_7,nvenc_qp28,True,True,50,49,24,50,1,49,0,0,0..48/16,4,1,,,,,
Sintel final,ambush_7,nvenc_qp33,True,True,50,49,24,50,1,49,0,0,0..48/16,4,1,,,,,
Sintel final,ambush_7,nvenc_qp38,True,True,50,49,24,50,1,49,0,0,0..48/16,4,1,,,,,
Sintel final,ambush_7,nvenc_qp45,True,True,50,49,24,50,1,49,0,0,0..48/16,4,1,,,,,
Sintel final,ambush_7,x264_qp24,True,True,50,49,24,50,1,49,0,0,0..48/16,4,1,,,,,
Sintel final,ambush_7,x264_qp24_bf2_pb1,True,True,50,49,24,50,1,17,32,0,0..48/16,4,1,,,,,
Sintel final,ambush_7,nvenc_qp28_bf2_bqeq,True,True,50,49,24,50,1,17,32,0,0..48/16,4,1,,,,,
Sintel final,ambush_7,mpeg4_q4,True,True,50,49,24,50,1,49,0,0,0..48/16,4,1,,,,,
Sintel final,bamboo_1,x264_crf12,True,True,50,49,24,50,1,49,0,0,0..48/16,4,1,,,,,
Sintel final,bamboo_1,x264_crf18,True,True,50,49,24,50,1,49,0,0,0..48/16,4,1,,,,,
Sintel final,bamboo_1,x264_crf23,True,True,50,49,24,50,1,49,0,0,0..48/16,4,1,,,,,
Sintel final,bamboo_1,x264_crf28,True,True,50,49,24,50,1,49,0,0,0..48/16,4,1,,,,,
Sintel final,bamboo_1,x264_crf33,True,True,50,49,24,50,1,49,0,0,0..48/16,4,1,,,,,
Sintel final,bamboo_1,x264_crf38,True,True,50,49,24,50,1,49,0,0,0..48/16,4,1,,,,,
Sintel final,bamboo_1,x264_crf45,True,True,50,49,24,50,1,49,0,0,0..48/16,4,1,,,,,
Sintel final,bamboo_1,nvenc_qp18,True,True,50,49,24,50,1,49,0,0,0..48/16,4,1,,,,,
Sintel final,bamboo_1,nvenc_qp23,True,True,50,49,24,50,1,49,0,0,0..48/16,4,1,,,,,
Sintel final,bamboo_1,nvenc_qp28,True,True,50,49,24,50,1,49,0,0,0..48/16,4,1,,,,,
Sintel final,bamboo_1,nvenc_qp33,True,True,50,49,24,50,1,49,0,0,0..48/16,4,1,,,,,
Sintel final,bamboo_1,nvenc_qp38,True,True,50,49,24,50,1,49,0,0,0..48/16,4,1,,,,,
Sintel final,bamboo_1,nvenc_qp45,True,True,50,49,24,50,1,49,0,0,0..48/16,4,1,,,,,
Sintel final,bamboo_1,x264_qp24,True,True,50,49,24,50,1,49,0,0,0..48/16,4,1,,,,,
Sintel final,bamboo_1,x264_qp24_bf2_pb1,True,True,50,49,24,50,1,17,32,0,0..48/16,4,1,,,,,
Sintel final,bamboo_1,nvenc_qp28_bf2_bqeq,True,True,50,49,24,50,1,17,32,0,0..48/16,4,1,,,,,
Sintel final,bamboo_1,mpeg4_q4,True,True,50,49,24,50,1,49,0,0,0..48/16,4,1,,,,,
Sintel final,bamboo_2,x264_crf12,True,True,50,49,24,50,1,49,0,0,0..48/16,4,1,,,,,
Sintel final,bamboo_2,x264_crf18,True,True,50,49,24,50,1,49,0,0,0..48/16,4,1,,,,,
Sintel final,bamboo_2,x264_crf23,True,True,50,49,24,50,1,49,0,0,0..48/16,4,1,,,,,
Sintel final,bamboo_2,x264_crf28,True,True,50,49,24,50,1,49,0,0,0..48/16,4,1,,,,,
Sintel final,bamboo_2,x264_crf33,True,True,50,49,24,50,1,49,0,0,0..48/16,4,1,,,,,
Sintel final,bamboo_2,x264_crf38,True,True,50,49,24,50,1,49,0,0,0..48/16,4,1,,,,,
Sintel final,bamboo_2,x264_crf45,True,True,50,49,24,50,1,49,0,0,0..48/16,4,1,,,,,
Sintel final,bamboo_2,nvenc_qp18,True,True,50,49,24,50,1,49,0,0,0..48/16,4,1,,,,,
Sintel final,bamboo_2,nvenc_qp23,True,True,50,49,24,50,1,49,0,0,0..48/16,4,1,,,,,
Sintel final,bamboo_2,nvenc_qp28,True,True,50,49,24,50,1,49,0,0,0..48/16,4,1,,,,,
Sintel final,bamboo_2,nvenc_qp33,True,True,50,49,24,50,1,49,0,0,0..48/16,4,1,,,,,
Sintel final,bamboo_2,nvenc_qp38,True,True,50,49,24,50,1,49,0,0,0..48/16,4,1,,,,,
Sintel final,bamboo_2,nvenc_qp45,True,True,50,49,24,50,1,49,0,0,0..48/16,4,1,,,,,
Sintel final,bamboo_2,x264_qp24,True,True,50,49,24,50,1,49,0,0,0..48/16,4,1,,,,,
Sintel final,bamboo_2,x264_qp24_bf2_pb1,True,True,50,49,24,50,1,17,32,0,0..48/16,4,1,,,,,
Sintel final,bamboo_2,nvenc_qp28_bf2_bqeq,True,True,50,49,24,50,1,17,32,0,0..48/16,4,1,,,,,
Sintel final,bamboo_2,mpeg4_q4,True,True,50,49,24,50,1,49,0,0,0..48/16,4,1,,,,,
Sintel final,bandage_1,x264_crf12,True,True,50,49,24,50,1,49,0,0,0..48/16,4,1,,,,,
Sintel final,bandage_1,x264_crf18,True,True,50,49,24,50,1,49,0,0,0..48/16,4,1,,,,,
Sintel final,bandage_1,x264_crf23,True,True,50,49,24,50,1,49,0,0,0..48/16,4,1,,,,,
Sintel final,bandage_1,x264_crf28,True,True,50,49,24,50,1,49,0,0,0..48/16,4,1,,,,,
Sintel final,bandage_1,x264_crf33,True,True,50,49,24,50,1,49,0,0,0..48/16,4,1,,,,,
Sintel final,bandage_1,x264_crf38,True,True,50,49,24,50,1,49,0,0,0..48/16,4,1,,,,,
Sintel final,bandage_1,x264_crf45,True,True,50,49,24,50,1,49,0,0,0..48/16,4,1,,,,,
Sintel final,bandage_1,nvenc_qp18,True,True,50,49,24,50,1,49,0,0,0..48/16,4,1,,,,,
Sintel final,bandage_1,nvenc_qp23,True,True,50,49,24,50,1,49,0,0,0..48/16,4,1,,,,,
Sintel final,bandage_1,nvenc_qp28,True,True,50,49,24,50,1,49,0,0,0..48/16,4,1,,,,,
Sintel final,bandage_1,nvenc_qp33,True,True,50,49,24,50,1,49,0,0,0..48/16,4,1,,,,,
Sintel final,bandage_1,nvenc_qp38,True,True,50,49,24,50,1,49,0,0,0..48/16,4,1,,,,,
Sintel final,bandage_1,nvenc_qp45,True,True,50,49,24,50,1,49,0,0,0..48/16,4,1,,,,,
Sintel final,bandage_1,x264_qp24,True,True,50,49,24,50,1,49,0,0,0..48/16,4,1,,,,,
Sintel final,bandage_1,x264_qp24_bf2_pb1,True,True,50,49,24,50,1,17,32,0,0..48/16,4,1,,,,,
Sintel final,bandage_1,nvenc_qp28_bf2_bqeq,True,True,50,49,24,50,1,17,32,0,0..48/16,4,1,,,,,
Sintel final,bandage_1,mpeg4_q4,True,True,50,49,24,50,1,49,0,0,0..48/16,4,1,,,,,
Sintel final,bandage_2,x264_crf12,True,True,50,49,24,50,1,49,0,0,0..48/16,4,1,,,,,
Sintel final,bandage_2,x264_crf18,True,True,50,49,24,50,1,49,0,0,0..48/16,4,1,,,,,
Sintel final,bandage_2,x264_crf23,True,True,50,49,24,50,1,49,0,0,0..48/16,4,1,,,,,
Sintel final,bandage_2,x264_crf28,True,True,50,49,24,50,1,49,0,0,0..48/16,4,1,,,,,
Sintel final,bandage_2,x264_crf33,True,True,50,49,24,50,1,49,0,0,0..48/16,4,1,,,,,
Sintel final,bandage_2,x264_crf38,True,True,50,49,24,50,1,49,0,0,0..48/16,4,1,,,,,
Sintel final,bandage_2,x264_crf45,True,True,50,49,24,50,1,49,0,0,0..48/16,4,1,,,,,
Sintel final,bandage_2,nvenc_qp18,True,True,50,49,24,50,1,49,0,0,0..48/16,4,1,,,,,
Sintel final,bandage_2,nvenc_qp23,True,True,50,49,24,50,1,49,0,0,0..48/16,4,1,,,,,
Sintel final,bandage_2,nvenc_qp28,True,True,50,49,24,50,1,49,0,0,0..48/16,4,1,,,,,
Sintel final,bandage_2,nvenc_qp33,True,True,50,49,24,50,1,49,0,0,0..48/16,4,1,,,,,
Sintel final,bandage_2,nvenc_qp38,True,True,50,49,24,50,1,49,0,0,0..48/16,4,1,,,,,
Sintel final,bandage_2,nvenc_qp45,True,True,50,49,24,50,1,49,0,0,0..48/16,4,1,,,,,
Sintel final,bandage_2,x264_qp24,True,True,50,49,24,50,1,49,0,0,0..48/16,4,1,,,,,
Sintel final,bandage_2,x264_qp24_bf2_pb1,True,True,50,49,24,50,1,17,32,0,0..48/16,4,1,,,,,
Sintel final,bandage_2,nvenc_qp28_bf2_bqeq,True,True,50,49,24,50,1,17,32,0,0..48/16,4,1,,,,,
Sintel final,bandage_2,mpeg4_q4,True,True,50,49,24,50,1,49,0,0,0..48/16,4,1,,,,,
Sintel final,cave_2,x264_crf12,True,True,50,49,24,50,1,49,0,0,0..48/16,4,1,,,,,
Sintel final,cave_2,x264_crf18,True,True,50,49,24,50,1,49,0,0,0..48/16,4,1,,,,,
Sintel final,cave_2,x264_crf23,True,True,50,49,24,50,1,49,0,0,0..48/16,4,1,,,,,
Sintel final,cave_2,x264_crf28,True,True,50,49,24,50,1,49,0,0,0..48/16,4,1,,,,,
Sintel final,cave_2,x264_crf33,True,True,50,49,24,50,1,49,0,0,0..48/16,4,1,,,,,
Sintel final,cave_2,x264_crf38,True,True,50,49,24,50,1,49,0,0,0..48/16,4,1,,,,,
Sintel final,cave_2,x264_crf45,True,True,50,49,24,50,1,49,0,0,0..48/16,4,1,,,,,
Sintel final,cave_2,nvenc_qp18,True,True,50,49,24,50,1,49,0,0,0..48/16,4,1,,,,,
Sintel final,cave_2,nvenc_qp23,True,True,50,49,24,50,1,49,0,0,0..48/16,4,1,,,,,
Sintel final,cave_2,nvenc_qp28,True,True,50,49,24,50,1,49,0,0,0..48/16,4,1,,,,,
Sintel final,cave_2,nvenc_qp33,True,True,50,49,24,50,1,49,0,0,0..48/16,4,1,,,,,
Sintel final,cave_2,nvenc_qp38,True,True,50,49,24,50,1,49,0,0,0..48/16,4,1,,,,,
Sintel final,cave_2,nvenc_qp45,True,True,50,49,24,50,1,49,0,0,0..48/16,4,1,,,,,
Sintel final,cave_2,x264_qp24,True,True,50,49,24,50,1,49,0,0,0..48/16,4,1,,,,,
Sintel final,cave_2,x264_qp24_bf2_pb1,True,True,50,49,24,50,1,17,32,0,0..48/16,4,1,,,,,
Sintel final,cave_2,nvenc_qp28_bf2_bqeq,True,True,50,49,24,50,1,17,32,0,0..48/16,4,1,,,,,
Sintel final,cave_2,mpeg4_q4,True,True,50,49,24,50,1,49,0,0,0..48/16,4,1,,,,,
Sintel final,cave_4,x264_crf12,True,True,50,49,24,50,1,49,0,0,0..48/16,4,1,,,,,
Sintel final,cave_4,x264_crf18,True,True,50,49,24,50,1,49,0,0,0..48/16,4,1,,,,,
Sintel final,cave_4,x264_crf23,True,True,50,49,24,50,1,49,0,0,0..48/16,4,1,,,,,
Sintel final,cave_4,x264_crf28,True,True,50,49,24,50,1,49,0,0,0..48/16,4,1,,,,,
Sintel final,cave_4,x264_crf33,True,True,50,49,24,50,1,49,0,0,0..48/16,4,1,,,,,
Sintel final,cave_4,x264_crf38,True,True,50,49,24,50,1,49,0,0,0..48/16,4,1,,,,,
Sintel final,cave_4,x264_crf45,True,True,50,49,24,50,1,49,0,0,0..48/16,4,1,,,,,
Sintel final,cave_4,nvenc_qp18,True,True,50,49,24,50,1,49,0,0,0..48/16,4,1,,,,,
Sintel final,cave_4,nvenc_qp23,True,True,50,49,24,50,1,49,0,0,0..48/16,4,1,,,,,
Sintel final,cave_4,nvenc_qp28,True,True,50,49,24,50,1,49,0,0,0..48/16,4,1,,,,,
Sintel final,cave_4,nvenc_qp33,True,True,50,49,24,50,1,49,0,0,0..48/16,4,1,,,,,
Sintel final,cave_4,nvenc_qp38,True,True,50,49,24,50,1,49,0,0,0..48/16,4,1,,,,,
Sintel final,cave_4,nvenc_qp45,True,True,50,49,24,50,1,49,0,0,0..48/16,4,1,,,,,
Sintel final,cave_4,x264_qp24,True,True,50,49,24,50,1,49,0,0,0..48/16,4,1,,,,,
Sintel final,cave_4,x264_qp24_bf2_pb1,True,True,50,49,24,50,1,17,32,0,0..48/16,4,1,,,,,
Sintel final,cave_4,nvenc_qp28_bf2_bqeq,True,True,50,49,24,50,1,17,32,0,0..48/16,4,1,,,,,
Sintel final,cave_4,mpeg4_q4,True,True,50,49,24,50,1,49,0,0,0..48/16,4,1,,,,,
Sintel final,market_2,x264_crf12,True,True,50,49,24,50,1,49,0,0,0..48/16,4,1,,,,,
Sintel final,market_2,x264_crf18,True,True,50,49,24,50,1,49,0,0,0..48/16,4,1,,,,,
Sintel final,market_2,x264_crf23,True,True,50,49,24,50,1,49,0,0,0..48/16,4,1,,,,,
Sintel final,market_2,x264_crf28,True,True,50,49,24,50,1,49,0,0,0..48/16,4,1,,,,,
Sintel final,market_2,x264_crf33,True,True,50,49,24,50,1,49,0,0,0..48/16,4,1,,,,,
Sintel final,market_2,x264_crf38,True,True,50,49,24,50,1,49,0,0,0..48/16,4,1,,,,,
Sintel final,market_2,x264_crf45,True,True,50,49,24,50,1,49,0,0,0..48/16,4,1,,,,,
Sintel final,market_2,nvenc_qp18,True,True,50,49,24,50,1,49,0,0,0..48/16,4,1,,,,,
Sintel final,market_2,nvenc_qp23,True,True,50,49,24,50,1,49,0,0,0..48/16,4,1,,,,,
Sintel final,market_2,nvenc_qp28,True,True,50,49,24,50,1,49,0,0,0..48/16,4,1,,,,,
Sintel final,market_2,nvenc_qp33,True,True,50,49,24,50,1,49,0,0,0..48/16,4,1,,,,,
Sintel final,market_2,nvenc_qp38,True,True,50,49,24,50,1,49,0,0,0..48/16,4,1,,,,,
Sintel final,market_2,nvenc_qp45,True,True,50,49,24,50,1,49,0,0,0..48/16,4,1,,,,,
Sintel final,market_2,x264_qp24,True,True,50,49,24,50,1,49,0,0,0..48/16,4,1,,,,,
Sintel final,market_2,x264_qp24_bf2_pb1,True,True,50,49,24,50,1,17,32,0,0..48/16,4,1,,,,,
Sintel final,market_2,nvenc_qp28_bf2_bqeq,True,True,50,49,24,50,1,17,32,0,0..48/16,4,1,,,,,
Sintel final,market_2,mpeg4_q4,True,True,50,49,24,50,1,49,0,0,0..48/16,4,1,,,,,
Sintel final,market_5,x264_crf12,True,True,50,49,24,50,1,49,0,0,0..48/16,4,1,,,,,
Sintel final,market_5,x264_crf18,True,True,50,49,24,50,1,49,0,0,0..48/16,4,1,,,,,
Sintel final,market_5,x264_crf23,True,True,50,49,24,50,1,49,0,0,0..48/16,4,1,,,,,
Sintel final,market_5,x264_crf28,True,True,50,49,24,50,1,49,0,0,0..48/16,4,1,,,,,
Sintel final,market_5,x264_crf33,True,True,50,49,24,50,1,49,0,0,0..48/16,4,1,,,,,
Sintel final,market_5,x264_crf38,True,True,50,49,24,50,1,49,0,0,0..48/16,4,1,,,,,
Sintel final,market_5,x264_crf45,True,True,50,49,24,50,1,49,0,0,0..48/16,4,1,,,,,
Sintel final,market_5,nvenc_qp18,True,True,50,49,24,50,1,49,0,0,0..48/16,4,1,,,,,
Sintel final,market_5,nvenc_qp23,True,True,50,49,24,50,1,49,0,0,0..48/16,4,1,,,,,
Sintel final,market_5,nvenc_qp28,True,True,50,49,24,50,1,49,0,0,0..48/16,4,1,,,,,
Sintel final,market_5,nvenc_qp33,True,True,50,49,24,50,1,49,0,0,0..48/16,4,1,,,,,
Sintel final,market_5,nvenc_qp38,True,True,50,49,24,50,1,49,0,0,0..48/16,4,1,,,,,
Sintel final,market_5,nvenc_qp45,True,True,50,49,24,50,1,49,0,0,0..48/16,4,1,,,,,
Sintel final,market_5,x264_qp24,True,True,50,49,24,50,1,49,0,0,0..48/16,4,1,,,,,
Sintel final,market_5,x264_qp24_bf2_pb1,True,True,50,49,24,50,1,17,32,0,0..48/16,4,1,,,,,
Sintel final,market_5,nvenc_qp28_bf2_bqeq,True,True,50,49,24,50,1,17,32,0,0..48/16,4,1,,,,,
Sintel final,market_5,mpeg4_q4,True,True,50,49,24,50,1,49,0,0,0..48/16,4,1,,,,,
Sintel final,market_6,x264_crf12,True,True,40,39,24,40,1,39,0,0,0..32/16,3,1,,,,,
Sintel final,market_6,x264_crf18,True,True,40,39,24,40,1,39,0,0,0..32/16,3,1,,,,,
Sintel final,market_6,x264_crf23,True,True,40,39,24,40,1,39,0,0,0..32/16,3,1,,,,,
Sintel final,market_6,x264_crf28,True,True,40,39,24,40,1,39,0,0,0..32/16,3,1,,,,,
Sintel final,market_6,x264_crf33,True,True,40,39,24,40,1,39,0,0,0..32/16,3,1,,,,,
Sintel final,market_6,x264_crf38,True,True,40,39,24,40,1,39,0,0,0..32/16,3,1,,,,,
Sintel final,market_6,x264_crf45,True,True,40,39,24,40,1,39,0,0,0..32/16,3,1,,,,,
Sintel final,market_6,nvenc_qp18,True,True,40,39,24,40,1,39,0,0,0..32/16,3,1,,,,,
Sintel final,market_6,nvenc_qp23,True,True,40,39,24,40,1,39,0,0,0..32/16,3,1,,,,,
Sintel final,market_6,nvenc_qp28,True,True,40,39,24,40,1,39,0,0,0..32/16,3,1,,,,,
Sintel final,market_6,nvenc_qp33,True,True,40,39,24,40,1,39,0,0,0..32/16,3,1,,,,,
Sintel final,market_6,nvenc_qp38,True,True,40,39,24,40,1,39,0,0,0..32/16,3,1,,,,,
Sintel final,market_6,nvenc_qp45,True,True,40,39,24,40,1,39,0,0,0..32/16,3,1,,,,,
Sintel final,market_6,x264_qp24,True,True,40,39,24,40,1,39,0,0,0..32/16,3,1,,,,,
Sintel final,market_6,x264_qp24_bf2_pb1,True,True,40,39,24,40,1,13,26,0,0..32/16,3,1,,,,,
Sintel final,market_6,nvenc_qp28_bf2_bqeq,True,True,40,39,24,40,1,13,26,0,0..32/16,3,1,,,,,
Sintel final,market_6,mpeg4_q4,True,True,40,39,24,40,1,39,0,0,0..32/16,3,1,,,,,
Sintel final,mountain_1,x264_crf12,True,True,50,49,24,50,1,49,0,0,0..48/16,4,1,,,,,
Sintel final,mountain_1,x264_crf18,True,True,50,49,24,50,1,49,0,0,0..48/16,4,1,,,,,
Sintel final,mountain_1,x264_crf23,True,True,50,49,24,50,1,49,0,0,0..48/16,4,1,,,,,
Sintel final,mountain_1,x264_crf28,True,True,50,49,24,50,1,49,0,0,0..48/16,4,1,,,,,
Sintel final,mountain_1,x264_crf33,True,True,50,49,24,50,1,49,0,0,0..48/16,4,1,,,,,
Sintel final,mountain_1,x264_crf38,True,True,50,49,24,50,1,49,0,0,0..48/16,4,1,,,,,
Sintel final,mountain_1,x264_crf45,True,True,50,49,24,50,1,49,0,0,0..48/16,4,1,,,,,
Sintel final,mountain_1,nvenc_qp18,True,True,50,49,24,50,1,49,0,0,0..48/16,4,1,,,,,
Sintel final,mountain_1,nvenc_qp23,True,True,50,49,24,50,1,49,0,0,0..48/16,4,1,,,,,
Sintel final,mountain_1,nvenc_qp28,True,True,50,49,24,50,1,49,0,0,0..48/16,4,1,,,,,
Sintel final,mountain_1,nvenc_qp33,True,True,50,49,24,50,1,49,0,0,0..48/16,4,1,,,,,
Sintel final,mountain_1,nvenc_qp38,True,True,50,49,24,50,1,49,0,0,0..48/16,4,1,,,,,
Sintel final,mountain_1,nvenc_qp45,True,True,50,49,24,50,1,49,0,0,0..48/16,4,1,,,,,
Sintel final,mountain_1,x264_qp24,True,True,50,49,24,50,1,49,0,0,0..48/16,4,1,,,,,
Sintel final,mountain_1,x264_qp24_bf2_pb1,True,True,50,49,24,50,1,17,32,0,0..48/16,4,1,,,,,
Sintel final,mountain_1,nvenc_qp28_bf2_bqeq,True,True,50,49,24,50,1,17,32,0,0..48/16,4,1,,,,,
Sintel final,mountain_1,mpeg4_q4,True,True,50,49,24,50,1,49,0,0,0..48/16,4,1,,,,,
Sintel final,shaman_2,x264_crf12,True,True,50,49,24,50,1,49,0,0,0..48/16,4,1,,,,,
Sintel final,shaman_2,x264_crf18,True,True,50,49,24,50,1,49,0,0,0..48/16,4,1,,,,,
Sintel final,shaman_2,x264_crf23,True,True,50,49,24,50,1,49,0,0,0..48/16,4,1,,,,,
Sintel final,shaman_2,x264_crf28,True,True,50,49,24,50,1,49,0,0,0..48/16,4,1,,,,,
Sintel final,shaman_2,x264_crf33,True,True,50,49,24,50,1,49,0,0,0..48/16,4,1,,,,,
Sintel final,shaman_2,x264_crf38,True,True,50,49,24,50,1,49,0,0,0..48/16,4,1,,,,,
Sintel final,shaman_2,x264_crf45,True,True,50,49,24,50,1,49,0,0,0..48/16,4,1,,,,,
Sintel final,shaman_2,nvenc_qp18,True,True,50,49,24,50,1,49,0,0,0..48/16,4,1,,,,,
Sintel final,shaman_2,nvenc_qp23,True,True,50,49,24,50,1,49,0,0,0..48/16,4,1,,,,,
Sintel final,shaman_2,nvenc_qp28,True,True,50,49,24,50,1,49,0,0,0..48/16,4,1,,,,,
Sintel final,shaman_2,nvenc_qp33,True,True,50,49,24,50,1,49,0,0,0..48/16,4,1,,,,,
Sintel final,shaman_2,nvenc_qp38,True,True,50,49,24,50,1,49,0,0,0..48/16,4,1,,,,,
Sintel final,shaman_2,nvenc_qp45,True,True,50,49,24,50,1,49,0,0,0..48/16,4,1,,,,,
Sintel final,shaman_2,x264_qp24,True,True,50,49,24,50,1,49,0,0,0..48/16,4,1,,,,,
Sintel final,shaman_2,x264_qp24_bf2_pb1,True,True,50,49,24,50,1,17,32,0,0..48/16,4,1,,,,,
Sintel final,shaman_2,nvenc_qp28_bf2_bqeq,True,True,50,49,24,50,1,17,32,0,0..48/16,4,1,,,,,
Sintel final,shaman_2,mpeg4_q4,True,True,50,49,24,50,1,49,0,0,0..48/16,4,1,,,,,
Sintel final,shaman_3,x264_crf12,True,True,50,49,24,50,1,49,0,0,0..48/16,4,1,,,,,
Sintel final,shaman_3,x264_crf18,True,True,50,49,24,50,1,49,0,0,0..48/16,4,1,,,,,
Sintel final,shaman_3,x264_crf23,True,True,50,49,24,50,1,49,0,0,0..48/16,4,1,,,,,
Sintel final,shaman_3,x264_crf28,True,True,50,49,24,50,1,49,0,0,0..48/16,4,1,,,,,
Sintel final,shaman_3,x264_crf33,True,True,50,49,24,50,1,49,0,0,0..48/16,4,1,,,,,
Sintel final,shaman_3,x264_crf38,True,True,50,49,24,50,1,49,0,0,0..48/16,4,1,,,,,
Sintel final,shaman_3,x264_crf45,True,True,50,49,24,50,1,49,0,0,0..48/16,4,1,,,,,
Sintel final,shaman_3,nvenc_qp18,True,True,50,49,24,50,1,49,0,0,0..48/16,4,1,,,,,
Sintel final,shaman_3,nvenc_qp23,True,True,50,49,24,50,1,49,0,0,0..48/16,4,1,,,,,
Sintel final,shaman_3,nvenc_qp28,True,True,50,49,24,50,1,49,0,0,0..48/16,4,1,,,,,
Sintel final,shaman_3,nvenc_qp33,True,True,50,49,24,50,1,49,0,0,0..48/16,4,1,,,,,
Sintel final,shaman_3,nvenc_qp38,True,True,50,49,24,50,1,49,0,0,0..48/16,4,1,,,,,
Sintel final,shaman_3,nvenc_qp45,True,True,50,49,24,50,1,49,0,0,0..48/16,4,1,,,,,
Sintel final,shaman_3,x264_qp24,True,True,50,49,24,50,1,49,0,0,0..48/16,4,1,,,,,
Sintel final,shaman_3,x264_qp24_bf2_pb1,True,True,50,49,24,50,1,17,32,0,0..48/16,4,1,,,,,
Sintel final,shaman_3,nvenc_qp28_bf2_bqeq,True,True,50,49,24,50,1,17,32,0,0..48/16,4,1,,,,,
Sintel final,shaman_3,mpeg4_q4,True,True,50,49,24,50,1,49,0,0,0..48/16,4,1,,,,,
Sintel final,sleeping_1,x264_crf12,True,True,50,49,24,50,1,49,0,0,0..48/16,4,1,,,,,
Sintel final,sleeping_1,x264_crf18,True,True,50,49,24,50,1,49,0,0,0..48/16,4,1,,,,,
Sintel final,sleeping_1,x264_crf23,True,True,50,49,24,50,1,49,0,0,0..48/16,4,1,,,,,
Sintel final,sleeping_1,x264_crf28,True,True,50,49,24,50,1,49,0,0,0..48/16,4,1,,,,,
Sintel final,sleeping_1,x264_crf33,True,True,50,49,24,50,1,49,0,0,0..48/16,4,1,,,,,
Sintel final,sleeping_1,x264_crf38,True,True,50,49,24,50,1,49,0,0,0..48/16,4,1,,,,,
Sintel final,sleeping_1,x264_crf45,True,True,50,49,24,50,1,49,0,0,0..48/16,4,1,,,,,
Sintel final,sleeping_1,nvenc_qp18,True,True,50,49,24,50,1,49,0,0,0..48/16,4,1,,,,,
Sintel final,sleeping_1,nvenc_qp23,True,True,50,49,24,50,1,49,0,0,0..48/16,4,1,,,,,
Sintel final,sleeping_1,nvenc_qp28,True,True,50,49,24,50,1,49,0,0,0..48/16,4,1,,,,,
Sintel final,sleeping_1,nvenc_qp33,True,True,50,49,24,50,1,49,0,0,0..48/16,4,1,,,,,
Sintel final,sleeping_1,nvenc_qp38,True,True,50,49,24,50,1,49,0,0,0..48/16,4,1,,,,,
Sintel final,sleeping_1,nvenc_qp45,True,True,50,49,24,50,1,49,0,0,0..48/16,4,1,,,,,
Sintel final,sleeping_1,x264_qp24,True,True,50,49,24,50,1,49,0,0,0..48/16,4,1,,,,,
Sintel final,sleeping_1,x264_qp24_bf2_pb1,True,True,50,49,24,50,1,17,32,0,0..48/16,4,1,,,,,
Sintel final,sleeping_1,nvenc_qp28_bf2_bqeq,True,True,50,49,24,50,1,17,32,0,0..48/16,4,1,,,,,
Sintel final,sleeping_1,mpeg4_q4,True,True,50,49,24,50,1,49,0,0,0..48/16,4,1,,,,,
Sintel final,sleeping_2,x264_crf12,True,True,50,49,24,50,1,49,0,0,0..48/16,4,1,,,,,
Sintel final,sleeping_2,x264_crf18,True,True,50,49,24,50,1,49,0,0,0..48/16,4,1,,,,,
Sintel final,sleeping_2,x264_crf23,True,True,50,49,24,50,1,49,0,0,0..48/16,4,1,,,,,
Sintel final,sleeping_2,x264_crf28,True,True,50,49,24,50,1,49,0,0,0..48/16,4,1,,,,,
Sintel final,sleeping_2,x264_crf33,True,True,50,49,24,50,1,49,0,0,0..48/16,4,1,,,,,
Sintel final,sleeping_2,x264_crf38,True,True,50,49,24,50,1,49,0,0,0..48/16,4,1,,,,,
Sintel final,sleeping_2,x264_crf45,True,True,50,49,24,50,1,49,0,0,0..48/16,4,1,,,,,
Sintel final,sleeping_2,nvenc_qp18,True,True,50,49,24,50,1,49,0,0,0..48/16,4,1,,,,,
Sintel final,sleeping_2,nvenc_qp23,True,True,50,49,24,50,1,49,0,0,0..48/16,4,1,,,,,
Sintel final,sleeping_2,nvenc_qp28,True,True,50,49,24,50,1,49,0,0,0..48/16,4,1,,,,,
Sintel final,sleeping_2,nvenc_qp33,True,True,50,49,24,50,1,49,0,0,0..48/16,4,1,,,,,
Sintel final,sleeping_2,nvenc_qp38,True,True,50,49,24,50,1,49,0,0,0..48/16,4,1,,,,,
Sintel final,sleeping_2,nvenc_qp45,True,True,50,49,24,50,1,49,0,0,0..48/16,4,1,,,,,
Sintel final,sleeping_2,x264_qp24,True,True,50,49,24,50,1,49,0,0,0..48/16,4,1,,,,,
Sintel final,sleeping_2,x264_qp24_bf2_pb1,True,True,50,49,24,50,1,17,32,0,0..48/16,4,1,,,,,
Sintel final,sleeping_2,nvenc_qp28_bf2_bqeq,True,True,50,49,24,50,1,17,32,0,0..48/16,4,1,,,,,
Sintel final,sleeping_2,mpeg4_q4,True,True,50,49,24,50,1,49,0,0,0..48/16,4,1,,,,,
Sintel final,temple_2,x264_crf12,True,True,50,49,24,50,1,49,0,0,0..48/16,4,1,,,,,
Sintel final,temple_2,x264_crf18,True,True,50,49,24,50,1,49,0,0,0..48/16,4,1,,,,,
Sintel final,temple_2,x264_crf23,True,True,50,49,24,50,1,49,0,0,0..48/16,4,1,,,,,
Sintel final,temple_2,x264_crf28,True,True,50,49,24,50,1,49,0,0,0..48/16,4,1,,,,,
Sintel final,temple_2,x264_crf33,True,True,50,49,24,50,1,49,0,0,0..48/16,4,1,,,,,
Sintel final,temple_2,x264_crf38,True,True,50,49,24,50,1,49,0,0,0..48/16,4,1,,,,,
Sintel final,temple_2,x264_crf45,True,True,50,49,24,50,1,49,0,0,0..48/16,4,1,,,,,
Sintel final,temple_2,nvenc_qp18,True,True,50,49,24,50,1,49,0,0,0..48/16,4,1,,,,,
Sintel final,temple_2,nvenc_qp23,True,True,50,49,24,50,1,49,0,0,0..48/16,4,1,,,,,
Sintel final,temple_2,nvenc_qp28,True,True,50,49,24,50,1,49,0,0,0..48/16,4,1,,,,,
Sintel final,temple_2,nvenc_qp33,True,True,50,49,24,50,1,49,0,0,0..48/16,4,1,,,,,
Sintel final,temple_2,nvenc_qp38,True,True,50,49,24,50,1,49,0,0,0..48/16,4,1,,,,,
Sintel final,temple_2,nvenc_qp45,True,True,50,49,24,50,1,49,0,0,0..48/16,4,1,,,,,
Sintel final,temple_2,x264_qp24,True,True,50,49,24,50,1,49,0,0,0..48/16,4,1,,,,,
Sintel final,temple_2,x264_qp24_bf2_pb1,True,True,50,49,24,50,1,17,32,0,0..48/16,4,1,,,,,
Sintel final,temple_2,nvenc_qp28_bf2_bqeq,True,True,50,49,24,50,1,17,32,0,0..48/16,4,1,,,,,
Sintel final,temple_2,mpeg4_q4,True,True,50,49,24,50,1,49,0,0,0..48/16,4,1,,,,,
Sintel final,temple_3,x264_crf12,True,True,50,49,24,50,1,49,0,0,0..48/16,4,1,,,,,
Sintel final,temple_3,x264_crf18,True,True,50,49,24,50,1,49,0,0,0..48/16,4,1,,,,,
Sintel final,temple_3,x264_crf23,True,True,50,49,24,50,1,49,0,0,0..48/16,4,1,,,,,
Sintel final,temple_3,x264_crf28,True,True,50,49,24,50,1,49,0,0,0..48/16,4,1,,,,,
Sintel final,temple_3,x264_crf33,True,True,50,49,24,50,1,49,0,0,0..48/16,4,1,,,,,
Sintel final,temple_3,x264_crf38,True,True,50,49,24,50,1,49,0,0,0..48/16,4,1,,,,,
Sintel final,temple_3,x264_crf45,True,True,50,49,24,50,1,49,0,0,0..48/16,4,1,,,,,
Sintel final,temple_3,nvenc_qp18,True,True,50,49,24,50,1,49,0,0,0..48/16,4,1,,,,,
Sintel final,temple_3,nvenc_qp23,True,True,50,49,24,50,1,49,0,0,0..48/16,4,1,,,,,
Sintel final,temple_3,nvenc_qp28,True,True,50,49,24,50,1,49,0,0,0..48/16,4,1,,,,,
Sintel final,temple_3,nvenc_qp33,True,True,50,49,24,50,1,49,0,0,0..48/16,4,1,,,,,
Sintel final,temple_3,nvenc_qp38,True,True,50,49,24,50,1,49,0,0,0..48/16,4,1,,,,,
Sintel final,temple_3,nvenc_qp45,True,True,50,49,24,50,1,49,0,0,0..48/16,4,1,,,,,
Sintel final,temple_3,x264_qp24,True,True,50,49,24,50,1,49,0,0,0..48/16,4,1,,,,,
Sintel final,temple_3,x264_qp24_bf2_pb1,True,True,50,49,24,50,1,17,32,0,0..48/16,4,1,,,,,
Sintel final,temple_3,nvenc_qp28_bf2_bqeq,True,True,50,49,24,50,1,17,32,0,0..48/16,4,1,,,,,
Sintel final,temple_3,mpeg4_q4,True,True,50,49,24,50,1,49,0,0,0..48/16,4,1,,,,,
CCTV confirmatory,VIRAT_S_000206_07_001501_001600,x264_crf12,True,True,300,299,30,300,2,298,0,"0,250","0..240/16,250..298/16",20,2,VIRAT_S_000206,15.0,20.0,"0,240,255",3.0
CCTV confirmatory,VIRAT_S_000206_07_001501_001600,x264_crf45,True,True,300,299,30,300,2,298,0,"0,250","0..240/16,250..298/16",20,2,VIRAT_S_000206,15.0,20.0,"0,240,255",3.0
CCTV confirmatory,VIRAT_S_000206_07_001501_001600,x264_qp24,True,True,300,299,30,300,2,298,0,"0,250","0..240/16,250..298/16",20,2,VIRAT_S_000206,15.0,20.0,"0,240,255",3.0
CCTV confirmatory,VIRAT_S_000206_07_001501_001600,x264_qp24_bf2_pb1,True,True,300,299,30,300,2,100,198,"0,250","0..240/16,250..298/16",20,2,VIRAT_S_000206,15.0,20.0,"0,240,255",3.0
CCTV confirmatory,VIRAT_S_000206_07_001501_001600,nvenc_qp18,True,True,300,299,30,300,2,298,0,"0,250","0..240/16,250..298/16",20,2,VIRAT_S_000206,15.0,20.0,"0,240,255",3.0
CCTV confirmatory,VIRAT_S_000206_07_001501_001600,nvenc_qp23,True,True,300,299,30,300,2,298,0,"0,250","0..240/16,250..298/16",20,2,VIRAT_S_000206,15.0,20.0,"0,240,255",3.0
CCTV confirmatory,VIRAT_S_000206_07_001501_001600,nvenc_qp45,True,True,300,299,30,300,2,298,0,"0,250","0..240/16,250..298/16",20,2,VIRAT_S_000206,15.0,20.0,"0,240,255",3.0
CCTV confirmatory,VIRAT_S_000206_07_001501_001600,nvenc_qp28,True,True,300,299,30,300,2,298,0,"0,250","0..240/16,250..298/16",20,2,VIRAT_S_000206,15.0,20.0,"0,240,255",3.0
CCTV confirmatory,VIRAT_S_000206_07_001501_001600,nvenc_qp28_bf2_bqeq,True,True,300,299,30,300,2,100,198,"0,250","0..240/16,250..298/16",20,2,VIRAT_S_000206,15.0,20.0,"0,240,255",3.0
CCTV confirmatory,VIRAT_S_000206_08_001618_001712,x264_crf12,True,True,300,299,30,300,2,298,0,"0,250","0..240/16,250..298/16",20,2,VIRAT_S_000206,15.0,20.0,"0,240,255",3.0
CCTV confirmatory,VIRAT_S_000206_08_001618_001712,x264_crf45,True,True,300,299,30,300,2,298,0,"0,250","0..240/16,250..298/16",20,2,VIRAT_S_000206,15.0,20.0,"0,240,255",3.0
CCTV confirmatory,VIRAT_S_000206_08_001618_001712,x264_qp24,True,True,300,299,30,300,2,298,0,"0,250","0..240/16,250..298/16",20,2,VIRAT_S_000206,15.0,20.0,"0,240,255",3.0
CCTV confirmatory,VIRAT_S_000206_08_001618_001712,x264_qp24_bf2_pb1,True,True,300,299,30,300,2,100,198,"0,250","0..240/16,250..298/16",20,2,VIRAT_S_000206,15.0,20.0,"0,240,255",3.0
CCTV confirmatory,VIRAT_S_000206_08_001618_001712,nvenc_qp18,True,True,300,299,30,300,2,298,0,"0,250","0..240/16,250..298/16",20,2,VIRAT_S_000206,15.0,20.0,"0,240,255",3.0
CCTV confirmatory,VIRAT_S_000206_08_001618_001712,nvenc_qp23,True,True,300,299,30,300,2,298,0,"0,250","0..240/16,250..298/16",20,2,VIRAT_S_000206,15.0,20.0,"0,240,255",3.0
CCTV confirmatory,VIRAT_S_000206_08_001618_001712,nvenc_qp45,True,True,300,299,30,300,2,298,0,"0,250","0..240/16,250..298/16",20,2,VIRAT_S_000206,15.0,20.0,"0,240,255",3.0
CCTV confirmatory,VIRAT_S_000206_08_001618_001712,nvenc_qp28,True,True,300,299,30,300,2,298,0,"0,250","0..240/16,250..298/16",20,2,VIRAT_S_000206,15.0,20.0,"0,240,255",3.0
CCTV confirmatory,VIRAT_S_000206_08_001618_001712,nvenc_qp28_bf2_bqeq,True,True,300,299,30,300,2,100,198,"0,250","0..240/16,250..298/16",20,2,VIRAT_S_000206,15.0,20.0,"0,240,255",3.0
CCTV confirmatory,VIRAT_S_000207_00_000000_000045,x264_crf12,True,True,300,299,30,300,2,298,0,"0,250","0..240/16,250..298/16",20,2,VIRAT_S_000207,15.0,20.0,"0,240,255",3.0
CCTV confirmatory,VIRAT_S_000207_00_000000_000045,x264_crf45,True,True,300,299,30,300,2,298,0,"0,250","0..240/16,250..298/16",20,2,VIRAT_S_000207,15.0,20.0,"0,240,255",3.0
CCTV confirmatory,VIRAT_S_000207_00_000000_000045,x264_qp24,True,True,300,299,30,300,2,298,0,"0,250","0..240/16,250..298/16",20,2,VIRAT_S_000207,15.0,20.0,"0,240,255",3.0
CCTV confirmatory,VIRAT_S_000207_00_000000_000045,x264_qp24_bf2_pb1,True,True,300,299,30,300,2,100,198,"0,250","0..240/16,250..298/16",20,2,VIRAT_S_000207,15.0,20.0,"0,240,255",3.0
CCTV confirmatory,VIRAT_S_000207_00_000000_000045,nvenc_qp18,True,True,300,299,30,300,2,298,0,"0,250","0..240/16,250..298/16",20,2,VIRAT_S_000207,15.0,20.0,"0,240,255",3.0
CCTV confirmatory,VIRAT_S_000207_00_000000_000045,nvenc_qp23,True,True,300,299,30,300,2,298,0,"0,250","0..240/16,250..298/16",20,2,VIRAT_S_000207,15.0,20.0,"0,240,255",3.0
CCTV confirmatory,VIRAT_S_000207_00_000000_000045,nvenc_qp45,True,True,300,299,30,300,2,298,0,"0,250","0..240/16,250..298/16",20,2,VIRAT_S_000207,15.0,20.0,"0,240,255",3.0
CCTV confirmatory,VIRAT_S_000207_00_000000_000045,nvenc_qp28,True,True,300,299,30,300,2,298,0,"0,250","0..240/16,250..298/16",20,2,VIRAT_S_000207,15.0,20.0,"0,240,255",3.0
CCTV confirmatory,VIRAT_S_000207_00_000000_000045,nvenc_qp28_bf2_bqeq,True,True,300,299,30,300,2,100,198,"0,250","0..240/16,250..298/16",20,2,VIRAT_S_000207,15.0,20.0,"0,240,255",3.0
CCTV confirmatory,VIRAT_S_000207_01_000094_000156,x264_crf12,True,True,300,299,30,300,2,298,0,"0,250","0..240/16,250..298/16",20,2,VIRAT_S_000207,15.0,20.0,"0,240,255",3.0
CCTV confirmatory,VIRAT_S_000207_01_000094_000156,x264_crf45,True,True,300,299,30,300,2,298,0,"0,250","0..240/16,250..298/16",20,2,VIRAT_S_000207,15.0,20.0,"0,240,255",3.0
CCTV confirmatory,VIRAT_S_000207_01_000094_000156,x264_qp24,True,True,300,299,30,300,2,298,0,"0,250","0..240/16,250..298/16",20,2,VIRAT_S_000207,15.0,20.0,"0,240,255",3.0
CCTV confirmatory,VIRAT_S_000207_01_000094_000156,x264_qp24_bf2_pb1,True,True,300,299,30,300,2,100,198,"0,250","0..240/16,250..298/16",20,2,VIRAT_S_000207,15.0,20.0,"0,240,255",3.0
CCTV confirmatory,VIRAT_S_000207_01_000094_000156,nvenc_qp18,True,True,300,299,30,300,2,298,0,"0,250","0..240/16,250..298/16",20,2,VIRAT_S_000207,15.0,20.0,"0,240,255",3.0
CCTV confirmatory,VIRAT_S_000207_01_000094_000156,nvenc_qp23,True,True,300,299,30,300,2,298,0,"0,250","0..240/16,250..298/16",20,2,VIRAT_S_000207,15.0,20.0,"0,240,255",3.0
CCTV confirmatory,VIRAT_S_000207_01_000094_000156,nvenc_qp45,True,True,300,299,30,300,2,298,0,"0,250","0..240/16,250..298/16",20,2,VIRAT_S_000207,15.0,20.0,"0,240,255",3.0
CCTV confirmatory,VIRAT_S_000207_01_000094_000156,nvenc_qp28,True,True,300,299,30,300,2,298,0,"0,250","0..240/16,250..298/16",20,2,VIRAT_S_000207,15.0,20.0,"0,240,255",3.0
CCTV confirmatory,VIRAT_S_000207_01_000094_000156,nvenc_qp28_bf2_bqeq,True,True,300,299,30,300,2,100,198,"0,250","0..240/16,250..298/16",20,2,VIRAT_S_000207,15.0,20.0,"0,240,255",3.0
CCTV confirmatory,VIRAT_S_000207_03_000556_000590,x264_crf12,True,True,300,299,30,300,2,298,0,"0,250","0..240/16,250..298/16",20,2,VIRAT_S_000207,15.0,20.0,"0,240,255",3.0
CCTV confirmatory,VIRAT_S_000207_03_000556_000590,x264_crf45,True,True,300,299,30,300,2,298,0,"0,250","0..240/16,250..298/16",20,2,VIRAT_S_000207,15.0,20.0,"0,240,255",3.0
CCTV confirmatory,VIRAT_S_000207_03_000556_000590,x264_qp24,True,True,300,299,30,300,2,298,0,"0,250","0..240/16,250..298/16",20,2,VIRAT_S_000207,15.0,20.0,"0,240,255",3.0
CCTV confirmatory,VIRAT_S_000207_03_000556_000590,x264_qp24_bf2_pb1,True,True,300,299,30,300,2,100,198,"0,250","0..240/16,250..298/16",20,2,VIRAT_S_000207,15.0,20.0,"0,240,255",3.0
CCTV confirmatory,VIRAT_S_000207_03_000556_000590,nvenc_qp18,True,True,300,299,30,300,2,298,0,"0,250","0..240/16,250..298/16",20,2,VIRAT_S_000207,15.0,20.0,"0,240,255",3.0
CCTV confirmatory,VIRAT_S_000207_03_000556_000590,nvenc_qp23,True,True,300,299,30,300,2,298,0,"0,250","0..240/16,250..298/16",20,2,VIRAT_S_000207,15.0,20.0,"0,240,255",3.0
CCTV confirmatory,VIRAT_S_000207_03_000556_000590,nvenc_qp45,True,True,300,299,30,300,2,298,0,"0,250","0..240/16,250..298/16",20,2,VIRAT_S_000207,15.0,20.0,"0,240,255",3.0
CCTV confirmatory,VIRAT_S_000207_03_000556_000590,nvenc_qp28,True,True,300,299,30,300,2,298,0,"0,250","0..240/16,250..298/16",20,2,VIRAT_S_000207,15.0,20.0,"0,240,255",3.0
CCTV confirmatory,VIRAT_S_000207_03_000556_000590,nvenc_qp28_bf2_bqeq,True,True,300,299,30,300,2,100,198,"0,250","0..240/16,250..298/16",20,2,VIRAT_S_000207,15.0,20.0,"0,240,255",3.0
CCTV confirmatory,VIRAT_S_000207_04_000902_000934,x264_crf12,True,True,300,299,30,300,2,298,0,"0,250","0..240/16,250..298/16",20,2,VIRAT_S_000207,15.0,20.0,"0,240,255",3.0
CCTV confirmatory,VIRAT_S_000207_04_000902_000934,x264_crf45,True,True,300,299,30,300,2,298,0,"0,250","0..240/16,250..298/16",20,2,VIRAT_S_000207,15.0,20.0,"0,240,255",3.0
CCTV confirmatory,VIRAT_S_000207_04_000902_000934,x264_qp24,True,True,300,299,30,300,2,298,0,"0,250","0..240/16,250..298/16",20,2,VIRAT_S_000207,15.0,20.0,"0,240,255",3.0
CCTV confirmatory,VIRAT_S_000207_04_000902_000934,x264_qp24_bf2_pb1,True,True,300,299,30,300,2,100,198,"0,250","0..240/16,250..298/16",20,2,VIRAT_S_000207,15.0,20.0,"0,240,255",3.0
CCTV confirmatory,VIRAT_S_000207_04_000902_000934,nvenc_qp18,True,True,300,299,30,300,2,298,0,"0,250","0..240/16,250..298/16",20,2,VIRAT_S_000207,15.0,20.0,"0,240,255",3.0
CCTV confirmatory,VIRAT_S_000207_04_000902_000934,nvenc_qp23,True,True,300,299,30,300,2,298,0,"0,250","0..240/16,250..298/16",20,2,VIRAT_S_000207,15.0,20.0,"0,240,255",3.0
CCTV confirmatory,VIRAT_S_000207_04_000902_000934,nvenc_qp45,True,True,300,299,30,300,2,298,0,"0,250","0..240/16,250..298/16",20,2,VIRAT_S_000207,15.0,20.0,"0,240,255",3.0
CCTV confirmatory,VIRAT_S_000207_04_000902_000934,nvenc_qp28,True,True,300,299,30,300,2,298,0,"0,250","0..240/16,250..298/16",20,2,VIRAT_S_000207,15.0,20.0,"0,240,255",3.0
CCTV confirmatory,VIRAT_S_000207_04_000902_000934,nvenc_qp28_bf2_bqeq,True,True,300,299,30,300,2,100,198,"0,250","0..240/16,250..298/16",20,2,VIRAT_S_000207,15.0,20.0,"0,240,255",3.0
CCTV confirmatory,VIRAT_S_000207_05_001125_001193,x264_crf12,True,True,300,299,30,300,2,298,0,"0,250","0..240/16,250..298/16",20,2,VIRAT_S_000207,15.0,20.0,"0,240,255",3.0
CCTV confirmatory,VIRAT_S_000207_05_001125_001193,x264_crf45,True,True,300,299,30,300,2,298,0,"0,250","0..240/16,250..298/16",20,2,VIRAT_S_000207,15.0,20.0,"0,240,255",3.0
CCTV confirmatory,VIRAT_S_000207_05_001125_001193,x264_qp24,True,True,300,299,30,300,2,298,0,"0,250","0..240/16,250..298/16",20,2,VIRAT_S_000207,15.0,20.0,"0,240,255",3.0
CCTV confirmatory,VIRAT_S_000207_05_001125_001193,x264_qp24_bf2_pb1,True,True,300,299,30,300,2,100,198,"0,250","0..240/16,250..298/16",20,2,VIRAT_S_000207,15.0,20.0,"0,240,255",3.0
CCTV confirmatory,VIRAT_S_000207_05_001125_001193,nvenc_qp18,True,True,300,299,30,300,2,298,0,"0,250","0..240/16,250..298/16",20,2,VIRAT_S_000207,15.0,20.0,"0,240,255",3.0
CCTV confirmatory,VIRAT_S_000207_05_001125_001193,nvenc_qp23,True,True,300,299,30,300,2,298,0,"0,250","0..240/16,250..298/16",20,2,VIRAT_S_000207,15.0,20.0,"0,240,255",3.0
CCTV confirmatory,VIRAT_S_000207_05_001125_001193,nvenc_qp45,True,True,300,299,30,300,2,298,0,"0,250","0..240/16,250..298/16",20,2,VIRAT_S_000207,15.0,20.0,"0,240,255",3.0
CCTV confirmatory,VIRAT_S_000207_05_001125_001193,nvenc_qp28,True,True,300,299,30,300,2,298,0,"0,250","0..240/16,250..298/16",20,2,VIRAT_S_000207,15.0,20.0,"0,240,255",3.0
CCTV confirmatory,VIRAT_S_000207_05_001125_001193,nvenc_qp28_bf2_bqeq,True,True,300,299,30,300,2,100,198,"0,250","0..240/16,250..298/16",20,2,VIRAT_S_000207,15.0,20.0,"0,240,255",3.0
CCTV confirmatory,VIRAT_S_010000_00_000000_000165,x264_crf12,True,True,300,299,2397/100,300,2,298,0,"0,250","0..240/16,250..298/16",20,2,VIRAT_S_010000,12.0,25.0,"0,192,252",3.0
CCTV confirmatory,VIRAT_S_010000_00_000000_000165,x264_crf45,True,True,300,299,2397/100,300,2,298,0,"0,250","0..240/16,250..298/16",20,2,VIRAT_S_010000,12.0,25.0,"0,192,252",3.0
CCTV confirmatory,VIRAT_S_010000_00_000000_000165,x264_qp24,True,True,300,299,2397/100,300,2,298,0,"0,250","0..240/16,250..298/16",20,2,VIRAT_S_010000,12.0,25.0,"0,192,252",3.0
CCTV confirmatory,VIRAT_S_010000_00_000000_000165,x264_qp24_bf2_pb1,True,True,300,299,2397/100,300,2,100,198,"0,250","0..240/16,250..298/16",20,2,VIRAT_S_010000,12.0,25.0,"0,192,252",3.0
CCTV confirmatory,VIRAT_S_010000_00_000000_000165,nvenc_qp18,True,True,300,299,2397/100,300,2,298,0,"0,250","0..240/16,250..298/16",20,2,VIRAT_S_010000,12.0,25.0,"0,192,252",3.0
CCTV confirmatory,VIRAT_S_010000_00_000000_000165,nvenc_qp23,True,True,300,299,2397/100,300,2,298,0,"0,250","0..240/16,250..298/16",20,2,VIRAT_S_010000,12.0,25.0,"0,192,252",3.0
CCTV confirmatory,VIRAT_S_010000_00_000000_000165,nvenc_qp45,True,True,300,299,2397/100,300,2,298,0,"0,250","0..240/16,250..298/16",20,2,VIRAT_S_010000,12.0,25.0,"0,192,252",3.0
CCTV confirmatory,VIRAT_S_010000_00_000000_000165,nvenc_qp28,True,True,300,299,2397/100,300,2,298,0,"0,250","0..240/16,250..298/16",20,2,VIRAT_S_010000,12.0,25.0,"0,192,252",3.0
CCTV confirmatory,VIRAT_S_010000_00_000000_000165,nvenc_qp28_bf2_bqeq,True,True,300,299,2397/100,300,2,100,198,"0,250","0..240/16,250..298/16",20,2,VIRAT_S_010000,12.0,25.0,"0,192,252",3.0
CCTV confirmatory,VIRAT_S_010000_01_000184_000324,x264_crf12,True,True,300,299,2397/100,300,2,298,0,"0,250","0..240/16,250..298/16",20,2,VIRAT_S_010000,12.0,25.0,"0,192,252",3.0
CCTV confirmatory,VIRAT_S_010000_01_000184_000324,x264_crf45,True,True,300,299,2397/100,300,2,298,0,"0,250","0..240/16,250..298/16",20,2,VIRAT_S_010000,12.0,25.0,"0,192,252",3.0
CCTV confirmatory,VIRAT_S_010000_01_000184_000324,x264_qp24,True,True,300,299,2397/100,300,2,298,0,"0,250","0..240/16,250..298/16",20,2,VIRAT_S_010000,12.0,25.0,"0,192,252",3.0
CCTV confirmatory,VIRAT_S_010000_01_000184_000324,x264_qp24_bf2_pb1,True,True,300,299,2397/100,300,2,100,198,"0,250","0..240/16,250..298/16",20,2,VIRAT_S_010000,12.0,25.0,"0,192,252",3.0
CCTV confirmatory,VIRAT_S_010000_01_000184_000324,nvenc_qp18,True,True,300,299,2397/100,300,2,298,0,"0,250","0..240/16,250..298/16",20,2,VIRAT_S_010000,12.0,25.0,"0,192,252",3.0
CCTV confirmatory,VIRAT_S_010000_01_000184_000324,nvenc_qp23,True,True,300,299,2397/100,300,2,298,0,"0,250","0..240/16,250..298/16",20,2,VIRAT_S_010000,12.0,25.0,"0,192,252",3.0
CCTV confirmatory,VIRAT_S_010000_01_000184_000324,nvenc_qp45,True,True,300,299,2397/100,300,2,298,0,"0,250","0..240/16,250..298/16",20,2,VIRAT_S_010000,12.0,25.0,"0,192,252",3.0
CCTV confirmatory,VIRAT_S_010000_01_000184_000324,nvenc_qp28,True,True,300,299,2397/100,300,2,298,0,"0,250","0..240/16,250..298/16",20,2,VIRAT_S_010000,12.0,25.0,"0,192,252",3.0
CCTV confirmatory,VIRAT_S_010000_01_000184_000324,nvenc_qp28_bf2_bqeq,True,True,300,299,2397/100,300,2,100,198,"0,250","0..240/16,250..298/16",20,2,VIRAT_S_010000,12.0,25.0,"0,192,252",3.0
CCTV confirmatory,VIRAT_S_010000_06_000728_000762,x264_crf12,True,True,300,299,2397/100,300,2,298,0,"0,250","0..240/16,250..298/16",20,2,VIRAT_S_010000,12.0,25.0,"0,192,252",3.0
CCTV confirmatory,VIRAT_S_010000_06_000728_000762,x264_crf45,True,True,300,299,2397/100,300,2,298,0,"0,250","0..240/16,250..298/16",20,2,VIRAT_S_010000,12.0,25.0,"0,192,252",3.0
CCTV confirmatory,VIRAT_S_010000_06_000728_000762,x264_qp24,True,True,300,299,2397/100,300,2,298,0,"0,250","0..240/16,250..298/16",20,2,VIRAT_S_010000,12.0,25.0,"0,192,252",3.0
CCTV confirmatory,VIRAT_S_010000_06_000728_000762,x264_qp24_bf2_pb1,True,True,300,299,2397/100,300,2,100,198,"0,250","0..240/16,250..298/16",20,2,VIRAT_S_010000,12.0,25.0,"0,192,252",3.0
CCTV confirmatory,VIRAT_S_010000_06_000728_000762,nvenc_qp18,True,True,300,299,2397/100,300,2,298,0,"0,250","0..240/16,250..298/16",20,2,VIRAT_S_010000,12.0,25.0,"0,192,252",3.0
CCTV confirmatory,VIRAT_S_010000_06_000728_000762,nvenc_qp23,True,True,300,299,2397/100,300,2,298,0,"0,250","0..240/16,250..298/16",20,2,VIRAT_S_010000,12.0,25.0,"0,192,252",3.0
CCTV confirmatory,VIRAT_S_010000_06_000728_000762,nvenc_qp45,True,True,300,299,2397/100,300,2,298,0,"0,250","0..240/16,250..298/16",20,2,VIRAT_S_010000,12.0,25.0,"0,192,252",3.0
CCTV confirmatory,VIRAT_S_010000_06_000728_000762,nvenc_qp28,True,True,300,299,2397/100,300,2,298,0,"0,250","0..240/16,250..298/16",20,2,VIRAT_S_010000,12.0,25.0,"0,192,252",3.0
CCTV confirmatory,VIRAT_S_010000_06_000728_000762,nvenc_qp28_bf2_bqeq,True,True,300,299,2397/100,300,2,100,198,"0,250","0..240/16,250..298/16",20,2,VIRAT_S_010000,12.0,25.0,"0,192,252",3.0
CCTV confirmatory,VIRAT_S_010000_07_000827_000860,x264_crf12,True,True,300,299,2397/100,300,2,298,0,"0,250","0..240/16,250..298/16",20,2,VIRAT_S_010000,12.0,25.0,"0,192,252",3.0
CCTV confirmatory,VIRAT_S_010000_07_000827_000860,x264_crf45,True,True,300,299,2397/100,300,2,298,0,"0,250","0..240/16,250..298/16",20,2,VIRAT_S_010000,12.0,25.0,"0,192,252",3.0
CCTV confirmatory,VIRAT_S_010000_07_000827_000860,x264_qp24,True,True,300,299,2397/100,300,2,298,0,"0,250","0..240/16,250..298/16",20,2,VIRAT_S_010000,12.0,25.0,"0,192,252",3.0
CCTV confirmatory,VIRAT_S_010000_07_000827_000860,x264_qp24_bf2_pb1,True,True,300,299,2397/100,300,2,100,198,"0,250","0..240/16,250..298/16",20,2,VIRAT_S_010000,12.0,25.0,"0,192,252",3.0
CCTV confirmatory,VIRAT_S_010000_07_000827_000860,nvenc_qp18,True,True,300,299,2397/100,300,2,298,0,"0,250","0..240/16,250..298/16",20,2,VIRAT_S_010000,12.0,25.0,"0,192,252",3.0
CCTV confirmatory,VIRAT_S_010000_07_000827_000860,nvenc_qp23,True,True,300,299,2397/100,300,2,298,0,"0,250","0..240/16,250..298/16",20,2,VIRAT_S_010000,12.0,25.0,"0,192,252",3.0
CCTV confirmatory,VIRAT_S_010000_07_000827_000860,nvenc_qp45,True,True,300,299,2397/100,300,2,298,0,"0,250","0..240/16,250..298/16",20,2,VIRAT_S_010000,12.0,25.0,"0,192,252",3.0
CCTV confirmatory,VIRAT_S_010000_07_000827_000860,nvenc_qp28,True,True,300,299,2397/100,300,2,298,0,"0,250","0..240/16,250..298/16",20,2,VIRAT_S_010000,12.0,25.0,"0,192,252",3.0
CCTV confirmatory,VIRAT_S_010000_07_000827_000860,nvenc_qp28_bf2_bqeq,True,True,300,299,2397/100,300,2,100,198,"0,250","0..240/16,250..298/16",20,2,VIRAT_S_010000,12.0,25.0,"0,192,252",3.0
CCTV confirmatory,VIRAT_S_010002_02_000174_000204,x264_crf12,True,True,300,299,2397/100,300,2,298,0,"0,250","0..240/16,250..298/16",20,2,VIRAT_S_010002,12.0,25.0,"0,192,252",3.0
CCTV confirmatory,VIRAT_S_010002_02_000174_000204,x264_crf45,True,True,300,299,2397/100,300,2,298,0,"0,250","0..240/16,250..298/16",20,2,VIRAT_S_010002,12.0,25.0,"0,192,252",3.0
CCTV confirmatory,VIRAT_S_010002_02_000174_000204,x264_qp24,True,True,300,299,2397/100,300,2,298,0,"0,250","0..240/16,250..298/16",20,2,VIRAT_S_010002,12.0,25.0,"0,192,252",3.0
CCTV confirmatory,VIRAT_S_010002_02_000174_000204,x264_qp24_bf2_pb1,True,True,300,299,2397/100,300,2,100,198,"0,250","0..240/16,250..298/16",20,2,VIRAT_S_010002,12.0,25.0,"0,192,252",3.0
CCTV confirmatory,VIRAT_S_010002_02_000174_000204,nvenc_qp18,True,True,300,299,2397/100,300,2,298,0,"0,250","0..240/16,250..298/16",20,2,VIRAT_S_010002,12.0,25.0,"0,192,252",3.0
CCTV confirmatory,VIRAT_S_010002_02_000174_000204,nvenc_qp23,True,True,300,299,2397/100,300,2,298,0,"0,250","0..240/16,250..298/16",20,2,VIRAT_S_010002,12.0,25.0,"0,192,252",3.0
CCTV confirmatory,VIRAT_S_010002_02_000174_000204,nvenc_qp45,True,True,300,299,2397/100,300,2,298,0,"0,250","0..240/16,250..298/16",20,2,VIRAT_S_010002,12.0,25.0,"0,192,252",3.0
CCTV confirmatory,VIRAT_S_010002_02_000174_000204,nvenc_qp28,True,True,300,299,2397/100,300,2,298,0,"0,250","0..240/16,250..298/16",20,2,VIRAT_S_010002,12.0,25.0,"0,192,252",3.0
CCTV confirmatory,VIRAT_S_010002_02_000174_000204,nvenc_qp28_bf2_bqeq,True,True,300,299,2397/100,300,2,100,198,"0,250","0..240/16,250..298/16",20,2,VIRAT_S_010002,12.0,25.0,"0,192,252",3.0
CCTV confirmatory,VIRAT_S_010003_00_000000_000108,x264_crf12,True,True,300,299,2397/100,300,2,298,0,"0,250","0..240/16,250..298/16",20,2,VIRAT_S_010003,12.0,25.0,"0,192,252",3.0
CCTV confirmatory,VIRAT_S_010003_00_000000_000108,x264_crf45,True,True,300,299,2397/100,300,2,298,0,"0,250","0..240/16,250..298/16",20,2,VIRAT_S_010003,12.0,25.0,"0,192,252",3.0
CCTV confirmatory,VIRAT_S_010003_00_000000_000108,x264_qp24,True,True,300,299,2397/100,300,2,298,0,"0,250","0..240/16,250..298/16",20,2,VIRAT_S_010003,12.0,25.0,"0,192,252",3.0
CCTV confirmatory,VIRAT_S_010003_00_000000_000108,x264_qp24_bf2_pb1,True,True,300,299,2397/100,300,2,100,198,"0,250","0..240/16,250..298/16",20,2,VIRAT_S_010003,12.0,25.0,"0,192,252",3.0
CCTV confirmatory,VIRAT_S_010003_00_000000_000108,nvenc_qp18,True,True,300,299,2397/100,300,2,298,0,"0,250","0..240/16,250..298/16",20,2,VIRAT_S_010003,12.0,25.0,"0,192,252",3.0
CCTV confirmatory,VIRAT_S_010003_00_000000_000108,nvenc_qp23,True,True,300,299,2397/100,300,2,298,0,"0,250","0..240/16,250..298/16",20,2,VIRAT_S_010003,12.0,25.0,"0,192,252",3.0
CCTV confirmatory,VIRAT_S_010003_00_000000_000108,nvenc_qp45,True,True,300,299,2397/100,300,2,298,0,"0,250","0..240/16,250..298/16",20,2,VIRAT_S_010003,12.0,25.0,"0,192,252",3.0
CCTV confirmatory,VIRAT_S_010003_00_000000_000108,nvenc_qp28,True,True,300,299,2397/100,300,2,298,0,"0,250","0..240/16,250..298/16",20,2,VIRAT_S_010003,12.0,25.0,"0,192,252",3.0
CCTV confirmatory,VIRAT_S_010003_00_000000_000108,nvenc_qp28_bf2_bqeq,True,True,300,299,2397/100,300,2,100,198,"0,250","0..240/16,250..298/16",20,2,VIRAT_S_010003,12.0,25.0,"0,192,252",3.0
CCTV confirmatory,VIRAT_S_010003_01_000111_000137,x264_crf12,True,True,234,233,2397/100,234,1,233,0,0,0..224/16,15,1,VIRAT_S_010003,12.0,20.0,"0,192",2.0
CCTV confirmatory,VIRAT_S_010003_01_000111_000137,x264_crf45,True,True,234,233,2397/100,234,1,233,0,0,0..224/16,15,1,VIRAT_S_010003,12.0,20.0,"0,192",2.0
CCTV confirmatory,VIRAT_S_010003_01_000111_000137,x264_qp24,True,True,234,233,2397/100,234,1,233,0,0,0..224/16,15,1,VIRAT_S_010003,12.0,20.0,"0,192",2.0
CCTV confirmatory,VIRAT_S_010003_01_000111_000137,x264_qp24_bf2_pb1,True,True,234,233,2397/100,234,1,78,155,0,0..224/16,15,1,VIRAT_S_010003,12.0,20.0,"0,192",2.0
CCTV confirmatory,VIRAT_S_010003_01_000111_000137,nvenc_qp18,True,True,234,233,2397/100,234,1,233,0,0,0..224/16,15,1,VIRAT_S_010003,12.0,20.0,"0,192",2.0
CCTV confirmatory,VIRAT_S_010003_01_000111_000137,nvenc_qp23,True,True,234,233,2397/100,234,1,233,0,0,0..224/16,15,1,VIRAT_S_010003,12.0,20.0,"0,192",2.0
CCTV confirmatory,VIRAT_S_010003_01_000111_000137,nvenc_qp45,True,True,234,233,2397/100,234,1,233,0,0,0..224/16,15,1,VIRAT_S_010003,12.0,20.0,"0,192",2.0
CCTV confirmatory,VIRAT_S_010003_01_000111_000137,nvenc_qp28,True,True,234,233,2397/100,234,1,233,0,0,0..224/16,15,1,VIRAT_S_010003,12.0,20.0,"0,192",2.0
CCTV confirmatory,VIRAT_S_010003_01_000111_000137,nvenc_qp28_bf2_bqeq,True,True,234,233,2397/100,234,1,78,155,0,0..224/16,15,1,VIRAT_S_010003,12.0,20.0,"0,192",2.0
CCTV confirmatory,VIRAT_S_010003_02_000165_000202,x264_crf12,True,True,300,299,2397/100,300,2,298,0,"0,250","0..240/16,250..298/16",20,2,VIRAT_S_010003,12.0,25.0,"0,192,252",3.0
CCTV confirmatory,VIRAT_S_010003_02_000165_000202,x264_crf45,True,True,300,299,2397/100,300,2,298,0,"0,250","0..240/16,250..298/16",20,2,VIRAT_S_010003,12.0,25.0,"0,192,252",3.0
CCTV confirmatory,VIRAT_S_010003_02_000165_000202,x264_qp24,True,True,300,299,2397/100,300,2,298,0,"0,250","0..240/16,250..298/16",20,2,VIRAT_S_010003,12.0,25.0,"0,192,252",3.0
CCTV confirmatory,VIRAT_S_010003_02_000165_000202,x264_qp24_bf2_pb1,True,True,300,299,2397/100,300,2,100,198,"0,250","0..240/16,250..298/16",20,2,VIRAT_S_010003,12.0,25.0,"0,192,252",3.0
CCTV confirmatory,VIRAT_S_010003_02_000165_000202,nvenc_qp18,True,True,300,299,2397/100,300,2,298,0,"0,250","0..240/16,250..298/16",20,2,VIRAT_S_010003,12.0,25.0,"0,192,252",3.0
CCTV confirmatory,VIRAT_S_010003_02_000165_000202,nvenc_qp23,True,True,300,299,2397/100,300,2,298,0,"0,250","0..240/16,250..298/16",20,2,VIRAT_S_010003,12.0,25.0,"0,192,252",3.0
CCTV confirmatory,VIRAT_S_010003_02_000165_000202,nvenc_qp45,True,True,300,299,2397/100,300,2,298,0,"0,250","0..240/16,250..298/16",20,2,VIRAT_S_010003,12.0,25.0,"0,192,252",3.0
CCTV confirmatory,VIRAT_S_010003_02_000165_000202,nvenc_qp28,True,True,300,299,2397/100,300,2,298,0,"0,250","0..240/16,250..298/16",20,2,VIRAT_S_010003,12.0,25.0,"0,192,252",3.0
CCTV confirmatory,VIRAT_S_010003_02_000165_000202,nvenc_qp28_bf2_bqeq,True,True,300,299,2397/100,300,2,100,198,"0,250","0..240/16,250..298/16",20,2,VIRAT_S_010003,12.0,25.0,"0,192,252",3.0
CCTV confirmatory,VIRAT_S_010003_03_000219_000259,x264_crf12,True,True,300,299,2397/100,300,2,298,0,"0,250","0..240/16,250..298/16",20,2,VIRAT_S_010003,12.0,25.0,"0,192,252",3.0
CCTV confirmatory,VIRAT_S_010003_03_000219_000259,x264_crf45,True,True,300,299,2397/100,300,2,298,0,"0,250","0..240/16,250..298/16",20,2,VIRAT_S_010003,12.0,25.0,"0,192,252",3.0
CCTV confirmatory,VIRAT_S_010003_03_000219_000259,x264_qp24,True,True,300,299,2397/100,300,2,298,0,"0,250","0..240/16,250..298/16",20,2,VIRAT_S_010003,12.0,25.0,"0,192,252",3.0
CCTV confirmatory,VIRAT_S_010003_03_000219_000259,x264_qp24_bf2_pb1,True,True,300,299,2397/100,300,2,100,198,"0,250","0..240/16,250..298/16",20,2,VIRAT_S_010003,12.0,25.0,"0,192,252",3.0
CCTV confirmatory,VIRAT_S_010003_03_000219_000259,nvenc_qp18,True,True,300,299,2397/100,300,2,298,0,"0,250","0..240/16,250..298/16",20,2,VIRAT_S_010003,12.0,25.0,"0,192,252",3.0
CCTV confirmatory,VIRAT_S_010003_03_000219_000259,nvenc_qp23,True,True,300,299,2397/100,300,2,298,0,"0,250","0..240/16,250..298/16",20,2,VIRAT_S_010003,12.0,25.0,"0,192,252",3.0
CCTV confirmatory,VIRAT_S_010003_03_000219_000259,nvenc_qp45,True,True,300,299,2397/100,300,2,298,0,"0,250","0..240/16,250..298/16",20,2,VIRAT_S_010003,12.0,25.0,"0,192,252",3.0
CCTV confirmatory,VIRAT_S_010003_03_000219_000259,nvenc_qp28,True,True,300,299,2397/100,300,2,298,0,"0,250","0..240/16,250..298/16",20,2,VIRAT_S_010003,12.0,25.0,"0,192,252",3.0
CCTV confirmatory,VIRAT_S_010003_03_000219_000259,nvenc_qp28_bf2_bqeq,True,True,300,299,2397/100,300,2,100,198,"0,250","0..240/16,250..298/16",20,2,VIRAT_S_010003,12.0,25.0,"0,192,252",3.0
CCTV confirmatory,VIRAT_S_010003_05_000499_000523,x264_crf12,True,True,237,236,2397/100,237,1,236,0,0,0..224/16,15,1,VIRAT_S_010003,12.0,20.0,"0,192",2.0
CCTV confirmatory,VIRAT_S_010003_05_000499_000523,x264_crf45,True,True,237,236,2397/100,237,1,236,0,0,0..224/16,15,1,VIRAT_S_010003,12.0,20.0,"0,192",2.0
CCTV confirmatory,VIRAT_S_010003_05_000499_000523,x264_qp24,True,True,237,236,2397/100,237,1,236,0,0,0..224/16,15,1,VIRAT_S_010003,12.0,20.0,"0,192",2.0
CCTV confirmatory,VIRAT_S_010003_05_000499_000523,x264_qp24_bf2_pb1,True,True,237,236,2397/100,237,1,79,157,0,0..224/16,15,1,VIRAT_S_010003,12.0,20.0,"0,192",2.0
CCTV confirmatory,VIRAT_S_010003_05_000499_000523,nvenc_qp18,True,True,237,236,2397/100,237,1,236,0,0,0..224/16,15,1,VIRAT_S_010003,12.0,20.0,"0,192",2.0
CCTV confirmatory,VIRAT_S_010003_05_000499_000523,nvenc_qp23,True,True,237,236,2397/100,237,1,236,0,0,0..224/16,15,1,VIRAT_S_010003,12.0,20.0,"0,192",2.0
CCTV confirmatory,VIRAT_S_010003_05_000499_000523,nvenc_qp45,True,True,237,236,2397/100,237,1,236,0,0,0..224/16,15,1,VIRAT_S_010003,12.0,20.0,"0,192",2.0
CCTV confirmatory,VIRAT_S_010003_05_000499_000523,nvenc_qp28,True,True,237,236,2397/100,237,1,236,0,0,0..224/16,15,1,VIRAT_S_010003,12.0,20.0,"0,192",2.0
CCTV confirmatory,VIRAT_S_010003_05_000499_000523,nvenc_qp28_bf2_bqeq,True,True,237,236,2397/100,237,1,79,157,0,0..224/16,15,1,VIRAT_S_010003,12.0,20.0,"0,192",2.0
CCTV confirmatory,VIRAT_S_010003_06_000526_000560,x264_crf12,True,True,300,299,2397/100,300,2,298,0,"0,250","0..240/16,250..298/16",20,2,VIRAT_S_010003,12.0,25.0,"0,192,252",3.0
CCTV confirmatory,VIRAT_S_010003_06_000526_000560,x264_crf45,True,True,300,299,2397/100,300,2,298,0,"0,250","0..240/16,250..298/16",20,2,VIRAT_S_010003,12.0,25.0,"0,192,252",3.0
CCTV confirmatory,VIRAT_S_010003_06_000526_000560,x264_qp24,True,True,300,299,2397/100,300,2,298,0,"0,250","0..240/16,250..298/16",20,2,VIRAT_S_010003,12.0,25.0,"0,192,252",3.0
CCTV confirmatory,VIRAT_S_010003_06_000526_000560,x264_qp24_bf2_pb1,True,True,300,299,2397/100,300,2,100,198,"0,250","0..240/16,250..298/16",20,2,VIRAT_S_010003,12.0,25.0,"0,192,252",3.0
CCTV confirmatory,VIRAT_S_010003_06_000526_000560,nvenc_qp18,True,True,300,299,2397/100,300,2,298,0,"0,250","0..240/16,250..298/16",20,2,VIRAT_S_010003,12.0,25.0,"0,192,252",3.0
CCTV confirmatory,VIRAT_S_010003_06_000526_000560,nvenc_qp23,True,True,300,299,2397/100,300,2,298,0,"0,250","0..240/16,250..298/16",20,2,VIRAT_S_010003,12.0,25.0,"0,192,252",3.0
CCTV confirmatory,VIRAT_S_010003_06_000526_000560,nvenc_qp45,True,True,300,299,2397/100,300,2,298,0,"0,250","0..240/16,250..298/16",20,2,VIRAT_S_010003,12.0,25.0,"0,192,252",3.0
CCTV confirmatory,VIRAT_S_010003_06_000526_000560,nvenc_qp28,True,True,300,299,2397/100,300,2,298,0,"0,250","0..240/16,250..298/16",20,2,VIRAT_S_010003,12.0,25.0,"0,192,252",3.0
CCTV confirmatory,VIRAT_S_010003_06_000526_000560,nvenc_qp28_bf2_bqeq,True,True,300,299,2397/100,300,2,100,198,"0,250","0..240/16,250..298/16",20,2,VIRAT_S_010003,12.0,25.0,"0,192,252",3.0
CCTV confirmatory,VIRAT_S_010003_07_000608_000636,x264_crf12,True,True,195,194,2397/100,195,1,194,0,0,0..192/16,13,1,VIRAT_S_010003,12.0,17.0,"0,192",2.0
CCTV confirmatory,VIRAT_S_010003_07_000608_000636,x264_crf45,True,True,195,194,2397/100,195,1,194,0,0,0..192/16,13,1,VIRAT_S_010003,12.0,17.0,"0,192",2.0
CCTV confirmatory,VIRAT_S_010003_07_000608_000636,x264_qp24,True,True,195,194,2397/100,195,1,194,0,0,0..192/16,13,1,VIRAT_S_010003,12.0,17.0,"0,192",2.0
CCTV confirmatory,VIRAT_S_010003_07_000608_000636,x264_qp24_bf2_pb1,True,True,195,194,2397/100,195,1,65,129,0,0..192/16,13,1,VIRAT_S_010003,12.0,17.0,"0,192",2.0
CCTV confirmatory,VIRAT_S_010003_07_000608_000636,nvenc_qp18,True,True,195,194,2397/100,195,1,194,0,0,0..192/16,13,1,VIRAT_S_010003,12.0,17.0,"0,192",2.0
CCTV confirmatory,VIRAT_S_010003_07_000608_000636,nvenc_qp23,True,True,195,194,2397/100,195,1,194,0,0,0..192/16,13,1,VIRAT_S_010003,12.0,17.0,"0,192",2.0
CCTV confirmatory,VIRAT_S_010003_07_000608_000636,nvenc_qp45,True,True,195,194,2397/100,195,1,194,0,0,0..192/16,13,1,VIRAT_S_010003,12.0,17.0,"0,192",2.0
CCTV confirmatory,VIRAT_S_010003_07_000608_000636,nvenc_qp28,True,True,195,194,2397/100,195,1,194,0,0,0..192/16,13,1,VIRAT_S_010003,12.0,17.0,"0,192",2.0
CCTV confirmatory,VIRAT_S_010003_07_000608_000636,nvenc_qp28_bf2_bqeq,True,True,195,194,2397/100,195,1,65,129,0,0..192/16,13,1,VIRAT_S_010003,12.0,17.0,"0,192",2.0
CCTV confirmatory,VIRAT_S_010003_10_000901_000934,x264_crf12,True,True,300,299,2397/100,300,2,298,0,"0,250","0..240/16,250..298/16",20,2,VIRAT_S_010003,12.0,25.0,"0,192,252",3.0
CCTV confirmatory,VIRAT_S_010003_10_000901_000934,x264_crf45,True,True,300,299,2397/100,300,2,298,0,"0,250","0..240/16,250..298/16",20,2,VIRAT_S_010003,12.0,25.0,"0,192,252",3.0
CCTV confirmatory,VIRAT_S_010003_10_000901_000934,x264_qp24,True,True,300,299,2397/100,300,2,298,0,"0,250","0..240/16,250..298/16",20,2,VIRAT_S_010003,12.0,25.0,"0,192,252",3.0
CCTV confirmatory,VIRAT_S_010003_10_000901_000934,x264_qp24_bf2_pb1,True,True,300,299,2397/100,300,2,100,198,"0,250","0..240/16,250..298/16",20,2,VIRAT_S_010003,12.0,25.0,"0,192,252",3.0
CCTV confirmatory,VIRAT_S_010003_10_000901_000934,nvenc_qp18,True,True,300,299,2397/100,300,2,298,0,"0,250","0..240/16,250..298/16",20,2,VIRAT_S_010003,12.0,25.0,"0,192,252",3.0
CCTV confirmatory,VIRAT_S_010003_10_000901_000934,nvenc_qp23,True,True,300,299,2397/100,300,2,298,0,"0,250","0..240/16,250..298/16",20,2,VIRAT_S_010003,12.0,25.0,"0,192,252",3.0
CCTV confirmatory,VIRAT_S_010003_10_000901_000934,nvenc_qp45,True,True,300,299,2397/100,300,2,298,0,"0,250","0..240/16,250..298/16",20,2,VIRAT_S_010003,12.0,25.0,"0,192,252",3.0
CCTV confirmatory,VIRAT_S_010003_10_000901_000934,nvenc_qp28,True,True,300,299,2397/100,300,2,298,0,"0,250","0..240/16,250..298/16",20,2,VIRAT_S_010003,12.0,25.0,"0,192,252",3.0
CCTV confirmatory,VIRAT_S_010003_10_000901_000934,nvenc_qp28_bf2_bqeq,True,True,300,299,2397/100,300,2,100,198,"0,250","0..240/16,250..298/16",20,2,VIRAT_S_010003,12.0,25.0,"0,192,252",3.0
CCTV confirmatory,VIRAT_S_010003_13_001066_001124,x264_crf12,True,True,300,299,2397/100,300,2,298,0,"0,250","0..240/16,250..298/16",20,2,VIRAT_S_010003,12.0,25.0,"0,192,252",3.0
CCTV confirmatory,VIRAT_S_010003_13_001066_001124,x264_crf45,True,True,300,299,2397/100,300,2,298,0,"0,250","0..240/16,250..298/16",20,2,VIRAT_S_010003,12.0,25.0,"0,192,252",3.0
CCTV confirmatory,VIRAT_S_010003_13_001066_001124,x264_qp24,True,True,300,299,2397/100,300,2,298,0,"0,250","0..240/16,250..298/16",20,2,VIRAT_S_010003,12.0,25.0,"0,192,252",3.0
CCTV confirmatory,VIRAT_S_010003_13_001066_001124,x264_qp24_bf2_pb1,True,True,300,299,2397/100,300,2,100,198,"0,250","0..240/16,250..298/16",20,2,VIRAT_S_010003,12.0,25.0,"0,192,252",3.0
CCTV confirmatory,VIRAT_S_010003_13_001066_001124,nvenc_qp18,True,True,300,299,2397/100,300,2,298,0,"0,250","0..240/16,250..298/16",20,2,VIRAT_S_010003,12.0,25.0,"0,192,252",3.0
CCTV confirmatory,VIRAT_S_010003_13_001066_001124,nvenc_qp23,True,True,300,299,2397/100,300,2,298,0,"0,250","0..240/16,250..298/16",20,2,VIRAT_S_010003,12.0,25.0,"0,192,252",3.0
CCTV confirmatory,VIRAT_S_010003_13_001066_001124,nvenc_qp45,True,True,300,299,2397/100,300,2,298,0,"0,250","0..240/16,250..298/16",20,2,VIRAT_S_010003,12.0,25.0,"0,192,252",3.0
CCTV confirmatory,VIRAT_S_010003_13_001066_001124,nvenc_qp28,True,True,300,299,2397/100,300,2,298,0,"0,250","0..240/16,250..298/16",20,2,VIRAT_S_010003,12.0,25.0,"0,192,252",3.0
CCTV confirmatory,VIRAT_S_010003_13_001066_001124,nvenc_qp28_bf2_bqeq,True,True,300,299,2397/100,300,2,100,198,"0,250","0..240/16,250..298/16",20,2,VIRAT_S_010003,12.0,25.0,"0,192,252",3.0
CCTV confirmatory,VIRAT_S_010004_03_000239_000277,x264_crf12,True,True,300,299,2397/100,300,2,298,0,"0,250","0..240/16,250..298/16",20,2,VIRAT_S_010004,12.0,25.0,"0,192,252",3.0
CCTV confirmatory,VIRAT_S_010004_03_000239_000277,x264_crf45,True,True,300,299,2397/100,300,2,298,0,"0,250","0..240/16,250..298/16",20,2,VIRAT_S_010004,12.0,25.0,"0,192,252",3.0
CCTV confirmatory,VIRAT_S_010004_03_000239_000277,x264_qp24,True,True,300,299,2397/100,300,2,298,0,"0,250","0..240/16,250..298/16",20,2,VIRAT_S_010004,12.0,25.0,"0,192,252",3.0
CCTV confirmatory,VIRAT_S_010004_03_000239_000277,x264_qp24_bf2_pb1,True,True,300,299,2397/100,300,2,100,198,"0,250","0..240/16,250..298/16",20,2,VIRAT_S_010004,12.0,25.0,"0,192,252",3.0
CCTV confirmatory,VIRAT_S_010004_03_000239_000277,nvenc_qp18,True,True,300,299,2397/100,300,2,298,0,"0,250","0..240/16,250..298/16",20,2,VIRAT_S_010004,12.0,25.0,"0,192,252",3.0
CCTV confirmatory,VIRAT_S_010004_03_000239_000277,nvenc_qp23,True,True,300,299,2397/100,300,2,298,0,"0,250","0..240/16,250..298/16",20,2,VIRAT_S_010004,12.0,25.0,"0,192,252",3.0
CCTV confirmatory,VIRAT_S_010004_03_000239_000277,nvenc_qp45,True,True,300,299,2397/100,300,2,298,0,"0,250","0..240/16,250..298/16",20,2,VIRAT_S_010004,12.0,25.0,"0,192,252",3.0
CCTV confirmatory,VIRAT_S_010004_03_000239_000277,nvenc_qp28,True,True,300,299,2397/100,300,2,298,0,"0,250","0..240/16,250..298/16",20,2,VIRAT_S_010004,12.0,25.0,"0,192,252",3.0
CCTV confirmatory,VIRAT_S_010004_03_000239_000277,nvenc_qp28_bf2_bqeq,True,True,300,299,2397/100,300,2,100,198,"0,250","0..240/16,250..298/16",20,2,VIRAT_S_010004,12.0,25.0,"0,192,252",3.0
CCTV confirmatory,VIRAT_S_010004_07_000729_000809,x264_crf12,True,True,300,299,2397/100,300,2,298,0,"0,250","0..240/16,250..298/16",20,2,VIRAT_S_010004,12.0,25.0,"0,192,252",3.0
CCTV confirmatory,VIRAT_S_010004_07_000729_000809,x264_crf45,True,True,300,299,2397/100,300,2,298,0,"0,250","0..240/16,250..298/16",20,2,VIRAT_S_010004,12.0,25.0,"0,192,252",3.0
CCTV confirmatory,VIRAT_S_010004_07_000729_000809,x264_qp24,True,True,300,299,2397/100,300,2,298,0,"0,250","0..240/16,250..298/16",20,2,VIRAT_S_010004,12.0,25.0,"0,192,252",3.0
CCTV confirmatory,VIRAT_S_010004_07_000729_000809,x264_qp24_bf2_pb1,True,True,300,299,2397/100,300,2,100,198,"0,250","0..240/16,250..298/16",20,2,VIRAT_S_010004,12.0,25.0,"0,192,252",3.0
CCTV confirmatory,VIRAT_S_010004_07_000729_000809,nvenc_qp18,True,True,300,299,2397/100,300,2,298,0,"0,250","0..240/16,250..298/16",20,2,VIRAT_S_010004,12.0,25.0,"0,192,252",3.0
CCTV confirmatory,VIRAT_S_010004_07_000729_000809,nvenc_qp23,True,True,300,299,2397/100,300,2,298,0,"0,250","0..240/16,250..298/16",20,2,VIRAT_S_010004,12.0,25.0,"0,192,252",3.0
CCTV confirmatory,VIRAT_S_010004_07_000729_000809,nvenc_qp45,True,True,300,299,2397/100,300,2,298,0,"0,250","0..240/16,250..298/16",20,2,VIRAT_S_010004,12.0,25.0,"0,192,252",3.0
CCTV confirmatory,VIRAT_S_010004_07_000729_000809,nvenc_qp28,True,True,300,299,2397/100,300,2,298,0,"0,250","0..240/16,250..298/16",20,2,VIRAT_S_010004,12.0,25.0,"0,192,252",3.0
CCTV confirmatory,VIRAT_S_010004_07_000729_000809,nvenc_qp28_bf2_bqeq,True,True,300,299,2397/100,300,2,100,198,"0,250","0..240/16,250..298/16",20,2,VIRAT_S_010004,12.0,25.0,"0,192,252",3.0
CCTV confirmatory,VIRAT_S_010004_08_000811_000920,x264_crf12,True,True,300,299,2397/100,300,2,298,0,"0,250","0..240/16,250..298/16",20,2,VIRAT_S_010004,12.0,25.0,"0,192,252",3.0
CCTV confirmatory,VIRAT_S_010004_08_000811_000920,x264_crf45,True,True,300,299,2397/100,300,2,298,0,"0,250","0..240/16,250..298/16",20,2,VIRAT_S_010004,12.0,25.0,"0,192,252",3.0
CCTV confirmatory,VIRAT_S_010004_08_000811_000920,x264_qp24,True,True,300,299,2397/100,300,2,298,0,"0,250","0..240/16,250..298/16",20,2,VIRAT_S_010004,12.0,25.0,"0,192,252",3.0
CCTV confirmatory,VIRAT_S_010004_08_000811_000920,x264_qp24_bf2_pb1,True,True,300,299,2397/100,300,2,100,198,"0,250","0..240/16,250..298/16",20,2,VIRAT_S_010004,12.0,25.0,"0,192,252",3.0
CCTV confirmatory,VIRAT_S_010004_08_000811_000920,nvenc_qp18,True,True,300,299,2397/100,300,2,298,0,"0,250","0..240/16,250..298/16",20,2,VIRAT_S_010004,12.0,25.0,"0,192,252",3.0
CCTV confirmatory,VIRAT_S_010004_08_000811_000920,nvenc_qp23,True,True,300,299,2397/100,300,2,298,0,"0,250","0..240/16,250..298/16",20,2,VIRAT_S_010004,12.0,25.0,"0,192,252",3.0
CCTV confirmatory,VIRAT_S_010004_08_000811_000920,nvenc_qp45,True,True,300,299,2397/100,300,2,298,0,"0,250","0..240/16,250..298/16",20,2,VIRAT_S_010004,12.0,25.0,"0,192,252",3.0
CCTV confirmatory,VIRAT_S_010004_08_000811_000920,nvenc_qp28,True,True,300,299,2397/100,300,2,298,0,"0,250","0..240/16,250..298/16",20,2,VIRAT_S_010004,12.0,25.0,"0,192,252",3.0
CCTV confirmatory,VIRAT_S_010004_08_000811_000920,nvenc_qp28_bf2_bqeq,True,True,300,299,2397/100,300,2,100,198,"0,250","0..240/16,250..298/16",20,2,VIRAT_S_010004,12.0,25.0,"0,192,252",3.0
CCTV confirmatory,VIRAT_S_010005_00_000048_000075,x264_crf12,True,True,248,247,2397/100,248,1,247,0,0,0..240/16,16,1,VIRAT_S_010005,12.0,21.0,"0,192",2.0
CCTV confirmatory,VIRAT_S_010005_00_000048_000075,x264_crf45,True,True,248,247,2397/100,248,1,247,0,0,0..240/16,16,1,VIRAT_S_010005,12.0,21.0,"0,192",2.0
CCTV confirmatory,VIRAT_S_010005_00_000048_000075,x264_qp24,True,True,248,247,2397/100,248,1,247,0,0,0..240/16,16,1,VIRAT_S_010005,12.0,21.0,"0,192",2.0
CCTV confirmatory,VIRAT_S_010005_00_000048_000075,x264_qp24_bf2_pb1,True,True,248,247,2397/100,248,1,83,164,0,0..240/16,16,1,VIRAT_S_010005,12.0,21.0,"0,192",2.0
CCTV confirmatory,VIRAT_S_010005_00_000048_000075,nvenc_qp18,True,True,248,247,2397/100,248,1,247,0,0,0..240/16,16,1,VIRAT_S_010005,12.0,21.0,"0,192",2.0
CCTV confirmatory,VIRAT_S_010005_00_000048_000075,nvenc_qp23,True,True,248,247,2397/100,248,1,247,0,0,0..240/16,16,1,VIRAT_S_010005,12.0,21.0,"0,192",2.0
CCTV confirmatory,VIRAT_S_010005_00_000048_000075,nvenc_qp45,True,True,248,247,2397/100,248,1,247,0,0,0..240/16,16,1,VIRAT_S_010005,12.0,21.0,"0,192",2.0
CCTV confirmatory,VIRAT_S_010005_00_000048_000075,nvenc_qp28,True,True,248,247,2397/100,248,1,247,0,0,0..240/16,16,1,VIRAT_S_010005,12.0,21.0,"0,192",2.0
CCTV confirmatory,VIRAT_S_010005_00_000048_000075,nvenc_qp28_bf2_bqeq,True,True,248,247,2397/100,248,1,83,164,0,0..240/16,16,1,VIRAT_S_010005,12.0,21.0,"0,192",2.0
CCTV confirmatory,VIRAT_S_010005_02_000177_000203,x264_crf12,True,True,300,299,2397/100,300,2,298,0,"0,250","0..240/16,250..298/16",20,2,VIRAT_S_010005,12.0,25.0,"0,192,252",3.0
CCTV confirmatory,VIRAT_S_010005_02_000177_000203,x264_crf45,True,True,300,299,2397/100,300,2,298,0,"0,250","0..240/16,250..298/16",20,2,VIRAT_S_010005,12.0,25.0,"0,192,252",3.0
CCTV confirmatory,VIRAT_S_010005_02_000177_000203,x264_qp24,True,True,300,299,2397/100,300,2,298,0,"0,250","0..240/16,250..298/16",20,2,VIRAT_S_010005,12.0,25.0,"0,192,252",3.0
CCTV confirmatory,VIRAT_S_010005_02_000177_000203,x264_qp24_bf2_pb1,True,True,300,299,2397/100,300,2,100,198,"0,250","0..240/16,250..298/16",20,2,VIRAT_S_010005,12.0,25.0,"0,192,252",3.0
CCTV confirmatory,VIRAT_S_010005_02_000177_000203,nvenc_qp18,True,True,300,299,2397/100,300,2,298,0,"0,250","0..240/16,250..298/16",20,2,VIRAT_S_010005,12.0,25.0,"0,192,252",3.0
CCTV confirmatory,VIRAT_S_010005_02_000177_000203,nvenc_qp23,True,True,300,299,2397/100,300,2,298,0,"0,250","0..240/16,250..298/16",20,2,VIRAT_S_010005,12.0,25.0,"0,192,252",3.0
CCTV confirmatory,VIRAT_S_010005_02_000177_000203,nvenc_qp45,True,True,300,299,2397/100,300,2,298,0,"0,250","0..240/16,250..298/16",20,2,VIRAT_S_010005,12.0,25.0,"0,192,252",3.0
CCTV confirmatory,VIRAT_S_010005_02_000177_000203,nvenc_qp28,True,True,300,299,2397/100,300,2,298,0,"0,250","0..240/16,250..298/16",20,2,VIRAT_S_010005,12.0,25.0,"0,192,252",3.0
CCTV confirmatory,VIRAT_S_010005_02_000177_000203,nvenc_qp28_bf2_bqeq,True,True,300,299,2397/100,300,2,100,198,"0,250","0..240/16,250..298/16",20,2,VIRAT_S_010005,12.0,25.0,"0,192,252",3.0
CCTV confirmatory,VIRAT_S_010005_04_000299_000323,x264_crf12,True,True,193,192,2397/100,193,1,192,0,0,0..192/16,13,1,VIRAT_S_010005,12.0,17.0,"0,192",2.0
CCTV confirmatory,VIRAT_S_010005_04_000299_000323,x264_crf45,True,True,193,192,2397/100,193,1,192,0,0,0..192/16,13,1,VIRAT_S_010005,12.0,17.0,"0,192",2.0
CCTV confirmatory,VIRAT_S_010005_04_000299_000323,x264_qp24,True,True,193,192,2397/100,193,1,192,0,0,0..192/16,13,1,VIRAT_S_010005,12.0,17.0,"0,192",2.0
CCTV confirmatory,VIRAT_S_010005_04_000299_000323,x264_qp24_bf2_pb1,True,True,193,192,2397/100,193,1,64,128,0,0..192/16,13,1,VIRAT_S_010005,12.0,17.0,"0,192",2.0
CCTV confirmatory,VIRAT_S_010005_04_000299_000323,nvenc_qp18,True,True,193,192,2397/100,193,1,192,0,0,0..192/16,13,1,VIRAT_S_010005,12.0,17.0,"0,192",2.0
CCTV confirmatory,VIRAT_S_010005_04_000299_000323,nvenc_qp23,True,True,193,192,2397/100,193,1,192,0,0,0..192/16,13,1,VIRAT_S_010005,12.0,17.0,"0,192",2.0
CCTV confirmatory,VIRAT_S_010005_04_000299_000323,nvenc_qp45,True,True,193,192,2397/100,193,1,192,0,0,0..192/16,13,1,VIRAT_S_010005,12.0,17.0,"0,192",2.0
CCTV confirmatory,VIRAT_S_010005_04_000299_000323,nvenc_qp28,True,True,193,192,2397/100,193,1,192,0,0,0..192/16,13,1,VIRAT_S_010005,12.0,17.0,"0,192",2.0
CCTV confirmatory,VIRAT_S_010005_04_000299_000323,nvenc_qp28_bf2_bqeq,True,True,193,192,2397/100,193,1,64,128,0,0..192/16,13,1,VIRAT_S_010005,12.0,17.0,"0,192",2.0
