cell_id,method,params,n_scored,gold_at_4,mIoP,mIoU,IoP@0.3,IoP@0.5,IoU@0.3,IoU@0.5,zero_width_count,zero_width_rate,clip_anchor_fallback_rate,degenerate_fallback_rate,weight_fallback_rate,mean_width,median_width,p10_width,p90_width,structurally_barred_count,mIoP_<2s,mIoU_<2s,n_<2s,mIoP_2-5s,mIoU_2-5s,n_2-5s,mIoP_5-10s,mIoU_5-10s,n_5-10s,mIoP_>=10s,mIoU_>=10s,n_>=10s,mIoP_CW,mIoU_CW,n_CW,mIoP_CH,mIoU_CH,n_CH,mIoP_TN,mIoU_TN,n_TN,mIoP_TC,mIoU_TC,n_TC,mIoP_TP,mIoU_TP,n_TP,elapsed_ms
1,D,"{""half_width_s"": 0.5}",2685,0.5303538175046555,0.3123098486966773,0.05641604336110736,0.33258845437616386,0.3154562383612663,0.04618249534450652,0.012290502793296089,0,0.0,0.0,,,0.9821046094729118,1.0,1.0,1.0,5,0.12778491594112096,0.0807881024324703,278,0.21172770705988442,0.06415997503106666,1125,0.34723870185553646,0.052608299291392144,731,0.5644329866064969,0.03335997324208509,551,,,0,,,0,,,0,,,0,,,0,
2,D,"{""half_width_s"": 0.8}",2685,0.5303538175046555,0.310862353676956,0.08306634321724406,0.3422718808193669,0.3154562383612663,0.09906890130353818,0.030540037243947857,0,0.0,0.0,,,1.562481616818556,1.6,1.5999999999999943,1.6000000000000014,18,0.11722663960526988,0.09601511106742333,278,0.20984495507509635,0.09474415643167548,1125,0.34671317435008714,0.08287578123632605,731,0.5672477475552901,0.05294293755384275,551,,,0,,,0,,,0,,,0,,,0,
3,D,"{""half_width_s"": 1.1}",2685,0.5303538175046555,0.30968015207241356,0.10588863130303108,0.3512104283054004,0.31359404096834265,0.14450651769087522,0.05288640595903166,0,0.0,0.0,,,2.1369027177549995,2.2,2.1934599999999955,2.200000000000003,42,0.10860757669275024,0.09781359027510614,278,0.20877918743639926,0.12051471040241642,1125,0.346776353298627,0.1120145420967744,731,0.5679277710827592,0.07197298997585916,551,,,0,,,0,,,0,,,0,,,0,
4,D,"{""half_width_s"": 1.5}",2685,0.5303538175046555,0.30787461309016334,0.13134878931709007,0.362756052141527,0.3128491620111732,0.19292364990689012,0.08715083798882682,0,0.0,0.0,,,2.8910909787347867,3.0,2.5939000000000005,3.0,104,0.09792399228801084,0.09305109147460805,278,0.20806699760496183,0.14699793321405816,1125,0.34498786632780837,0.1480749957772366,731,0.5683465765876798,0.09652958095729673,551,,,0,,,0,,,0,,,0,,,0,
5,D,"{""half_width_s"": 2.2}",2685,0.5303538175046555,0.304543642079966,0.16461616716650854,0.3754189944134078,0.30614525139664805,0.24692737430167597,0.12588454376163874,0,0.0,0.0,,,4.184598661280773,4.3999999999999995,3.293900000000001,4.400000000000006,299,0.08807075294925035,0.08588588051725803,278,0.20564515577324016,0.1741288400861184,1125,0.3394540097164252,0.2005540823777827,731,0.5693726466737115,0.137238030386997,551,,,0,,,0,,,0,,,0,,,0,
6,D,"{""half_width_s"": 3.0}",2685,0.5303538175046555,0.29942112821762756,0.18811375500110836,0.3918063314711359,0.28901303538175044,0.2849162011173184,0.1478584729981378,0,0.0,0.0,,,5.624586243906849,6.0,4.0939000000000005,6.0,574,0.08200114719711231,0.08055486529158733,278,0.1982346165076294,0.18281555010263167,1125,0.33300637187700244,0.2423527367305701,731,0.5711575479679872,0.18124108023848878,551,,,0,,,0,,,0,,,0,,,0,
7,D,"{""half_width_s"": 4.0}",2685,0.5303538175046555,0.29199144125097054,0.20393320784178073,0.40037243947858475,0.26517690875232774,0.3191806331471136,0.15046554934823092,0,0.0,0.0,,,7.360166882879155,8.0,5.0939000000000005,8.0,965,0.07974662852632468,0.07877857110941971,278,0.1861028867119161,0.17893870261328615,1125,0.3242695875706696,0.2698546298840052,731,0.5724512540171917,0.23065416588313595,551,,,0,,,0,,,0,,,0,,,0,
8,D,"{""half_width_s"": 6.0}",2685,0.5303538175046555,0.27733438103842145,0.21646410535678728,0.3817504655493482,0.21824953445065176,0.32737430167597764,0.14264432029795157,0,0.0,0.0,,,10.639972684795286,12.0,7.0939000000000005,12.0,1427,0.07582845370567423,0.07556544398193504,278,0.16367550558445917,0.16103393200812188,1125,0.3068079619621034,0.28505656606813135,731,0.5719617767353359,0.30972668992931895,551,,,0,,,0,,,0,,,0,,,0,
9,E,"{""tau"": 0.3, ""w_min"": 0.6, ""smooth_s"": 0.5, ""gap"": 1, ""anchor_source"": ""topk""}",2685,0.5303538175046555,0.2841109487382536,0.21291313070134138,0.3743016759776536,0.2446927374301676,0.3139664804469274,0.15456238361266295,0,0.0,0.0,0.0,,11.335716749623614,10.5,3.8038,20.0,1295,0.0860885873982395,0.08303459010424775,278,0.17886918887748834,0.16228417463235262,1125,0.3234826555774152,0.266817013509998,731,0.5466635414722966,0.31029983039367615,551,,,0,,,0,,,0,,,0,,,0,
10,E,"{""tau"": 0.3, ""w_min"": 1.0, ""smooth_s"": 0.5, ""gap"": 1, ""anchor_source"": ""topk""}",2685,0.5303538175046555,0.2840900424688557,0.21318033261518535,0.3743016759776536,0.2446927374301676,0.31471135940409684,0.15456238361266295,0,0.0,0.0,0.0,,11.33754425738277,10.5,3.8038,20.0,1295,0.0860885873982395,0.08383395061583848,278,0.17881929258119203,0.16248266663667335,1125,0.3234826555774152,0.2671889853452756,731,0.5466635414722966,0.31029983039367615,551,,,0,,,0,,,0,,,0,,,0,
11,E,"{""tau"": 0.3, ""w_min"": 1.4, ""smooth_s"": 0.5, ""gap"": 1, ""anchor_source"": ""topk""}",2685,0.5303538175046555,0.28387229747839704,0.2133761407613695,0.3743016759776536,0.2446927374301676,0.3143389199255121,0.15456238361266295,0,0.0,0.0,0.0,,11.340060386618772,10.5,3.8038,20.0,1295,0.08593551836410511,0.08432036999097667,278,0.1783374329297324,0.16247046225818312,1125,0.3234826555774152,0.2676968183860041,731,0.5466635414722966,0.310359765528422,551,,,0,,,0,,,0,,,0,,,0,
12,E,"{""tau"": 0.3, ""w_min"": 1.8, ""smooth_s"": 0.5, ""gap"": 1, ""anchor_source"": ""topk""}",2685,0.5303538175046555,0.2837192377867476,0.21334139790260087,0.3743016759776536,0.2446927374301676,0.31471135940409684,0.1538175046554935,0,0.0,0.0,0.0,,11.343991605823701,10.5,3.8038,20.0,1296,0.08497374237957017,0.08168979571174416,278,0.1780688027122133,0.1625761862551958,1125,0.323894999745671,0.26837353219491394,731,0.5464043651734508,0.31040404462620896,551,,,0,,,0,,,0,,,0,,,0,
13,E,"{""tau"": 0.3, ""w_min"": 2.2, ""smooth_s"": 0.5, ""gap"": 1, ""anchor_source"": ""topk""}",2685,0.5303538175046555,0.2834940444268968,0.2135602819350428,0.3750465549348231,0.2446927374301676,0.31508379888268156,0.15456238361266295,0,0.0,0.0,0.0,,11.347065282893073,10.5,3.8038,20.0,1295,0.08621714018555712,0.08344080271980572,278,0.1777116195125096,0.16259419739249287,1125,0.32302000002068343,0.2683415524084124,731,0.5465697864753903,0.31059286200068975,551,,,0,,,0,,,0,,,0,,,0,
14,E,"{""tau"": 0.4, ""w_min"": 0.6, ""smooth_s"": 0.5, ""gap"": 1, ""anchor_source"": ""topk""}",2685,0.5303538175046555,0.2909215326054486,0.19915573483678403,0.3780260707635009,0.25921787709497207,0.29199255121042833,0.1463687150837989,0,0.0,0.0,0.0,,9.390168855432092,8.0,2.3356666666666666,20.0,1036,0.09235341940104479,0.08545554361456369,278,0.1867441339667953,0.15753855217162735,1125,0.33594107575026494,0.2514719968929116,731,0.544083461644375,0.27208639925611117,551,,,0,,,0,,,0,,,0,,,0,
15,E,"{""tau"": 0.4, ""w_min"": 1.0, ""smooth_s"": 0.5, ""gap"": 1, ""anchor_source"": ""topk""}",2685,0.5303538175046555,0.2908675040104228,0.19986237904181367,0.3780260707635009,0.25921787709497207,0.29348230912476725,0.14674115456238362,0,0.0,0.0,0.0,,9.396279394649149,8.0,2.3356666666666666,20.0,1036,0.09158003810608076,0.08755549723297337,278,0.18688429984291455,0.15816359151190107,1125,0.3355299784572251,0.2519877097497216,731,0.5444695936460696,0.2725099876925008,551,,,0,,,0,,,0,,,0,,,0,
16,E,"{""tau"": 0.4, ""w_min"": 1.4, ""smooth_s"": 0.5, ""gap"": 1, ""anchor_source"": ""topk""}",2685,0.5303538175046555,0.2905706305503909,0.2004328509670101,0.3780260707635009,0.25884543761638734,0.293854748603352,0.14674115456238362,0,0.0,0.0,0.0,,9.405310699439353,8.0,2.3356666666666666,20.0,1036,0.09136751484946301,0.08807156239137642,278,0.1865805307361338,0.15871178644469178,1125,0.33565714856779694,0.2527861839554552,731,0.5435816719027925,0.27285090794900807,551,,,0,,,0,,,0,,,0,,,0,
17,E,"{""tau"": 0.4, ""w_min"": 1.8, ""smooth_s"": 0.5, ""gap"": 1, ""anchor_source"": ""topk""}",2685,0.5303538175046555,0.28942967778606915,0.2003718828643602,0.3780260707635009,0.2573556797020484,0.2942271880819367,0.14674115456238362,0,0.0,0.0,0.0,,9.419208675317154,8.0,2.3356666666666666,20.0,1038,0.0889929305847061,0.08495414426426147,278,0.18449942624221,0.15836478808743717,1125,0.33546144257856275,0.2538162488229143,731,0.5437286408450667,0.2734685823909713,551,,,0,,,0,,,0,,,0,,,0,
18,E,"{""tau"": 0.4, ""w_min"": 2.2, ""smooth_s"": 0.5, ""gap"": 1, ""anchor_source"": ""topk""}",2685,0.5303538175046555,0.2889658824083378,0.20131911707082725,0.3780260707635009,0.25623836126629423,0.2957169459962756,0.14934823091247673,0,0.0,0.0,0.0,,9.440184505507991,8.0,2.3356666666666666,20.0,1038,0.08811094331302367,0.085153585005038,278,0.1844577512750369,0.15987819269125061,1125,0.3343343116819977,0.25471372784906265,731,0.5434940108918506,0.27370314132204887,551,,,0,,,0,,,0,,,0,,,0,
19,E,"{""tau"": 0.5, ""w_min"": 0.6, ""smooth_s"": 0.5, ""gap"": 1, ""anchor_source"": ""topk""}",2685,0.5303538175046555,0.30052237802220744,0.17824351418207612,0.3702048417132216,0.28268156424581004,0.2595903165735568,0.12998137802607077,0,0.0,0.0,0.0,,7.089390623230306,5.3053,1.4013999999999989,16.393839999999994,720,0.09960245875897504,0.08998393349366628,278,0.2018318456270261,0.1510962411388513,1125,0.34512101251686045,0.21751086575832207,731,0.544226524454451,0.22610633015806544,551,,,0,,,0,,,0,,,0,,,0,
20,E,"{""tau"": 0.5, ""w_min"": 1.0, ""smooth_s"": 0.5, ""gap"": 1, ""anchor_source"": ""topk""}",2685,0.5303538175046555,0.30036938762854437,0.1794532249760031,0.3713221601489758,0.28305400372439476,0.2610800744878957,0.1303538175046555,0,0.0,0.0,0.0,,7.107489402298015,5.3053,1.4013999999999989,16.393839999999994,720,0.09774683720227437,0.09086391093121617,278,0.20132514680196956,0.1523919692911774,1125,0.34516005763780905,0.21895395081040447,731,0.5453999868510985,0.22699716574720497,551,,,0,,,0,,,0,,,0,,,0,
21,E,"{""tau"": 0.5, ""w_min"": 1.4, ""smooth_s"": 0.5, ""gap"": 1, ""anchor_source"": ""topk""}",2685,0.5303538175046555,0.2995304216466577,0.180786470366908,0.3702048417132216,0.2823091247672253,0.2633147113594041,0.13072625698324022,0,0.0,0.0,0.0,,7.135689783486155,5.3053,1.4013999999999989,16.393839999999994,720,0.09798700449282337,0.09222660471359287,278,0.19966478939339233,0.15381044083150194,1125,0.3443612291346029,0.22048048873992912,731,0.5456403780531942,0.22788510638918577,551,,,0,,,0,,,0,,,0,,,0,
22,E,"{""tau"": 0.5, ""w_min"": 1.8, ""smooth_s"": 0.5, ""gap"": 1, ""anchor_source"": ""topk""}",2685,0.5303538175046555,0.29866815286118564,0.18200747137946555,0.3713221601489758,0.2811918063314711,0.26666666666666666,0.1318435754189944,0,0.0,0.0,0.0,,7.175080838815227,5.3053,1.8000000000000007,16.393839999999994,722,0.0954166887756916,0.08953883803541993,278,0.19843992485127981,0.1554050581467966,1125,0.3429662823353045,0.22256573575712807,731,0.5470869021920939,0.22916882110056522,551,,,0,,,0,,,0,,,0,,,0,
23,E,"{""tau"": 0.5, ""w_min"": 2.2, ""smooth_s"": 0.5, ""gap"": 1, ""anchor_source"": ""topk""}",2685,0.5303538175046555,0.29805980985201913,0.18392460076897357,0.37206703910614525,0.28007448789571693,0.27039106145251396,0.13445065176908752,0,0.0,0.0,0.0,,7.230079137194302,5.3053,2.1999999999999993,16.393839999999994,725,0.09650672895524845,0.09137498833752851,278,0.19696154661281037,0.1571953401506143,1125,0.3430095696052867,0.225604501283112,731,0.5465335453398114,0.22989774627852125,551,,,0,,,0,,,0,,,0,,,0,
24,E,"{""tau"": 0.6, ""w_min"": 0.6, ""smooth_s"": 0.5, ""gap"": 1, ""anchor_source"": ""topk""}",2685,0.5303538175046555,0.30711744472227387,0.14838418255809385,0.36201117318435755,0.3031657355679702,0.21080074487895717,0.11135940409683426,0,0.0,0.0,0.0,,4.809682571910831,3.2399999999999993,0.6006,11.07534666666666,400,0.10092988139631914,0.0808983208299475,278,0.2114005296895708,0.1323227638413354,1125,0.35291853826535274,0.18148766641609795,731,0.5458126763673113,0.1713088992850937,551,,,0,,,0,,,0,,,0,,,0,
25,E,"{""tau"": 0.6, ""w_min"": 1.0, ""smooth_s"": 0.5, ""gap"": 1, ""anchor_source"": ""topk""}",2685,0.5303538175046555,0.30679564712201823,0.15134001855989815,0.36312849162011174,0.30353817504655495,0.2148975791433892,0.11359404096834265,0,0.0,0.0,0.0,,4.855261886271746,3.2399999999999993,1.0,11.07534666666666,400,0.100315948682769,0.08596060724291077,278,0.21053281156830078,0.13559673465728891,1125,0.3532298424435581,0.18434621413567798,731,0.5459129781274589,0.1726814736790684,551,,,0,,,0,,,0,,,0,,,0,
26,E,"{""tau"": 0.6, ""w_min"": 1.4, ""smooth_s"": 0.5, ""gap"": 1, ""anchor_source"": ""topk""}",2685,0.5303538175046555,0.30568118659966165,0.15480899927244784,0.36350093109869647,0.3031657355679702,0.2223463687150838,0.11582867783985103,0,0.0,0.0,0.0,,4.9221846178611885,3.2399999999999993,1.3999999999999986,11.07534666666666,401,0.09853156646756381,0.08813376093824361,278,0.20970405329768455,0.14054470833331853,1125,0.35046831920471305,0.18735349462575013,731,0.5467383107868757,0.17439705273917264,551,,,0,,,0,,,0,,,0,,,0,
27,E,"{""tau"": 0.6, ""w_min"": 1.8, ""smooth_s"": 0.5, ""gap"": 1, ""anchor_source"": ""topk""}",2685,0.5303538175046555,0.30576807723763977,0.15897545993183962,0.36834264432029795,0.3042830540037244,0.23128491620111732,0.12029795158286778,0,0.0,0.0,0.0,,5.0128450189761455,3.2399999999999993,1.7999999999999972,11.07534666666666,404,0.09575017544109282,0.08712114891191901,278,0.21056180008146047,0.14659320938933812,1125,0.3502174581736955,0.1919153328871117,731,0.5471465546167414,0.17680936772412317,551,,,0,,,0,,,0,,,0,,,0,
28,E,"{""tau"": 0.6, ""w_min"": 2.2, ""smooth_s"": 0.5, ""gap"": 1, ""anchor_source"": ""topk""}",2685,0.5303538175046555,0.30592462838792267,0.16440316102858232,0.3716945996275605,0.30502793296089387,0.2409683426443203,0.12737430167597766,0,0.0,0.0,0.0,,5.128162232300581,3.2399999999999993,2.1999999999999993,11.07534666666666,413,0.09546094383639828,0.0899887802940611,278,0.21139640806234294,0.15436473047374624,1125,0.35021686613821906,0.19694908345616335,731,0.5463520809761883,0.1792658886580302,551,,,0,,,0,,,0,,,0,,,0,
29,E,"{""tau"": 0.7, ""w_min"": 0.6, ""smooth_s"": 0.5, ""gap"": 1, ""anchor_source"": ""topk""}",2685,0.5303538175046555,0.31539421969504117,0.11215639886137378,0.35195530726256985,0.315828677839851,0.14934823091247673,0.07225325884543761,0,0.0,0.0,0.0,,2.8969007135534044,1.8017999999999998,0.6000000000000001,6.840099999999999,209,0.1048315647656234,0.07262908058151561,278,0.22062176488076563,0.11051567945401404,1125,0.36374584307070573,0.13292755709506265,731,0.550984769692913,0.10789267317399395,551,,,0,,,0,,,0,,,0,,,0,
30,E,"{""tau"": 0.7, ""w_min"": 1.0, ""smooth_s"": 0.5, ""gap"": 1, ""anchor_source"": ""topk""}",2685,0.5303538175046555,0.3154872943732448,0.11856537206070862,0.3560521415270019,0.31769087523277467,0.1590316573556797,0.07672253258845438,0,0.0,0.0,0.0,,3.0014636418168634,1.8017999999999998,1.0,6.840099999999999,209,0.10495611585578114,0.08282328233124103,278,0.22068118360532774,0.11834690374742685,1125,0.36275292955879285,0.13827769240382667,731,0.5525714376057783,0.11089272528469168,551,,,0,,,0,,,0,,,0,,,0,
31,E,"{""tau"": 0.7, ""w_min"": 1.4, ""smooth_s"": 0.5, ""gap"": 1, ""anchor_source"": ""topk""}",2685,0.5303538175046555,0.3142883355712966,0.12547421009399728,0.3590316573556797,0.31843575418994413,0.17281191806331472,0.08193668528864059,0,0.0,0.0,0.0,,3.141668473010565,1.8017999999999998,1.3999999999999986,6.840099999999999,211,0.10128851216634725,0.08641800727124835,278,0.21988741343833276,0.1275286103818716,1125,0.36109394210672957,0.14524175702217904,731,0.5524010214674104,0.11475977680246333,551,,,0,,,0,,,0,,,0,,,0,
32,E,"{""tau"": 0.7, ""w_min"": 1.8, ""smooth_s"": 0.5, ""gap"": 1, ""anchor_source"": ""topk""}",2685,0.5303538175046555,0.3140959314144736,0.13326385722876535,0.3638733705772812,0.31843575418994413,0.18957169459962755,0.08864059590316574,0,0.0,0.0,0.0,,3.3130860684520647,1.8017999999999998,1.7999999999999972,6.840099999999999,218,0.10043642832045445,0.0896313064008927,278,0.22050703263477983,0.13769060118840915,1125,0.36028215996777596,0.15354260636511805,731,0.5517052234559051,0.11933644626120726,551,,,0,,,0,,,0,,,0,,,0,
33,E,"{""tau"": 0.7, ""w_min"": 2.2, ""smooth_s"": 0.5, ""gap"": 1, ""anchor_source"": ""topk""}",2685,0.5303538175046555,0.31339151252134256,0.14125395787196313,0.36722532588454376,0.3195530726256983,0.2048417132216015,0.09981378026070764,0,0.0,0.0,0.0,,3.5118945660092127,2.200000000000003,2.1999999999999886,6.840099999999999,228,0.09868897578268418,0.09154607856324441,278,0.2193487656169022,0.1473819707083462,1125,0.3606153770790789,0.16311566693222856,731,0.5510770850969092,0.12481814423101721,551,,,0,,,0,,,0,,,0,,,0,
34,E,"{""tau"": 0.8, ""w_min"": 0.6, ""smooth_s"": 0.5, ""gap"": 1, ""anchor_source"": ""topk""}",2685,0.5303538175046555,0.31974403994813905,0.07350293745591975,0.3426443202979516,0.3206703910614525,0.08044692737430167,0.034636871508379886,0,0.0,0.0,0.0,,1.4977499035689938,0.7499999999999998,0.5999999999999943,3.0230212012011988,56,0.12103790633033727,0.06900188132820535,278,0.22464707788019775,0.07737017353526186,1125,0.36489556906040327,0.08337397047480662,731,0.5542605911116922,0.054782298395009435,551,,,0,,,0,,,0,,,0,,,0,
35,E,"{""tau"": 0.8, ""w_min"": 1.0, ""smooth_s"": 0.5, ""gap"": 1, ""anchor_source"": ""topk""}",2685,0.5303538175046555,0.31881542809129687,0.08504408809939713,0.34674115456238364,0.3232774674115456,0.09869646182495345,0.040968342644320296,0,0.0,0.0,0.0,,1.6959733346381762,1.0,1.0,3.0230212012011988,57,0.11938779331228774,0.08409584781865795,278,0.22430983584879163,0.09196494644623758,1125,0.36315286697977506,0.09296789147345293,731,0.5535686148678947,0.06087955977165703,551,,,0,,,0,,,0,,,0,,,0,
36,E,"{""tau"": 0.8, ""w_min"": 1.4, ""smooth_s"": 0.5, ""gap"": 1, ""anchor_source"": ""topk""}",2685,0.5303538175046555,0.31707866288826353,0.09705177205674227,0.34972067039106147,0.3232774674115456,0.12253258845437616,0.049162011173184354,0,0.0,0.0,0.0,,1.9411638839739807,1.4000000000000004,1.3999999999999986,3.0230212012011988,64,0.11546607545079411,0.09331086603670102,278,0.22296464350366,0.10662206164821864,1125,0.3606411956379649,0.10486016422010852,731,0.55316280022994,0.06903990529038984,551,,,0,,,0,,,0,,,0,,,0,
37,E,"{""tau"": 0.8, ""w_min"": 1.8, ""smooth_s"": 0.5, ""gap"": 1, ""anchor_source"": ""topk""}",2685,0.5303538175046555,0.31535208693950434,0.10928941093606032,0.35567970204841715,0.32253258845437616,0.14748603351955308,0.061080074487895715,0,0.0,0.0,0.0,,2.221680813103606,1.8000000000000003,1.7999999999999972,3.0230212012011988,74,0.11026173272073468,0.09695267250554572,278,0.22059255213772128,0.1212304043404665,1125,0.3603912465347744,0.11887053404312288,731,0.5525498536558047,0.07842225070459641,551,,,0,,,0,,,0,,,0,,,0,
38,E,"{""tau"": 0.8, ""w_min"": 2.2, ""smooth_s"": 0.5, ""gap"": 1, ""anchor_source"": ""topk""}",2685,0.5303538175046555,0.3143086445332626,0.12122951157056444,0.36089385474860336,0.3232774674115456,0.16945996275605213,0.07560521415270019,0,0.0,0.0,0.0,,2.5222083190080213,2.200000000000001,2.1999999999999886,3.0230212012011988,89,0.10448849566443796,0.0960037439596872,278,0.21993113429415523,0.1357739422747789,1125,0.36005083260865656,0.13344855559470015,731,0.55218007996233,0.08805012440530029,551,,,0,,,0,,,0,,,0,,,0,
39,F,"{""alpha"": 1.0, ""w_min"": 0.6}",2685,0.5303538175046555,0.3018160148487241,0.13835394609456608,0.3616387337057728,0.2905027932960894,0.18919925512104283,0.08305400372439478,0,0.0,0.0,,0.0,6.097055523064893,4.422245201190401,0.9052884846060096,14.210194737450768,617,0.10873169391755301,0.08270885409740392,278,0.20219278493154114,0.1297552690889722,1125,0.3303967749565576,0.15158582222158265,731,0.564721712193316,0.16643079864929392,551,,,0,,,0,,,0,,,0,,,0,
40,F,"{""alpha"": 1.0, ""w_min"": 1.4}",2685,0.5303538175046555,0.3012097216682208,0.1458141002401457,0.3638733705772812,0.2905027932960894,0.20335195530726258,0.08864059590316574,0,0.0,0.0,,0.0,6.18235386031511,4.422245201190401,1.3999999999999995,14.210194737450768,619,0.10429967734005216,0.09270911248610698,278,0.20146934996609497,0.13940874273307136,1125,0.33050662756594146,0.15869698430301293,731,0.565334716726095,0.1685941828919161,551,,,0,,,0,,,0,,,0,,,0,
41,F,"{""alpha"": 1.0, ""w_min"": 2.2}",2685,0.5303538175046555,0.3004584292394029,0.15505004082102494,0.3679702048417132,0.28938547486033517,0.2245810055865922,0.09832402234636871,0,0.0,0.0,,0.0,6.340386575812358,4.422245201190401,2.1999999999999993,14.210194737450768,629,0.09749361127174809,0.09211821776254404,278,0.2006859267647079,0.1507993451229942,1125,0.3311190101534981,0.1720392521920765,731,0.5658947269360207,0.1729410861174017,551,,,0,,,0,,,0,,,0,,,0,
42,F,"{""alpha"": 1.5, ""w_min"": 0.6}",2685,0.5303538175046555,0.29642836564001473,0.16003399812298344,0.3690875232774674,0.2685288640595903,0.2335195530726257,0.09013035381750466,0,0.0,0.0,,0.0,8.02064795114655,6.446695835672848,1.3547265778621609,18.722335183474897,858,0.1012091684369145,0.08040891761356762,278,0.19580983654194717,0.14054437182172977,1125,0.32374636672408563,0.1784858557307829,731,0.5641186075008714,0.21552092019054528,551,,,0,,,0,,,0,,,0,,,0,
43,F,"{""alpha"": 1.5, ""w_min"": 1.4}",2685,0.5303538175046555,0.2957108222424859,0.16500428375459686,0.36983240223463687,0.2685288640595903,0.24394785847299813,0.09385474860335195,0,0.0,0.0,,0.0,8.072154129945986,6.446695835672848,1.4000000000000057,18.722335183474897,859,0.09734342172081806,0.0881142413268991,278,0.19473063795123213,0.14723827508048462,1125,0.32375684582210207,0.18264967127194143,731,0.56476200452195,0.21666202110141614,551,,,0,,,0,,,0,,,0,,,0,
44,F,"{""alpha"": 1.5, ""w_min"": 2.2}",2685,0.5303538175046555,0.29506607164117804,0.17144865254016148,0.37206703910614525,0.2674115456238361,0.25921787709497207,0.10204841713221602,0,0.0,0.0,,0.0,8.175224935977996,6.446695835672848,2.2,18.722335183474897,867,0.09175507411779014,0.08721104730605807,278,0.19410782258418818,0.15577939634057172,1125,0.3239859884766037,0.19137992599377765,731,0.5654073208134454,0.2194998441645277,551,,,0,,,0,,,0,,,0,,,0,
45,F,"{""alpha"": 2.0, ""w_min"": 0.6}",2685,0.5303538175046555,0.29347381165154895,0.17488664053888894,0.36983240223463687,0.2584729981378026,0.2547486033519553,0.10465549348230913,0,0.0,0.0,,0.0,9.264400172867877,7.967967967967965,1.7933171529317065,20.0,1035,0.0995990831265336,0.08249968233543485,278,0.19170984930654647,0.1458419376890974,1125,0.32277465680174994,0.19996013979176877,731,0.5601938014215765,0.24753661718629472,551,,,0,,,0,,,0,,,0,,,0,
46,F,"{""alpha"": 2.0, ""w_min"": 1.4}",2685,0.5303538175046555,0.2929797292957297,0.17845340587111963,0.37057728119180633,0.2584729981378026,0.26294227188081937,0.10726256983240223,0,0.0,0.0,,0.0,9.298500786450408,7.967967967967965,1.7933171529317065,20.0,1036,0.09716147448273131,0.0892556124309093,278,0.1908756184275292,0.15074809469931755,1125,0.3226933908656493,0.20241363279248736,731,0.5608271212324407,0.24823659237771858,551,,,0,,,0,,,0,,,0,,,0,
47,F,"{""alpha"": 2.0, ""w_min"": 2.2}",2685,0.5303538175046555,0.2922485312781815,0.18322122427640902,0.3716945996275605,0.2573556797020484,0.27411545623836125,0.11433891992551211,0,0.0,0.0,,0.0,9.37194444959654,7.967967967967965,2.200000000000002,20.0,1042,0.09147674227061597,0.08740076644333082,278,0.19014734162771846,0.1575328482994004,1125,0.32275883495759133,0.20874556148608772,731,0.5615323129682459,0.25015265758213556,551,,,0,,,0,,,0,,,0,,,0,
48,F,"{""alpha"": 3.0, ""w_min"": 0.6}",2685,0.5303538175046555,0.2885132821303931,0.1914633161963272,0.36983240223463687,0.24916201117318434,0.2849162011173184,0.12327746741154562,0,0.0,0.0,,0.0,10.748975578882892,10.000000000000002,2.6349107636831315,20.0,1214,0.09786835892152752,0.08583470467235746,278,0.18578626044211205,0.15140298171287653,1125,0.3185558132788045,0.22453207265752062,731,0.554586054874299,0.28267814255642393,551,,,0,,,0,,,0,,,0,,,0,
49,F,"{""alpha"": 3.0, ""w_min"": 1.4}",2685,0.5303538175046555,0.28842082960970084,0.1934615416139083,0.3702048417132216,0.24916201117318434,0.28938547486033517,0.12476722532588454,0,0.0,0.0,,0.0,10.765864175124962,10.000000000000002,2.6349107636831315,20.0,1215,0.09731998975621639,0.09108038977517732,278,0.18545157030734954,0.15399390347369904,1125,0.3185213311544011,0.22565116053272716,731,0.5551413079495158,0.28299410366335664,551,,,0,,,0,,,0,,,0,,,0,
50,F,"{""alpha"": 3.0, ""w_min"": 2.2}",2685,0.5303538175046555,0.287624594012313,0.196416555500199,0.37094972067039106,0.24804469273743016,0.2957169459962756,0.1303538175046555,0,0.0,0.0,,0.0,10.809973086843888,10.000000000000002,2.6349107636831315,20.0,1220,0.0916357289113018,0.08870189447430052,278,0.18461310505329576,0.15894319707901844,1125,0.31861813752920826,0.2290222598645442,731,0.5557127052031023,0.28401625440889516,551,,,0,,,0,,,0,,,0,,,0,
