sequence,encode,encode_id,n_moving,n_moving_vec,n_moving_nearzero,n_moving_novec,n_tex,n_tex_nearzero,n_tex_novec,n_class,c1,c2,c3,c0,n_class_traj,t1,t2,t3,t0,reuse,stale
alley_1,ref 1 (control),x264_crf23,285043,272060,866,12983,103027,246,2366,100661,52700,370,112,47479,88571,47719,461,453,39938,82540,866
alley_1,ref 2,x264_crf23_ref2,285043,271893,1001,13150,103027,283,2288,100739,51743,779,129,48088,88637,46909,1299,419,40010,71851,1001
alley_1,ref 3,x264_crf23_ref3,285043,271714,897,13329,103027,292,2220,100807,52318,936,170,47383,88699,47447,1250,806,39196,67806,897
alley_2,ref 1 (control),x264_crf23,1105214,1074672,1357,30542,328062,190,7096,320966,267646,35,15,53270,302473,255363,29,24,47057,85011,1357
alley_2,ref 2,x264_crf23_ref2,1105214,1080031,1113,25183,328062,139,6352,321710,260883,10294,29,50504,303080,248703,10489,38,43850,78563,1113
alley_2,ref 3,x264_crf23_ref3,1105214,1080210,1280,25004,328062,108,6046,322016,260591,9428,1495,50502,303185,248245,9582,2726,42632,78528,1280
ambush_2,ref 1 (control),x264_crf23,446204,210230,7902,235974,16668,14,10281,6387,256,1,0,6130,3145,99,0,0,3046,7979,7902
ambush_2,ref 2,x264_crf23_ref2,446204,210914,10148,235290,16668,4,10296,6372,281,1,0,6090,3080,121,2,0,2957,10507,10148
ambush_2,ref 3,x264_crf23_ref3,446204,215877,9915,230327,16668,15,10146,6522,255,2,0,6265,3204,103,1,0,3100,10077,9915
ambush_4,ref 1 (control),x264_crf23,663612,370585,7208,293027,55658,41,18275,37383,26901,3,5,10474,25937,18919,31,5,6982,9588,7208
ambush_4,ref 2,x264_crf23_ref2,663612,379677,8494,283935,55658,40,17331,38327,26284,118,4,11921,26814,18278,2019,4,6513,11203,8494
ambush_4,ref 3,x264_crf23_ref3,663612,383743,8295,279869,55658,49,16355,39303,25598,89,21,13595,27625,17687,1056,2324,6558,11865,8295
ambush_5,ref 1 (control),x264_crf23,1027748,783948,17605,243800,104105,129,14354,89751,59954,136,33,29628,77447,55388,103,54,21902,44410,17605
ambush_5,ref 2,x264_crf23_ref2,1027748,790497,16487,237251,104105,176,14144,89961,59405,1027,43,29486,77590,54731,1542,55,21262,43815,16487
ambush_5,ref 3,x264_crf23_ref3,1027748,794426,17275,233322,104105,187,13787,90318,58945,974,84,30315,77841,54381,1343,244,21873,48345,17275
ambush_6,ref 1 (control),x264_crf23,432234,244989,16662,187245,26774,23,9827,16947,4582,1,1,12363,9911,2482,1,1,7427,16825,16662
ambush_6,ref 2,x264_crf23_ref2,432234,247427,17282,184807,26774,17,9626,17148,4684,3,0,12461,10100,2584,114,2,7400,17481,17282
ambush_6,ref 3,x264_crf23_ref3,432234,247805,16855,184429,26774,23,9544,17230,4774,4,0,12452,10058,2611,127,18,7302,17024,16855
ambush_7,ref 1 (control),x264_crf23,256172,225140,1279,31032,68153,149,3852,64301,50069,92,54,14086,62002,46120,2186,1053,12643,462571,1279
ambush_7,ref 2,x264_crf23_ref2,256172,228993,862,27179,68153,153,3549,64604,47928,119,803,15754,62312,43406,4634,1958,12314,477112,862
ambush_7,ref 3,x264_crf23_ref3,256172,229326,1009,26846,68153,157,3416,64737,46073,76,409,18179,62433,41050,3681,5288,12414,486573,1009
bamboo_1,ref 1 (control),x264_crf23,591329,571097,1756,20232,379541,1211,14311,365230,272867,1533,416,90414,338478,260043,1289,424,76722,72661,1756
bamboo_1,ref 2,x264_crf23_ref2,591329,573874,1808,17455,379541,1235,12529,367012,256779,19153,553,90527,339958,244264,18489,570,76635,64288,1808
bamboo_1,ref 3,x264_crf23_ref3,591329,574665,1778,16664,379541,1162,11856,367685,254492,16839,6319,90035,340491,242102,16263,5968,76158,63179,1778
bamboo_2,ref 1 (control),x264_crf23,208333,175439,1868,32894,118847,1381,16494,102353,60393,1152,58,40750,89042,55298,872,274,32598,566926,1868
bamboo_2,ref 2,x264_crf23_ref2,208333,178394,1926,29939,118847,1395,15023,103824,57197,5343,146,41138,90132,52127,5242,383,32380,534337,1926
bamboo_2,ref 3,x264_crf23_ref3,208333,179013,1721,29320,118847,1251,14608,104239,57200,4639,1406,40994,90428,52281,4509,1733,31905,524153,1721
bandage_1,ref 1 (control),x264_crf23,565697,523338,1508,42359,234864,489,9583,225281,144080,651,175,80375,205105,135777,556,304,68468,591657,1508
bandage_1,ref 2,x264_crf23_ref2,565697,525286,1573,40411,234864,464,9002,225862,144141,1744,180,79797,205562,135787,2045,361,67369,589377,1573
bandage_1,ref 3,x264_crf23_ref3,565697,526201,1582,39496,234864,508,8821,226043,143853,1764,365,80061,205674,135550,1928,710,67486,587250,1582
bandage_2,ref 1 (control),x264_crf23,373740,347033,5154,26707,179184,626,3289,175895,121820,550,233,53292,158828,112607,566,226,45429,740221,5154
bandage_2,ref 2,x264_crf23_ref2,373740,347000,4275,26740,179184,677,3347,175837,120329,2200,267,53041,158827,111530,2229,275,44793,735261,4275
bandage_2,ref 3,x264_crf23_ref3,373740,346607,3910,27133,179184,608,3316,175868,120500,2063,515,52790,158820,111614,2055,747,44404,730581,3910
cave_2,ref 1 (control),x264_crf23,1132279,869184,2916,263095,137844,151,27854,109990,50580,37,11,59362,83996,41404,110,14,42468,3378,2916
cave_2,ref 2,x264_crf23_ref2,1132279,880084,4116,252195,137844,141,27572,110272,49731,65,17,60459,84326,40524,2122,48,41632,4765,4116
cave_2,ref 3,x264_crf23_ref3,1132279,881713,3856,250566,137844,130,27354,110490,49616,49,16,60809,84534,40426,1358,1522,41228,4387,3856
cave_4,ref 1 (control),x264_crf23,1201499,1039202,2812,162297,184366,162,26920,157446,97758,53,18,59617,127960,82767,123,72,44998,3894,2812
cave_4,ref 2,x264_crf23_ref2,1201499,1049693,3920,151806,184366,163,25802,158564,95684,842,43,61995,128960,80624,3244,80,45012,5144,3920
cave_4,ref 3,x264_crf23_ref3,1201499,1051891,4621,149608,184366,172,25794,158572,95503,819,93,62157,129014,80598,2605,1084,44727,6022,4621
market_2,ref 1 (control),x264_crf23,175205,140556,2174,34649,35016,831,6778,28238,8535,161,41,19501,22034,7467,149,84,14334,953655,2174
market_2,ref 2,x264_crf23_ref2,175205,141587,2304,33618,35016,877,6469,28547,8613,232,51,19651,22146,7509,278,102,14257,900878,2304
market_2,ref 3,x264_crf23_ref3,175205,142601,2262,32604,35016,865,6288,28728,8454,275,63,19936,22273,7336,351,153,14433,880398,2262
market_5,ref 1 (control),x264_crf23,1075767,746273,7098,329494,123026,60,23137,99889,42870,47,5,56967,71649,33695,67,11,37876,8828,7098
market_5,ref 2,x264_crf23_ref2,1075767,744607,9252,331160,123026,85,22872,100154,42293,794,8,57059,71989,33254,1397,22,37316,10794,9252
market_5,ref 3,x264_crf23_ref3,1075767,747565,9990,328202,123026,86,22363,100663,42038,780,130,57715,72137,33036,1416,582,37103,11260,9990
market_6,ref 1 (control),x264_crf23,956975,826191,8486,130784,315380,1164,24581,290799,144390,319,85,146005,244395,123967,291,145,119992,14405,8486
market_6,ref 2,x264_crf23_ref2,956975,835664,7360,121311,315380,1159,22786,292594,143179,1645,147,147623,245822,123221,2364,201,120036,11795,7360
market_6,ref 3,x264_crf23_ref3,956975,839141,8665,117834,315380,1171,21516,293864,143390,1514,324,148636,246786,123334,2011,1420,120021,13300,8665
mountain_1,ref 1 (control),x264_crf23,733106,638561,26500,94545,132952,56,2189,130763,115757,80,16,14910,123762,110245,84,8,13425,223108,26500
mountain_1,ref 2,x264_crf23_ref2,733106,645313,26255,87793,132952,68,1786,131166,116250,833,22,14061,124121,110669,810,16,12626,228858,26255
mountain_1,ref 3,x264_crf23_ref3,733106,647936,29620,85170,132952,81,1797,131155,116325,761,122,13947,124120,110788,726,113,12493,240037,29620
shaman_2,ref 1 (control),x264_crf23,484987,479134,4613,5853,114792,111,894,113898,94761,212,7,18918,98557,82951,237,37,15332,557546,4613
shaman_2,ref 2,x264_crf23_ref2,484987,479411,3631,5576,114792,71,888,113904,90013,4984,50,18857,98570,78452,5264,118,14736,551327,3631
shaman_2,ref 3,x264_crf23_ref3,484987,479741,5572,5246,114792,55,888,113904,89373,4714,790,19027,98580,77845,4956,1388,14391,553177,5572
shaman_3,ref 1 (control),x264_crf23,956740,921587,7619,35153,43128,342,759,42369,20305,229,46,21789,39784,19688,213,47,19836,48301,7619
shaman_3,ref 2,x264_crf23_ref2,956740,923605,5761,33135,43128,327,690,42438,19425,1575,87,21351,39836,18812,1569,94,19361,40059,5761
shaman_3,ref 3,x264_crf23_ref3,956740,924380,4829,32360,43128,299,694,42434,18998,1631,379,21426,39837,18389,1604,401,19443,37242,4829
sleeping_1,ref 1 (control),x264_crf23,1075446,1065170,2362,10276,242561,266,1079,241482,218805,32,0,22645,227677,206007,33,2,21635,79563,2362
sleeping_1,ref 2,x264_crf23_ref2,1075446,1065743,1620,9703,242561,254,1058,241503,213549,6151,16,21787,227703,200831,6051,15,20806,75860,1620
sleeping_1,ref 3,x264_crf23_ref3,1075446,1066390,1774,9056,242561,241,1041,241520,213397,5972,873,21278,227720,200677,5876,869,20298,74642,1774
sleeping_2,ref 1 (control),x264_crf23,650097,646559,78,3538,227706,27,1087,226619,216962,251,0,9406,219175,209897,296,0,8982,154155,78
sleeping_2,ref 2,x264_crf23_ref2,650097,646821,147,3276,227706,21,1076,226630,209360,8095,40,9135,219192,202436,8030,42,8684,133214,147
sleeping_2,ref 3,x264_crf23_ref3,650097,646784,119,3313,227706,30,1029,226677,207716,8824,1055,9082,219239,200806,8756,1057,8620,129173,119
temple_2,ref 1 (control),x264_crf23,1175239,1093179,20629,82060,349491,1275,14369,335122,244346,328,63,90385,295670,223197,189,62,72222,41591,20629
temple_2,ref 2,x264_crf23_ref2,1175239,1100537,18273,74702,349491,1252,13361,336130,232454,15835,146,87695,296450,211885,14819,116,69630,37437,18273
temple_2,ref 3,x264_crf23_ref3,1175239,1103032,16745,72207,349491,1354,12545,336946,229633,15090,4380,87843,296869,209138,14046,4063,69622,36176,16745
temple_3,ref 1 (control),x264_crf23,1136427,800589,41532,335838,124447,146,47287,77160,21533,89,22,55516,54594,17303,134,100,37057,43150,41532
temple_3,ref 2,x264_crf23_ref2,1136427,810514,40069,325913,124447,150,46335,78112,21466,231,28,56387,55306,17264,681,107,37254,41943,40069
temple_3,ref 3,x264_crf23_ref3,1136427,813600,40124,322827,124447,153,46135,78312,21339,231,45,56697,55272,17183,575,351,37163,41686,40124
