sequence,arm,encode_id,group,n_group_frames,valid_cells,moving_cells,stale_cells,stale_of_valid,stale_mov
alley_1,x264 CRF 12,x264_crf12,d1,49,1342304,285043,743,0.0005535258778935,0.002606624263707581
alley_1,x264 CRF 18,x264_crf18,d1,49,1342304,285043,897,0.0006682539871742,0.0031468936265756395
alley_1,x264 CRF 23,x264_crf23,d1,49,1342304,285043,866,0.0006451593677736,0.0030381381054788224
alley_1,x264 CRF 28,x264_crf28,d1,49,1342304,285043,1786,0.0013305480725677,0.006265721312223068
alley_1,x264 CRF 33,x264_crf33,d1,49,1342304,285043,2207,0.0016441879037833,0.0077426914535701635
alley_1,x264 CRF 38,x264_crf38,d1,49,1342304,285043,3490,0.0026000071518821,0.012243766729931976
alley_1,x264 CRF 45,x264_crf45,d1,49,1342304,285043,18876,0.0140623882518416,0.06622158762011346
alley_1,NVENC QP 18,nvenc_qp18,d1,49,1342304,285043,968,0.000721148115479,0.0033959788523135106
alley_1,NVENC QP 23,nvenc_qp23,d1,49,1342304,285043,2408,0.0017939304360264,0.00844784821939146
alley_1,NVENC QP 28,nvenc_qp28,d1,49,1342304,285043,5613,0.0041816160869668,0.019691765803755923
alley_1,NVENC QP 33,nvenc_qp33,d1,49,1342304,285043,15392,0.011466851026295,0.053998870345877636
alley_1,NVENC QP 38,nvenc_qp38,d1,49,1342304,285043,22687,0.016901536462679,0.07959150022978989
alley_1,NVENC QP 45,nvenc_qp45,d1,49,1342304,285043,60022,0.0447156530860371,0.2105717382991338
alley_1,MPEG-4 q2,mpeg4_q2,d1,49,1342304,285043,24301,0.0181039466469592,0.08525380381205643
alley_1,MPEG-4 q4,mpeg4_q4,d1,49,1342304,285043,30822,0.022962011586049,0.10813105391116427
alley_1,MPEG-4 q8,mpeg4_q8,d1,49,1342304,285043,36750,0.0273782988056356,0.1289279161389685
alley_1,MPEG-4 q16,mpeg4_q16,d1,49,1342304,285043,44199,0.0329277123513004,0.1550608153857488
alley_1,MPEG-4 q31,mpeg4_q31,d1,49,1342304,285043,48630,0.0362287529501513,0.1706058384173616
alley_1,x264 QP 24 bf 0,x264_qp24,d1,49,1342304,285043,900,0.000670488950342,0.0031574183544237186
alley_1,"x264 QP 24 bf 2 (B, naive)",x264_qp24_bf2_pb1,B_naive,32,876567,190238,15688,0.017897091722595,0.08246512263585613
alley_1,NVENC QP 28 bf 0,nvenc_qp28,d1,49,1342304,285043,5613,0.0041816160869668,0.019691765803755923
alley_1,"NVENC QP 28 bf 2 B=P (B, naive)",nvenc_qp28_bf2_bqeq,B_naive,32,876567,190238,15729,0.0179438651010133,0.08268064214299982
alley_2,x264 CRF 12,x264_crf12,d1,49,1341763,1105214,447,0.0003331437817259,0.0004044465596707968
alley_2,x264 CRF 18,x264_crf18,d1,49,1341763,1105214,555,0.0004136348967738,0.0005021651915375665
alley_2,x264 CRF 23,x264_crf23,d1,49,1341763,1105214,1357,0.0010113559548146,0.001227816513363023
alley_2,x264 CRF 28,x264_crf28,d1,49,1341763,1105214,2929,0.0021829488516228,0.0026501654883126706
alley_2,x264 CRF 33,x264_crf33,d1,49,1341763,1105214,6828,0.005088827162472,0.0061779890591324394
alley_2,x264 CRF 38,x264_crf38,d1,49,1341763,1105214,27937,0.0208211137138227,0.025277457578351342
alley_2,x264 CRF 45,x264_crf45,d1,49,1341763,1105214,83149,0.0619699604177488,0.0752333937137966
alley_2,NVENC QP 18,nvenc_qp18,d1,49,1341763,1105214,1330,0.0009912331760527,0.0012033868553963305
alley_2,NVENC QP 23,nvenc_qp23,d1,49,1341763,1105214,3654,0.0027232827257868,0.003306147044825708
alley_2,NVENC QP 28,nvenc_qp28,d1,49,1341763,1105214,10205,0.0076056650839231,0.00923350590926282
alley_2,NVENC QP 33,nvenc_qp33,d1,49,1341763,1105214,29167,0.0217378180796459,0.02639036421905622
alley_2,NVENC QP 38,nvenc_qp38,d1,49,1341763,1105214,83507,0.0622367735583705,0.07555731288239201
alley_2,NVENC QP 45,nvenc_qp45,d1,49,1341763,1105214,250809,0.1869249636485728,0.2269325216654874
alley_2,MPEG-4 q2,mpeg4_q2,d1,49,1341763,1105214,64536,0.0480979129697271,0.058392311353276376
alley_2,MPEG-4 q4,mpeg4_q4,d1,49,1341763,1105214,87718,0.0653751817571359,0.07936743472304911
alley_2,MPEG-4 q8,mpeg4_q8,d1,49,1341763,1105214,150047,0.1118282438850974,0.1357628477380851
alley_2,MPEG-4 q16,mpeg4_q16,d1,49,1341763,1105214,231821,0.1727734331621903,0.20975213849987423
alley_2,MPEG-4 q31,mpeg4_q31,d1,49,1341763,1105214,268922,0.2004243670454469,0.24332120295255036
alley_2,x264 QP 24 bf 0,x264_qp24,d1,49,1341763,1105214,1338,0.000997195480871,0.0012106252725716468
alley_2,"x264 QP 24 bf 2 (B, naive)",x264_qp24_bf2_pb1,B_naive,32,876379,710959,24472,0.0279239917889406,0.03442111289117938
alley_2,NVENC QP 28 bf 0,nvenc_qp28,d1,49,1341763,1105214,10205,0.0076056650839231,0.00923350590926282
alley_2,"NVENC QP 28 bf 2 B=P (B, naive)",nvenc_qp28_bf2_bqeq,B_naive,32,876379,710959,34575,0.0394521091902019,0.048631496331012054
ambush_2,x264 CRF 12,x264_crf12,d1,20,447186,446204,3143,0.0070283953433247,0.0070438633450170774
ambush_2,x264 CRF 18,x264_crf18,d1,20,447186,446204,5359,0.0119838277584718,0.012010201611818809
ambush_2,x264 CRF 23,x264_crf23,d1,20,447186,446204,7902,0.0176704995236881,0.017709388530806537
ambush_2,x264 CRF 28,x264_crf28,d1,20,447186,446204,14583,0.0326105915659255,0.032682360534643344
ambush_2,x264 CRF 33,x264_crf33,d1,20,447186,446204,30721,0.0686984834051155,0.06884967414007942
ambush_2,x264 CRF 38,x264_crf38,d1,20,447186,446204,83196,0.186043391340516,0.18645283323322964
ambush_2,x264 CRF 45,x264_crf45,d1,20,447186,446204,173775,0.3885966913096564,0.38945190988875045
ambush_2,NVENC QP 18,nvenc_qp18,d1,20,447186,446204,4102,0.0091729168623346,0.009193104499287322
ambush_2,NVENC QP 23,nvenc_qp23,d1,20,447186,446204,17485,0.0391000612720434,0.03918611218187197
ambush_2,NVENC QP 28,nvenc_qp28,d1,20,447186,446204,40984,0.0916486652086603,0.09185036440731145
ambush_2,NVENC QP 33,nvenc_qp33,d1,20,447186,446204,71937,0.1608659483973112,0.1612199800987889
ambush_2,NVENC QP 38,nvenc_qp38,d1,20,447186,446204,119858,0.2680271743748686,0.26861704511837636
ambush_2,NVENC QP 45,nvenc_qp45,d1,20,447186,446204,191561,0.4283698505767175,0.4293126014110138
ambush_2,MPEG-4 q2,mpeg4_q2,d1,20,447186,446204,128839,0.2881105401331884,0.288744610088659
ambush_2,MPEG-4 q4,mpeg4_q4,d1,20,447186,446204,128009,0.2862544891834717,0.2868844743659851
ambush_2,MPEG-4 q8,mpeg4_q8,d1,20,447186,446204,127366,0.2848166087489322,0.28544342946275697
ambush_2,MPEG-4 q16,mpeg4_q16,d1,20,447186,446204,126475,0.2828241492354412,0.2834465849701034
ambush_2,MPEG-4 q31,mpeg4_q31,d1,20,447186,446204,114475,0.2559896776732724,0.25655305644951637
ambush_2,x264 QP 24 bf 0,x264_qp24,d1,20,447186,446204,12432,0.0278005125384068,0.02786169554732813
ambush_2,"x264 QP 24 bf 2 (B, naive)",x264_qp24_bf2_pb1,B_naive,13,292695,291742,20636,0.0705034250670493,0.07073373048789684
ambush_2,NVENC QP 28 bf 0,nvenc_qp28,d1,20,447186,446204,40984,0.0916486652086603,0.09185036440731145
ambush_2,"NVENC QP 28 bf 2 B=P (B, naive)",nvenc_qp28_bf2_bqeq,B_naive,13,292695,291742,27302,0.0932779856164266,0.09358268607194027
ambush_4,x264 CRF 12,x264_crf12,d1,32,686530,663612,3564,0.0051913244869124,0.005370608126435326
ambush_4,x264 CRF 18,x264_crf18,d1,32,686530,663612,4608,0.0067120154982302,0.006943816567512341
ambush_4,x264 CRF 23,x264_crf23,d1,32,686530,663612,7208,0.0104991770206691,0.010861768623834409
ambush_4,x264 CRF 28,x264_crf28,d1,32,686530,663612,10655,0.0155200792390718,0.016056068907735244
ambush_4,x264 CRF 33,x264_crf33,d1,32,686530,663612,30498,0.0444234046582086,0.04595757762065785
ambush_4,x264 CRF 38,x264_crf38,d1,32,686530,663612,76645,0.111641151879743,0.11549670590646341
ambush_4,x264 CRF 45,x264_crf45,d1,32,686530,663612,203468,0.2963716079413864,0.30660687269066866
ambush_4,NVENC QP 18,nvenc_qp18,d1,32,686530,663612,6586,0.0095931714564549,0.009924473939591207
ambush_4,NVENC QP 23,nvenc_qp23,d1,32,686530,663612,21003,0.0305929820983788,0.031649518091897075
ambush_4,NVENC QP 28,nvenc_qp28,d1,32,686530,663612,41424,0.0603382226559655,0.06242201768503282
ambush_4,NVENC QP 33,nvenc_qp33,d1,32,686530,663612,75726,0.1103025359416194,0.11411186054501726
ambush_4,NVENC QP 38,nvenc_qp38,d1,32,686530,663612,129017,0.1879262377463475,0.19441631555788624
ambush_4,NVENC QP 45,nvenc_qp45,d1,32,686530,663612,257047,0.3744148107147539,0.38734531623900714
ambush_4,MPEG-4 q2,mpeg4_q2,d1,30,658922,636004,151146,0.2293837510357826,0.23764944874560537
ambush_4,MPEG-4 q4,mpeg4_q4,d1,30,658922,636004,151131,0.2293609865811127,0.23762586398827681
ambush_4,MPEG-4 q8,mpeg4_q8,d1,30,658922,636004,161672,0.2453583276928073,0.2541996591216407
ambush_4,MPEG-4 q16,mpeg4_q16,d1,30,658922,636004,170224,0.2583371021152731,0.26764611543323624
ambush_4,MPEG-4 q31,mpeg4_q31,d1,30,658922,636004,168234,0.255317017795733,0.26451720429431264
ambush_4,x264 QP 24 bf 0,x264_qp24,d1,32,686530,663612,11030,0.0160663044586543,0.01662115814662785
ambush_4,"x264 QP 24 bf 2 (B, naive)",x264_qp24_bf2_pb1,B_naive,21,450606,428115,24628,0.0546552864364877,0.05752659916144027
ambush_4,NVENC QP 28 bf 0,nvenc_qp28,d1,32,686530,663612,41424,0.0603382226559655,0.06242201768503282
ambush_4,"NVENC QP 28 bf 2 B=P (B, naive)",nvenc_qp28_bf2_bqeq,B_naive,21,450606,428115,31611,0.0701521950440074,0.07383763708349392
ambush_5,x264 CRF 12,x264_crf12,d1,49,1181803,1027748,10793,0.0091326557810396,0.010501601559915466
ambush_5,x264 CRF 18,x264_crf18,d1,49,1181803,1027748,11578,0.0097968950831906,0.011265407473427339
ambush_5,x264 CRF 23,x264_crf23,d1,49,1181803,1027748,17605,0.0148967298272216,0.017129685487103842
ambush_5,x264 CRF 28,x264_crf28,d1,49,1181803,1027748,23399,0.0197994081923975,0.022767254229636057
ambush_5,x264 CRF 33,x264_crf33,d1,49,1181803,1027748,49751,0.0420975407914855,0.04840778089570595
ambush_5,x264 CRF 38,x264_crf38,d1,49,1181803,1027748,112830,0.0954727649193647,0.10978372130133067
ambush_5,x264 CRF 45,x264_crf45,d1,49,1181803,1027748,306557,0.259397716878363,0.29828031774326
ambush_5,NVENC QP 18,nvenc_qp18,d1,49,1181803,1027748,16527,0.0139845642632486,0.016080790232625118
ambush_5,NVENC QP 23,nvenc_qp23,d1,49,1181803,1027748,44959,0.0380427194718578,0.043745159319210546
ambush_5,NVENC QP 28,nvenc_qp28,d1,49,1181803,1027748,80074,0.06775579347827,0.07791209518286583
ambush_5,NVENC QP 33,nvenc_qp33,d1,49,1181803,1027748,136417,0.115431252078392,0.1327338997497441
ambush_5,NVENC QP 38,nvenc_qp38,d1,49,1181803,1027748,235254,0.199063634125146,0.22890241576728926
ambush_5,NVENC QP 45,nvenc_qp45,d1,49,1181803,1027748,499500,0.4226592756999263,0.4860140812728412
ambush_5,MPEG-4 q2,mpeg4_q2,d1,49,1181803,1027748,237696,0.2011299683619012,0.23127848460906758
ambush_5,MPEG-4 q4,mpeg4_q4,d1,49,1181803,1027748,267312,0.2261899825943918,0.26009488707348494
ambush_5,MPEG-4 q8,mpeg4_q8,d1,49,1181803,1027748,313483,0.2652582537021822,0.30501932380311125
ambush_5,MPEG-4 q16,mpeg4_q16,d1,49,1181803,1027748,355165,0.3005280913993279,0.34557595830884613
ambush_5,MPEG-4 q31,mpeg4_q31,d1,49,1181803,1027748,367151,0.3106702216866939,0.3572383502570669
ambush_5,x264 QP 24 bf 0,x264_qp24,d1,49,1181803,1027748,23456,0.0198476395812161,0.022822715295967494
ambush_5,"x264 QP 24 bf 2 (B, naive)",x264_qp24_bf2_pb1,B_naive,32,774278,664635,51214,0.0661442014366932,0.0770558276347168
ambush_5,NVENC QP 28 bf 0,nvenc_qp28,d1,49,1181803,1027748,80074,0.06775579347827,0.07791209518286583
ambush_5,"NVENC QP 28 bf 2 B=P (B, naive)",nvenc_qp28_bf2_bqeq,B_naive,32,774278,664635,67927,0.0877294718434464,0.10220196047454617
ambush_6,x264 CRF 12,x264_crf12,d1,19,433082,432234,7943,0.0183406375697904,0.018376620071535326
ambush_6,x264 CRF 18,x264_crf18,d1,19,433082,432234,11167,0.0257849552740589,0.025835542784695326
ambush_6,x264 CRF 23,x264_crf23,d1,19,433082,432234,16662,0.0384730836192684,0.03854856397229279
ambush_6,x264 CRF 28,x264_crf28,d1,19,433082,432234,22939,0.0529668746334412,0.05307079035892595
ambush_6,x264 CRF 33,x264_crf33,d1,19,433082,432234,40056,0.0924905676061346,0.0926720248754147
ambush_6,x264 CRF 38,x264_crf38,d1,19,433082,432234,75311,0.1738954747599761,0.17423664033833525
ambush_6,x264 CRF 45,x264_crf45,d1,19,433082,432234,111046,0.2564087170558924,0.25691176538634164
ambush_6,NVENC QP 18,nvenc_qp18,d1,19,433082,432234,30412,0.0702222673766169,0.07036003646173138
ambush_6,NVENC QP 23,nvenc_qp23,d1,19,433082,432234,43210,0.0997732531021838,0.09996899827408302
ambush_6,NVENC QP 28,nvenc_qp28,d1,19,433082,432234,57088,0.1318179928974189,0.13207660665287785
ambush_6,NVENC QP 33,nvenc_qp33,d1,19,433082,432234,80244,0.1852859273763398,0.18564943988672802
ambush_6,NVENC QP 38,nvenc_qp38,d1,19,433082,432234,104993,0.2424321491080211,0.2429077768060819
ambush_6,NVENC QP 45,nvenc_qp45,d1,19,433082,432234,151879,0.3506934021732605,0.3513814276526141
ambush_6,MPEG-4 q2,mpeg4_q2,d1,19,433082,432234,109185,0.2521116093488069,0.25260622718249837
ambush_6,MPEG-4 q4,mpeg4_q4,d1,19,433082,432234,107983,0.2493361534305281,0.24982532609651253
ambush_6,MPEG-4 q8,mpeg4_q8,d1,19,433082,432234,105814,0.244327864007278,0.24480721090890584
ambush_6,MPEG-4 q16,mpeg4_q16,d1,19,433082,432234,107154,0.2474219662789033,0.24790738350060385
ambush_6,MPEG-4 q31,mpeg4_q31,d1,19,433082,432234,72097,0.1664742473711676,0.1668008532415312
ambush_6,x264 QP 24 bf 0,x264_qp24,d1,19,433082,432234,26630,0.0614895100696865,0.06161014635590907
ambush_6,"x264 QP 24 bf 2 (B, naive)",x264_qp24_bf2_pb1,B_naive,12,276376,275739,47284,0.1710857672156772,0.1714810019620003
ambush_6,NVENC QP 28 bf 0,nvenc_qp28,d1,19,433082,432234,57088,0.1318179928974189,0.13207660665287785
ambush_6,"NVENC QP 28 bf 2 B=P (B, naive)",nvenc_qp28_bf2_bqeq,B_naive,12,276376,275739,45382,0.1642038382493414,0.16458317466879913
ambush_7,x264 CRF 12,x264_crf12,d1,49,1334699,256172,931,0.0006975355492137,0.0036342769701606732
ambush_7,x264 CRF 18,x264_crf18,d1,49,1334699,256172,898,0.0006728108734628,0.0035054572708961168
ambush_7,x264 CRF 23,x264_crf23,d1,49,1334699,256172,1279,0.0009582684934955,0.00499273925331418
ambush_7,x264 CRF 28,x264_crf28,d1,49,1334699,256172,1929,0.0014452696825276,0.007530096966100901
ambush_7,x264 CRF 33,x264_crf33,d1,49,1334699,256172,4557,0.0034142529514145,0.01778882938026014
ambush_7,x264 CRF 38,x264_crf38,d1,49,1334699,256172,11848,0.008876907827158,0.04625017566322627
ambush_7,x264 CRF 45,x264_crf45,d1,49,1334699,256172,41254,0.0309088416189717,0.16104023858969754
ambush_7,NVENC QP 18,nvenc_qp18,d1,49,1334699,256172,1203,0.0009013268160087,0.0046960635822806554
ambush_7,NVENC QP 23,nvenc_qp23,d1,49,1334699,256172,2294,0.0017187395809841,0.008954920912511906
ambush_7,NVENC QP 28,nvenc_qp28,d1,49,1334699,256172,3872,0.0029010286214344,0.015114844713707977
ambush_7,NVENC QP 33,nvenc_qp33,d1,49,1334699,256172,9988,0.0074833351939276,0.03898942897740581
ambush_7,NVENC QP 38,nvenc_qp38,d1,49,1334699,256172,27221,0.0203948605640672,0.10626063738425745
ambush_7,NVENC QP 45,nvenc_qp45,d1,49,1334699,256172,69389,0.051988500778078,0.27086879128085817
ambush_7,MPEG-4 q2,mpeg4_q2,d1,49,1334699,256172,19941,0.0149404472469073,0.07784223100104617
ambush_7,MPEG-4 q4,mpeg4_q4,d1,49,1334699,256172,22154,0.0165984989874121,0.08648095810627235
ambush_7,MPEG-4 q8,mpeg4_q8,d1,49,1334699,256172,32589,0.0244167411528741,0.12721530846462534
ambush_7,MPEG-4 q16,mpeg4_q16,d1,49,1334699,256172,47816,0.0358253059304007,0.18665584060709212
ambush_7,MPEG-4 q31,mpeg4_q31,d1,49,1334699,256172,57073,0.0427609520948168,0.22279171806442546
ambush_7,x264 QP 24 bf 0,x264_qp24,d1,49,1334699,256172,1490,0.0011163565717813,0.005816404603157254
ambush_7,"x264 QP 24 bf 2 (B, naive)",x264_qp24_bf2_pb1,B_naive,32,870638,174003,11267,0.0129410845839487,0.0647517571536123
ambush_7,NVENC QP 28 bf 0,nvenc_qp28,d1,49,1334699,256172,3872,0.0029010286214344,0.015114844713707977
ambush_7,"NVENC QP 28 bf 2 B=P (B, naive)",nvenc_qp28_bf2_bqeq,B_naive,32,870638,174003,9618,0.0110470712282257,0.05527490905329219
bamboo_1,x264 CRF 12,x264_crf12,d1,49,1332200,591329,1577,0.0011837561927638,0.0026668741089985438
bamboo_1,x264 CRF 18,x264_crf18,d1,49,1332200,591329,1783,0.001338387629485,0.0030152419380750817
bamboo_1,x264 CRF 23,x264_crf23,d1,49,1332200,591329,1756,0.0013181204023419,0.002969582076982526
bamboo_1,x264 CRF 28,x264_crf28,d1,49,1332200,591329,2248,0.0016874343191712,0.003801606212446878
bamboo_1,x264 CRF 33,x264_crf33,d1,49,1332200,591329,2784,0.0020897763098633,0.0047080390104324325
bamboo_1,x264 CRF 38,x264_crf38,d1,49,1332200,591329,4348,0.0032637742080768,0.007352928741867894
bamboo_1,x264 CRF 45,x264_crf45,d1,49,1332200,591329,17446,0.0130956312865936,0.02950303468965669
bamboo_1,NVENC QP 18,nvenc_qp18,d1,49,1332200,591329,1634,0.001226542561177,0.002763267149082829
bamboo_1,NVENC QP 23,nvenc_qp23,d1,49,1332200,591329,1815,0.0013624080468398,0.0030693573289995923
bamboo_1,NVENC QP 28,nvenc_qp28,d1,49,1332200,591329,2086,0.0015658309563128,0.003527647045891543
bamboo_1,NVENC QP 33,nvenc_qp33,d1,49,1332200,591329,3077,0.0023097132562678,0.005203533058584984
bamboo_1,NVENC QP 38,nvenc_qp38,d1,49,1332200,591329,5375,0.0040346794775559,0.00908969456935141
bamboo_1,NVENC QP 45,nvenc_qp45,d1,49,1332200,591329,44485,0.0333921333133163,0.07522884891490186
bamboo_1,MPEG-4 q2,mpeg4_q2,d1,49,1332200,591329,9780,0.0073412400540459,0.01653901635130359
bamboo_1,MPEG-4 q4,mpeg4_q4,d1,49,1332200,591329,11385,0.0085460141119951,0.01925324142736108
bamboo_1,MPEG-4 q8,mpeg4_q8,d1,49,1332200,591329,15567,0.0116851824050442,0.026325446578808073
bamboo_1,MPEG-4 q16,mpeg4_q16,d1,49,1332200,591329,25051,0.0188042335985587,0.042363895564059936
bamboo_1,MPEG-4 q31,mpeg4_q31,d1,49,1332200,591329,43118,0.032366011109443,0.07291710705884541
bamboo_1,x264 QP 24 bf 0,x264_qp24,d1,49,1332200,591329,1750,0.0013136165740879,0.00295943544118418
bamboo_1,"x264 QP 24 bf 2 (B, naive)",x264_qp24_bf2_pb1,B_naive,32,870299,374551,33181,0.038125977393976,0.0885887369143321
bamboo_1,NVENC QP 28 bf 0,nvenc_qp28,d1,49,1332200,591329,2086,0.0015658309563128,0.003527647045891543
bamboo_1,"NVENC QP 28 bf 2 B=P (B, naive)",nvenc_qp28_bf2_bqeq,B_naive,32,870299,374551,28865,0.0331667622276941,0.07706560655291268
bamboo_2,x264 CRF 12,x264_crf12,d1,49,1319076,208333,1543,0.0011697582246966,0.00740641185025896
bamboo_2,x264 CRF 18,x264_crf18,d1,49,1319076,208333,1681,0.0012743769123234,0.008068812910100656
bamboo_2,x264 CRF 23,x264_crf23,d1,49,1319076,208333,1868,0.0014161428151221,0.008966414346262955
bamboo_2,x264 CRF 28,x264_crf28,d1,49,1319076,208333,2111,0.0016003626781171,0.01013281621250594
bamboo_2,x264 CRF 33,x264_crf33,d1,49,1319076,208333,2802,0.0021242142226831,0.01344962151939443
bamboo_2,x264 CRF 38,x264_crf38,d1,49,1319076,208333,4840,0.0036692351312585,0.023232037171259472
bamboo_2,x264 CRF 45,x264_crf45,d1,49,1319076,208333,16909,0.0128188216600104,0.08116332986132778
bamboo_2,NVENC QP 18,nvenc_qp18,d1,49,1319076,208333,1095,0.0008301265431256,0.0052560084096134555
bamboo_2,NVENC QP 23,nvenc_qp23,d1,49,1319076,208333,1043,0.0007907050086575,0.005006408010252816
bamboo_2,NVENC QP 28,nvenc_qp28,d1,49,1319076,208333,1298,0.0009840221488375,0.00623040996865595
bamboo_2,NVENC QP 33,nvenc_qp33,d1,49,1319076,208333,1666,0.0012630053158423,0.007996812794900473
bamboo_2,NVENC QP 38,nvenc_qp38,d1,49,1319076,208333,2425,0.0018384080977896,0.011640018624029799
bamboo_2,NVENC QP 45,nvenc_qp45,d1,49,1319076,208333,11392,0.0086363484742349,0.05468168749069999
bamboo_2,MPEG-4 q2,mpeg4_q2,d1,49,1319076,208333,5889,0.0044644887785085,0.028267245227592365
bamboo_2,MPEG-4 q4,mpeg4_q4,d1,49,1319076,208333,6582,0.0049898565359387,0.03159365054984088
bamboo_2,MPEG-4 q8,mpeg4_q8,d1,49,1319076,208333,6913,0.0052407897649566,0.03318245309192495
bamboo_2,MPEG-4 q16,mpeg4_q16,d1,49,1319076,208333,8762,0.0066425285578692,0.04205766729226767
bamboo_2,MPEG-4 q31,mpeg4_q31,d1,49,1319076,208333,10662,0.0080829307788179,0.05117768188429102
bamboo_2,x264 QP 24 bf 0,x264_qp24,d1,49,1319076,208333,1676,0.001270586380163,0.008044812871700596
bamboo_2,"x264 QP 24 bf 2 (B, naive)",x264_qp24_bf2_pb1,B_naive,32,861209,136630,18050,0.020958907768033,0.13210861450633096
bamboo_2,NVENC QP 28 bf 0,nvenc_qp28,d1,49,1319076,208333,1298,0.0009840221488375,0.00623040996865595
bamboo_2,"NVENC QP 28 bf 2 B=P (B, naive)",nvenc_qp28_bf2_bqeq,B_naive,32,861209,136630,16217,0.018830504558127,0.11869282002488472
bandage_1,x264 CRF 12,x264_crf12,d1,49,1334591,565697,1028,0.0007702734395781,0.0018172272435597147
bandage_1,x264 CRF 18,x264_crf18,d1,49,1334591,565697,1174,0.0008796702510357,0.0020753159376839547
bandage_1,x264 CRF 23,x264_crf23,d1,49,1334591,565697,1508,0.0011299341895756,0.0026657380187626945
bandage_1,x264 CRF 28,x264_crf28,d1,49,1334591,565697,2076,0.0015555327437394,0.003669809102752887
bandage_1,x264 CRF 33,x264_crf33,d1,49,1334591,565697,4769,0.0035733794098716,0.008430308097797937
bandage_1,x264 CRF 38,x264_crf38,d1,49,1334591,565697,9421,0.0070590915119313,0.01665379169414015
bandage_1,x264 CRF 45,x264_crf45,d1,49,1334591,565697,37943,0.0284304329940783,0.06707300904901387
bandage_1,NVENC QP 18,nvenc_qp18,d1,49,1334591,565697,743,0.000556724869267,0.0013134239707829455
bandage_1,NVENC QP 23,nvenc_qp23,d1,49,1334591,565697,1220,0.0009141377395771,0.0021566315536409066
bandage_1,NVENC QP 28,nvenc_qp28,d1,49,1334591,565697,1955,0.0014648682630109,0.0034559136781704696
bandage_1,NVENC QP 33,nvenc_qp33,d1,49,1334591,565697,5420,0.0040611693020558,0.00958110083666698
bandage_1,NVENC QP 38,nvenc_qp38,d1,49,1334591,565697,11077,0.0082999210994229,0.01958115386859043
bandage_1,NVENC QP 45,nvenc_qp45,d1,49,1334591,565697,61811,0.0463145637877072,0.10926520734598204
bandage_1,MPEG-4 q2,mpeg4_q2,d1,49,1334591,565697,24478,0.0183411996634174,0.04327051407378862
bandage_1,MPEG-4 q4,mpeg4_q4,d1,49,1334591,565697,28260,0.0211750266561066,0.04995607189007543
bandage_1,MPEG-4 q8,mpeg4_q8,d1,49,1334591,565697,32898,0.024650248652958,0.05815480725547422
bandage_1,MPEG-4 q16,mpeg4_q16,d1,49,1334591,565697,41287,0.0309360695523947,0.07298430078292796
bandage_1,MPEG-4 q31,mpeg4_q31,d1,49,1334591,565697,53618,0.0401756043611863,0.09478218905173617
bandage_1,x264 QP 24 bf 0,x264_qp24,d1,49,1334591,565697,1423,0.0010662442650969,0.0025154809023205
bandage_1,"x264 QP 24 bf 2 (B, naive)",x264_qp24_bf2_pb1,B_naive,32,871649,372506,23642,0.0271233030726817,0.06346743408159869
bandage_1,NVENC QP 28 bf 0,nvenc_qp28,d1,49,1334591,565697,1955,0.0014648682630109,0.0034559136781704696
bandage_1,"NVENC QP 28 bf 2 B=P (B, naive)",nvenc_qp28_bf2_bqeq,B_naive,32,871649,372506,25176,0.0288831857777614,0.06758548855588903
bandage_2,x264 CRF 12,x264_crf12,d1,49,1338712,373740,2948,0.0022021166613879,0.007887836463851876
bandage_2,x264 CRF 18,x264_crf18,d1,49,1338712,373740,3425,0.002558429296219,0.009164124792636593
bandage_2,x264 CRF 23,x264_crf23,d1,49,1338712,373740,5154,0.0038499692241497,0.01379033552737197
bandage_2,x264 CRF 28,x264_crf28,d1,49,1338712,373740,5851,0.0043706189232635,0.015655268368384437
bandage_2,x264 CRF 33,x264_crf33,d1,49,1338712,373740,10322,0.0077103962614811,0.027618130250976616
bandage_2,x264 CRF 38,x264_crf38,d1,49,1338712,373740,16154,0.0120668224382839,0.043222561138759566
bandage_2,x264 CRF 45,x264_crf45,d1,49,1338712,373740,38492,0.0287530103562229,0.10299138438486649
bandage_2,NVENC QP 18,nvenc_qp18,d1,49,1338712,373740,4676,0.0034929096026628,0.01251137154171349
bandage_2,NVENC QP 23,nvenc_qp23,d1,49,1338712,373740,10435,0.00779480575359,0.027920479477711778
bandage_2,NVENC QP 28,nvenc_qp28,d1,49,1338712,373740,15080,0.0112645587699221,0.040348905656338634
bandage_2,NVENC QP 33,nvenc_qp33,d1,49,1338712,373740,20492,0.0153072505512761,0.05482956065714133
bandage_2,NVENC QP 38,nvenc_qp38,d1,49,1338712,373740,27124,0.0202612660527432,0.07257451704393429
bandage_2,NVENC QP 45,nvenc_qp45,d1,49,1338712,373740,45354,0.033878832788531,0.12135174185262482
bandage_2,MPEG-4 q2,mpeg4_q2,d1,49,1338712,373740,32801,0.0245019092978923,0.08776422111628404
bandage_2,MPEG-4 q4,mpeg4_q4,d1,49,1338712,373740,35252,0.0263327735913325,0.09432225611387596
bandage_2,MPEG-4 q8,mpeg4_q8,d1,49,1338712,373740,39518,0.0295194186651049,0.10573660833734681
bandage_2,MPEG-4 q16,mpeg4_q16,d1,49,1338712,373740,46866,0.0350082766121466,0.12539733504575373
bandage_2,MPEG-4 q31,mpeg4_q31,d1,49,1338712,373740,53193,0.0397344611835854,0.14232621608604912
bandage_2,x264 QP 24 bf 0,x264_qp24,d1,49,1338712,373740,4945,0.0036938490130812,0.013231123240755606
bandage_2,"x264 QP 24 bf 2 (B, naive)",x264_qp24_bf2_pb1,B_naive,32,873792,250902,34042,0.0389589284406357,0.13567847207276149
bandage_2,NVENC QP 28 bf 0,nvenc_qp28,d1,49,1338712,373740,15080,0.0112645587699221,0.040348905656338634
bandage_2,"NVENC QP 28 bf 2 B=P (B, naive)",nvenc_qp28_bf2_bqeq,B_naive,32,873792,250902,30447,0.0348446769940672,0.12135016859172107
cave_2,x264 CRF 12,x264_crf12,d1,49,1136931,1132279,587,0.0005163022206272,0.000518423462768452
cave_2,x264 CRF 18,x264_crf18,d1,49,1136931,1132279,1399,0.0012305056331474,0.001235561200022256
cave_2,x264 CRF 23,x264_crf23,d1,49,1136931,1132279,2916,0.0025647994469321,0.0025753369973301635
cave_2,x264 CRF 28,x264_crf28,d1,49,1136931,1132279,9416,0.0082819449905051,0.00831597159357367
cave_2,x264 CRF 33,x264_crf33,d1,49,1136931,1132279,36021,0.0316826614807758,0.03181283058327497
cave_2,x264 CRF 38,x264_crf38,d1,49,1136931,1132279,112718,0.0991423402123787,0.09954966929528852
cave_2,x264 CRF 45,x264_crf45,d1,49,1136931,1132279,426088,0.3747703246722976,0.37631007905295427
cave_2,NVENC QP 18,nvenc_qp18,d1,49,1136931,1132279,683,0.0006007400625015,0.0006032082198822022
cave_2,NVENC QP 23,nvenc_qp23,d1,49,1136931,1132279,3040,0.0026738649926864,0.002684850641935424
cave_2,NVENC QP 28,nvenc_qp28,d1,49,1136931,1132279,13372,0.0117614877244089,0.011809810126302793
cave_2,NVENC QP 33,nvenc_qp33,d1,49,1136931,1132279,49753,0.0437607911122134,0.043940583548754325
cave_2,NVENC QP 38,nvenc_qp38,d1,49,1136931,1132279,144215,0.1268458683948278,0.12736701819957802
cave_2,NVENC QP 45,nvenc_qp45,d1,49,1136931,1132279,515289,0.4532280323080292,0.4550901323790338
cave_2,MPEG-4 q2,mpeg4_q2,d1,49,1136931,1132279,160727,0.1413691771972089,0.14194999642314307
cave_2,MPEG-4 q4,mpeg4_q4,d1,49,1136931,1132279,183105,0.1610519899624515,0.16171367657617955
cave_2,MPEG-4 q8,mpeg4_q8,d1,49,1136931,1132279,210155,0.1848441110322438,0.18560354824208522
cave_2,MPEG-4 q16,mpeg4_q16,d1,49,1136931,1132279,264994,0.2330783486420899,0.23403595756876178
cave_2,MPEG-4 q31,mpeg4_q31,d1,49,1136931,1132279,288978,0.2541737361370215,0.255218016054347
cave_2,x264 QP 24 bf 0,x264_qp24,d1,49,1136931,1132279,6252,0.0054990144520643,0.005521607307032984
cave_2,"x264 QP 24 bf 2 (B, naive)",x264_qp24_bf2_pb1,B_naive,32,739241,735274,32890,0.0444915798771983,0.04473162385722873
cave_2,NVENC QP 28 bf 0,nvenc_qp28,d1,49,1136931,1132279,13372,0.0117614877244089,0.011809810126302793
cave_2,"NVENC QP 28 bf 2 B=P (B, naive)",nvenc_qp28_bf2_bqeq,B_naive,32,739241,735274,25126,0.0339889156580871,0.03417229495398994
cave_4,x264 CRF 12,x264_crf12,d1,49,1210050,1201499,610,0.0005041114003553,0.0005076991325003184
cave_4,x264 CRF 18,x264_crf18,d1,49,1210050,1201499,1096,0.0009057476963761,0.0009121938511808999
cave_4,x264 CRF 23,x264_crf23,d1,49,1210050,1201499,2812,0.002323870914425,0.002340409771460484
cave_4,x264 CRF 28,x264_crf28,d1,49,1210050,1201499,10298,0.0085103921325565,0.008570960108997178
cave_4,x264 CRF 33,x264_crf33,d1,49,1210050,1201499,32299,0.0266922854427502,0.02688225291906194
cave_4,x264 CRF 38,x264_crf38,d1,49,1210050,1201499,137471,0.1136077021610677,0.11441624171139551
cave_4,x264 CRF 45,x264_crf45,d1,49,1210050,1201499,621986,0.5140167761662742,0.5176750043071197
cave_4,NVENC QP 18,nvenc_qp18,d1,49,1210050,1201499,803,0.0006636089417792,0.0006683318088487797
cave_4,NVENC QP 23,nvenc_qp23,d1,49,1210050,1201499,11769,0.0097260443783314,0.009795264082616799
cave_4,NVENC QP 28,nvenc_qp28,d1,49,1210050,1201499,39653,0.0327697202594934,0.0330029404935002
cave_4,NVENC QP 33,nvenc_qp33,d1,49,1210050,1201499,94511,0.0781050369819428,0.07866090608481571
cave_4,NVENC QP 38,nvenc_qp38,d1,49,1210050,1201499,300788,0.2485748522788314,0.2503439453549275
cave_4,NVENC QP 45,nvenc_qp45,d1,49,1210050,1201499,741775,0.6130118590140903,0.6173746295252847
cave_4,MPEG-4 q2,mpeg4_q2,d1,49,1210050,1201499,190622,0.1575323333746539,0.15865348202536997
cave_4,MPEG-4 q4,mpeg4_q4,d1,49,1210050,1201499,241090,0.1992397008388083,0.20065767845000287
cave_4,MPEG-4 q8,mpeg4_q8,d1,49,1210050,1201499,378531,0.3128226106359241,0.31504895135160327
cave_4,MPEG-4 q16,mpeg4_q16,d1,49,1210050,1201499,490754,0.4055650592950705,0.40845144273944467
cave_4,MPEG-4 q31,mpeg4_q31,d1,49,1210050,1201499,535413,0.4424717986860047,0.4456208452940868
cave_4,x264 QP 24 bf 0,x264_qp24,d1,49,1210050,1201499,7842,0.0064807239370273,0.006526846880438519
cave_4,"x264 QP 24 bf 2 (B, naive)",x264_qp24_bf2_pb1,B_naive,32,791097,785268,49664,0.0627786478775674,0.06324465023406022
cave_4,NVENC QP 28 bf 0,nvenc_qp28,d1,49,1210050,1201499,39653,0.0327697202594934,0.0330029404935002
cave_4,"NVENC QP 28 bf 2 B=P (B, naive)",nvenc_qp28_bf2_bqeq,B_naive,32,791097,785268,55145,0.0697070017962399,0.07022443293245109
market_2,x264 CRF 12,x264_crf12,d1,49,1323695,175205,1776,0.0013416988052383,0.010136697012071573
market_2,x264 CRF 18,x264_crf18,d1,49,1323695,175205,1937,0.001463328032515,0.011055620558774008
market_2,x264 CRF 23,x264_crf23,d1,49,1323695,175205,2174,0.0016423722987546,0.012408321680317342
market_2,x264 CRF 28,x264_crf28,d1,49,1323695,175205,2504,0.0018916744416198,0.014291829571073885
market_2,x264 CRF 33,x264_crf33,d1,49,1323695,175205,3347,0.0025285280974846,0.019103336092006505
market_2,x264 CRF 38,x264_crf38,d1,49,1323695,175205,7803,0.0058948624872043,0.04453640021688879
market_2,x264 CRF 45,x264_crf45,d1,49,1323695,175205,20158,0.015228583623871,0.11505379412687994
market_2,NVENC QP 18,nvenc_qp18,d1,49,1323695,175205,3067,0.0023169990065687,0.017505208184697925
market_2,NVENC QP 23,nvenc_qp23,d1,49,1323695,175205,3272,0.0024718685195607,0.018675266116834566
market_2,NVENC QP 28,nvenc_qp28,d1,49,1323695,175205,3617,0.0027325025780107,0.020644388002625497
market_2,NVENC QP 33,nvenc_qp33,d1,49,1323695,175205,4837,0.0036541650455731,0.027607659598755743
market_2,NVENC QP 38,nvenc_qp38,d1,49,1323695,175205,7777,0.0058752205001907,0.044388002625495845
market_2,NVENC QP 45,nvenc_qp45,d1,49,1323695,175205,22620,0.0170885287018535,0.12910590451185755
market_2,MPEG-4 q2,mpeg4_q2,d1,49,1323695,175205,12219,0.0092309784353646,0.0697411603550127
market_2,MPEG-4 q4,mpeg4_q4,d1,49,1323695,175205,13097,0.0098942732275939,0.0747524328643589
market_2,MPEG-4 q8,mpeg4_q8,d1,49,1323695,175205,14492,0.0109481413769788,0.08271453440255701
market_2,MPEG-4 q16,mpeg4_q16,d1,49,1323695,175205,16691,0.012609400201708,0.09526554607459833
market_2,MPEG-4 q31,mpeg4_q31,d1,49,1323695,175205,18260,0.0137947185718764,0.10422076995519534
market_2,x264 QP 24 bf 0,x264_qp24,d1,49,1323695,175205,2020,0.0015260312987508,0.011529351331297623
market_2,"x264 QP 24 bf 2 (B, naive)",x264_qp24_bf2_pb1,B_naive,32,864022,118203,8933,0.0103388571124346,0.07557337800225036
market_2,NVENC QP 28 bf 0,nvenc_qp28,d1,49,1323695,175205,3617,0.0027325025780107,0.020644388002625497
market_2,"NVENC QP 28 bf 2 B=P (B, naive)",nvenc_qp28_bf2_bqeq,B_naive,32,864022,118203,7297,0.0084453868072803,0.06173278173988816
market_5,x264 CRF 12,x264_crf12,d1,49,1083823,1075767,2551,0.0023537053559483,0.00237133133847757
market_5,x264 CRF 18,x264_crf18,d1,49,1083823,1075767,3386,0.0031241263564253,0.003147521721711114
market_5,x264 CRF 23,x264_crf23,d1,49,1083823,1075767,7098,0.006549039833995,0.006598083042145744
market_5,x264 CRF 28,x264_crf28,d1,49,1083823,1075767,17209,0.015878053888873,0.01599695844918091
market_5,x264 CRF 33,x264_crf33,d1,49,1083823,1075767,41063,0.0378871826857337,0.03817090503798685
market_5,x264 CRF 38,x264_crf38,d1,49,1083823,1075767,100019,0.092283518618815,0.09297459394088126
market_5,x264 CRF 45,x264_crf45,d1,49,1083823,1075767,306593,0.2828810608374245,0.28499944690625384
market_5,NVENC QP 18,nvenc_qp18,d1,49,1083823,1075767,4783,0.004413082209918,0.004446130063480289
market_5,NVENC QP 23,nvenc_qp23,d1,49,1083823,1075767,16861,0.0155569682503508,0.015673468325390162
market_5,NVENC QP 28,nvenc_qp28,d1,49,1083823,1075767,41656,0.0384343199950545,0.03872213964548085
market_5,NVENC QP 33,nvenc_qp33,d1,49,1083823,1075767,82321,0.0759542840482255,0.07652307609361507
market_5,NVENC QP 38,nvenc_qp38,d1,49,1083823,1075767,160664,0.1482382270905858,0.14934832542734625
market_5,NVENC QP 45,nvenc_qp45,d1,49,1083823,1075767,337995,0.3118544264146451,0.31418978273176257
market_5,MPEG-4 q2,mpeg4_q2,d1,49,1083823,1075767,216673,0.1999154843549177,0.20141257354055292
market_5,MPEG-4 q4,mpeg4_q4,d1,49,1083823,1075767,224267,0.2069221634897949,0.2084717229660326
market_5,MPEG-4 q8,mpeg4_q8,d1,49,1083823,1075767,233095,0.2150674049175926,0.2166779609339197
market_5,MPEG-4 q16,mpeg4_q16,d1,49,1083823,1075767,245749,0.2267427430493724,0.22844073112486254
market_5,MPEG-4 q31,mpeg4_q31,d1,49,1083823,1075767,233848,0.2157621678078431,0.21737792663281175
market_5,x264 QP 24 bf 0,x264_qp24,d1,49,1083823,1075767,14464,0.0133453525160473,0.013445290662383211
market_5,"x264 QP 24 bf 2 (B, naive)",x264_qp24_bf2_pb1,B_naive,32,707028,701392,41432,0.0586002251678858,0.05907110431826995
market_5,NVENC QP 28 bf 0,nvenc_qp28,d1,49,1083823,1075767,41656,0.0384343199950545,0.03872213964548085
market_5,"NVENC QP 28 bf 2 B=P (B, naive)",nvenc_qp28_bf2_bqeq,B_naive,32,707028,701392,55736,0.0788313899873838,0.07946483564112508
market_6,x264 CRF 12,x264_crf12,d1,39,1002725,956975,3182,0.0031733526141265,0.0033250607382638
market_6,x264 CRF 18,x264_crf18,d1,39,1002725,956975,3919,0.0039083497469395,0.004095195799263303
market_6,x264 CRF 23,x264_crf23,d1,39,1002725,956975,8486,0.0084629384926076,0.008867525274954937
market_6,x264 CRF 28,x264_crf28,d1,39,1002725,956975,17053,0.0170066568600563,0.017819692259463414
market_6,x264 CRF 33,x264_crf33,d1,39,1002725,956975,24655,0.0245879977062504,0.025763473444969827
market_6,x264 CRF 38,x264_crf38,d1,39,1002725,956975,59104,0.0589433792914308,0.0617612790302777
market_6,x264 CRF 45,x264_crf45,d1,39,1002725,956975,118736,0.1184133236929367,0.12407429661171922
market_6,NVENC QP 18,nvenc_qp18,d1,39,1002725,956975,4796,0.0047829664165149,0.005011625173071397
market_6,NVENC QP 23,nvenc_qp23,d1,39,1002725,956975,31118,0.0310334338926425,0.03251704589984064
market_6,NVENC QP 28,nvenc_qp28,d1,39,1002725,956975,60308,0.0601441073075868,0.06301941012043157
market_6,NVENC QP 33,nvenc_qp33,d1,39,1002725,956975,92321,0.0920701089531027,0.09647169466286998
market_6,NVENC QP 38,nvenc_qp38,d1,39,1002725,956975,137977,0.1376020344561071,0.14418035998850545
market_6,NVENC QP 45,nvenc_qp45,d1,39,1002725,956975,223011,0.222404946520731,0.23303743566968835
market_6,MPEG-4 q2,mpeg4_q2,d1,39,1002725,956975,148573,0.148169238824204,0.15525274954936127
market_6,MPEG-4 q4,mpeg4_q4,d1,39,1002725,956975,158334,0.1579037123837542,0.16545259803025159
market_6,MPEG-4 q8,mpeg4_q8,d1,39,1002725,956975,170505,0.1700416365404273,0.17817079861020402
market_6,MPEG-4 q16,mpeg4_q16,d1,39,1002725,956975,180389,0.1798987758358473,0.18849917709449046
market_6,MPEG-4 q31,mpeg4_q31,d1,39,1002725,956975,180250,0.1797601535814904,0.18835392774105908
market_6,x264 QP 24 bf 0,x264_qp24,d1,39,1002725,956975,12585,0.0125507990725273,0.013150813762114999
market_6,"x264 QP 24 bf 2 (B, naive)",x264_qp24_bf2_pb1,B_naive,26,668569,641039,76891,0.1150083237481845,0.11994746029492745
market_6,NVENC QP 28 bf 0,nvenc_qp28,d1,39,1002725,956975,60308,0.0601441073075868,0.06301941012043157
market_6,"NVENC QP 28 bf 2 B=P (B, naive)",nvenc_qp28_bf2_bqeq,B_naive,26,668569,641039,76451,0.1143502016994506,0.11926107459920535
mountain_1,x264 CRF 12,x264_crf12,d1,49,1356071,733106,15843,0.0116830165972135,0.02161079025406967
mountain_1,x264 CRF 18,x264_crf18,d1,49,1356071,733106,21765,0.0160500445773119,0.02968874896672514
mountain_1,x264 CRF 23,x264_crf23,d1,49,1356071,733106,26500,0.0195417496576506,0.03614756938287233
mountain_1,x264 CRF 28,x264_crf28,d1,49,1356071,733106,41613,0.0306864463586346,0.05676259640488551
mountain_1,x264 CRF 33,x264_crf33,d1,49,1356071,733106,59043,0.043539755661761,0.08053814864426154
mountain_1,x264 CRF 38,x264_crf38,d1,49,1356071,733106,97749,0.0720825089541771,0.13333542489080705
mountain_1,x264 CRF 45,x264_crf45,d1,49,1356071,733106,187124,0.1379898250165367,0.25524821785662644
mountain_1,NVENC QP 18,nvenc_qp18,d1,49,1356071,733106,22327,0.0164644771549572,0.03045535024948643
mountain_1,NVENC QP 23,nvenc_qp23,d1,49,1356071,733106,59347,0.0437639327144375,0.08095282264774807
mountain_1,NVENC QP 28,nvenc_qp28,d1,49,1356071,733106,102944,0.075913429311592,0.14042171254907204
mountain_1,NVENC QP 33,nvenc_qp33,d1,49,1356071,733106,144282,0.1063970839284963,0.19680919266790886
mountain_1,NVENC QP 38,nvenc_qp38,d1,49,1356071,733106,179875,0.132644234704525,0.24536015255638338
mountain_1,NVENC QP 45,nvenc_qp45,d1,49,1356071,733106,245591,0.1811048241574371,0.33500066838901876
mountain_1,MPEG-4 q2,mpeg4_q2,d1,49,1356071,733106,294037,0.2168300922296841,0.4010838814577974
mountain_1,MPEG-4 q4,mpeg4_q4,d1,49,1356071,733106,293361,0.2163315932572852,0.4001617774237286
mountain_1,MPEG-4 q8,mpeg4_q8,d1,49,1356071,733106,291685,0.2150956697695032,0.3978756141676647
mountain_1,MPEG-4 q16,mpeg4_q16,d1,49,1356071,733106,295005,0.2175439191605749,0.4024042907846887
mountain_1,MPEG-4 q31,mpeg4_q31,d1,49,1356071,733106,274819,0.2026582678930528,0.374869391329494
mountain_1,x264 QP 24 bf 0,x264_qp24,d1,49,1356071,733106,34213,0.0252295049448,0.04666855816212117
mountain_1,"x264 QP 24 bf 2 (B, naive)",x264_qp24_bf2_pb1,B_naive,32,885515,479128,58045,0.0655494260402138,0.12114716735402647
mountain_1,NVENC QP 28 bf 0,nvenc_qp28,d1,49,1356071,733106,102944,0.075913429311592,0.14042171254907204
mountain_1,"NVENC QP 28 bf 2 B=P (B, naive)",nvenc_qp28_bf2_bqeq,B_naive,32,885515,479128,109806,0.1240024166727836,0.22917884156217128
shaman_2,x264 CRF 12,x264_crf12,d1,49,1343395,484987,1985,0.001477599663539,0.00409289321157062
shaman_2,x264 CRF 18,x264_crf18,d1,49,1343395,484987,2562,0.001907108482613,0.005282615822692155
shaman_2,x264 CRF 23,x264_crf23,d1,49,1343395,484987,4613,0.0034338374044863,0.009511595156158825
shaman_2,x264 CRF 28,x264_crf28,d1,49,1343395,484987,4890,0.00364003141295,0.010082744485934674
shaman_2,x264 CRF 33,x264_crf33,d1,49,1343395,484987,12512,0.009313716367859,0.025798629653990726
shaman_2,x264 CRF 38,x264_crf38,d1,49,1343395,484987,31850,0.0237085890598074,0.06567186336953362
shaman_2,x264 CRF 45,x264_crf45,d1,49,1343395,484987,176445,0.131342605860525,0.36381387542346494
shaman_2,NVENC QP 18,nvenc_qp18,d1,49,1343395,484987,5695,0.004239259488088,0.011742582790878931
shaman_2,NVENC QP 23,nvenc_qp23,d1,49,1343395,484987,12066,0.0089817216827515,0.024879017375723473
shaman_2,NVENC QP 28,nvenc_qp28,d1,49,1343395,484987,26169,0.0194797509295478,0.053958147331784154
shaman_2,NVENC QP 33,nvenc_qp33,d1,49,1343395,484987,49704,0.0369987978219362,0.10248522125335319
shaman_2,NVENC QP 38,nvenc_qp38,d1,49,1343395,484987,103306,0.0768991994164039,0.21300777134232465
shaman_2,NVENC QP 45,nvenc_qp45,d1,49,1343395,484987,399545,0.2974143866844822,0.8238262056508732
shaman_2,MPEG-4 q2,mpeg4_q2,d1,49,1343395,484987,60402,0.0449622039683041,0.12454354446614033
shaman_2,MPEG-4 q4,mpeg4_q4,d1,49,1343395,484987,88889,0.0661674340011686,0.1832812013517888
shaman_2,MPEG-4 q8,mpeg4_q8,d1,49,1343395,484987,140567,0.1046356432769215,0.2898366347963966
shaman_2,MPEG-4 q16,mpeg4_q16,d1,49,1343395,484987,215087,0.1601070422325526,0.4434902378826649
shaman_2,MPEG-4 q31,mpeg4_q31,d1,49,1343395,484987,279484,0.2080430550954856,0.576271116545392
shaman_2,x264 QP 24 bf 0,x264_qp24,d1,49,1343395,484987,4600,0.0034241604293599,0.009484790313967179
shaman_2,"x264 QP 24 bf 2 (B, naive)",x264_qp24_bf2_pb1,B_naive,32,877689,321060,22069,0.0251444418239262,0.06873793060487136
shaman_2,NVENC QP 28 bf 0,nvenc_qp28,d1,49,1343395,484987,26169,0.0194797509295478,0.053958147331784154
shaman_2,"NVENC QP 28 bf 2 B=P (B, naive)",nvenc_qp28_bf2_bqeq,B_naive,32,877689,321060,28060,0.031970322061687,0.08739799414439668
shaman_3,x264 CRF 12,x264_crf12,d1,49,1358539,956740,3423,0.0025196185019347,0.0035777745259945233
shaman_3,x264 CRF 18,x264_crf18,d1,49,1358539,956740,4226,0.0031106946506504,0.004417083011058386
shaman_3,x264 CRF 23,x264_crf23,d1,49,1358539,956740,7619,0.005608230606556,0.007963501055668207
shaman_3,x264 CRF 28,x264_crf28,d1,49,1358539,956740,21122,0.015547584574311,0.022077053326922676
shaman_3,x264 CRF 33,x264_crf33,d1,49,1358539,956740,126376,0.0930234612329863,0.13209022304910426
shaman_3,x264 CRF 38,x264_crf38,d1,49,1358539,956740,307373,0.2262526140213862,0.3212711917553358
shaman_3,x264 CRF 45,x264_crf45,d1,49,1358539,956740,489561,0.3603584438871464,0.5116970127725401
shaman_3,NVENC QP 18,nvenc_qp18,d1,49,1358539,956740,21301,0.0156793437656188,0.02226414699918473
shaman_3,NVENC QP 23,nvenc_qp23,d1,49,1358539,956740,155818,0.1146952719060696,0.162863473880051
shaman_3,NVENC QP 28,nvenc_qp28,d1,49,1358539,956740,340535,0.2506626604020937,0.35593264627798565
shaman_3,NVENC QP 33,nvenc_qp33,d1,49,1358539,956740,543806,0.400287367532327,0.5683947571963125
shaman_3,NVENC QP 38,nvenc_qp38,d1,49,1358539,956740,678182,0.4991995077064405,0.7088467086146707
shaman_3,NVENC QP 45,nvenc_qp45,d1,49,1358539,956740,775135,0.5705651438788286,0.8101835399377051
shaman_3,MPEG-4 q2,mpeg4_q2,d1,49,1358539,956740,616760,0.4539877029662011,0.6446474486276313
shaman_3,MPEG-4 q4,mpeg4_q4,d1,49,1358539,956740,641652,0.4723103274915184,0.6706649664485649
shaman_3,MPEG-4 q8,mpeg4_q8,d1,49,1358539,956740,678488,0.4994247496759386,0.7091665447247946
shaman_3,MPEG-4 q16,mpeg4_q16,d1,49,1358539,956740,665858,0.490127997797634,0.695965466061835
shaman_3,MPEG-4 q31,mpeg4_q31,d1,49,1358539,956740,629739,0.4635413484633124,0.6582133076906996
shaman_3,x264 QP 24 bf 0,x264_qp24,d1,49,1358539,956740,24290,0.0178795014349974,0.02538829776114723
shaman_3,"x264 QP 24 bf 2 (B, naive)",x264_qp24_bf2_pb1,B_naive,32,887286,617299,215891,0.2433161348201143,0.3497348934632974
shaman_3,NVENC QP 28 bf 0,nvenc_qp28,d1,49,1358539,956740,340535,0.2506626604020937,0.35593264627798565
shaman_3,"NVENC QP 28 bf 2 B=P (B, naive)",nvenc_qp28_bf2_bqeq,B_naive,32,887286,617299,190962,0.2152203460890851,0.3093508980251061
sleeping_1,x264 CRF 12,x264_crf12,d1,49,1367220,1075446,1641,0.001200245754158,0.001525878565729939
sleeping_1,x264 CRF 18,x264_crf18,d1,49,1367220,1075446,1960,0.00143356592209,0.0018224996885013286
sleeping_1,x264 CRF 23,x264_crf23,d1,49,1367220,1075446,2362,0.0017275932183554,0.0021962980940000705
sleeping_1,x264 CRF 28,x264_crf28,d1,49,1367220,1075446,3261,0.0023851318734366,0.003032230349083078
sleeping_1,x264 CRF 33,x264_crf33,d1,49,1367220,1075446,8230,0.0060195140504088,0.007652638998145885
sleeping_1,x264 CRF 38,x264_crf38,d1,49,1367220,1075446,33949,0.0248306783107327,0.03156736832904674
sleeping_1,x264 CRF 45,x264_crf45,d1,49,1367220,1075446,162842,0.1191044601454045,0.1514181093239456
sleeping_1,NVENC QP 18,nvenc_qp18,d1,49,1367220,1075446,6804,0.0049765217009698,0.006326677490083184
sleeping_1,NVENC QP 23,nvenc_qp23,d1,49,1367220,1075446,33134,0.0242345781951697,0.030809543203470933
sleeping_1,NVENC QP 28,nvenc_qp28,d1,49,1367220,1075446,84099,0.0615109492254355,0.07819918433840471
sleeping_1,NVENC QP 33,nvenc_qp33,d1,49,1367220,1075446,147928,0.1081961937361946,0.13755037444929824
sleeping_1,NVENC QP 38,nvenc_qp38,d1,49,1367220,1075446,220595,0.1613456502976843,0.20511955040048502
sleeping_1,NVENC QP 45,nvenc_qp45,d1,49,1367220,1075446,477204,0.3490323430025892,0.4437266027304021
sleeping_1,MPEG-4 q2,mpeg4_q2,d1,49,1367220,1075446,243318,0.1779655066485276,0.2262484587789624
sleeping_1,MPEG-4 q4,mpeg4_q4,d1,49,1367220,1075446,259745,0.1899803981802489,0.2415230518315192
sleeping_1,MPEG-4 q8,mpeg4_q8,d1,49,1367220,1075446,278961,0.2040351955062097,0.259390987553071
sleeping_1,MPEG-4 q16,mpeg4_q16,d1,49,1367220,1075446,294181,0.21516727373795,0.2735432555423517
sleeping_1,MPEG-4 q31,mpeg4_q31,d1,49,1367220,1075446,307881,0.2251876069688857,0.2862821564262641
sleeping_1,x264 QP 24 bf 0,x264_qp24,d1,49,1367220,1075446,2789,0.0020399057942394,0.002593342668995003
sleeping_1,"x264 QP 24 bf 2 (B, naive)",x264_qp24_bf2_pb1,B_naive,32,892876,702493,27789,0.0311230226817609,0.03955768954281395
sleeping_1,NVENC QP 28 bf 0,nvenc_qp28,d1,49,1367220,1075446,84099,0.0615109492254355,0.07819918433840471
sleeping_1,"NVENC QP 28 bf 2 B=P (B, naive)",nvenc_qp28_bf2_bqeq,B_naive,32,892876,702493,62389,0.0698742042568061,0.08881084936077654
sleeping_2,x264 CRF 12,x264_crf12,d1,49,1366099,650097,42,3.074447752322489e-05,6.460574345059276e-05
sleeping_2,x264 CRF 18,x264_crf18,d1,49,1366099,650097,82,6.0024932307248594e-05,0.00012613502292734778
sleeping_2,x264 CRF 23,x264_crf23,d1,49,1366099,650097,78,5.709688682884623e-05,0.00011998209497967227
sleeping_2,x264 CRF 28,x264_crf28,d1,49,1366099,650097,347,0.0002540079452514,0.0005337664994608497
sleeping_2,x264 CRF 33,x264_crf33,d1,49,1366099,650097,3020,0.0022106743361937,0.004645460600495003
sleeping_2,x264 CRF 38,x264_crf38,d1,49,1366099,650097,11646,0.0085250044103685,0.01791424971965722
sleeping_2,x264 CRF 45,x264_crf45,d1,49,1366099,650097,88776,0.0649850413476622,0.13655808287071006
sleeping_2,NVENC QP 18,nvenc_qp18,d1,49,1366099,650097,287,0.0002100872630753,0.0004414725802457172
sleeping_2,NVENC QP 23,nvenc_qp23,d1,49,1366099,650097,2049,0.0014998912963116,0.003151837341196775
sleeping_2,NVENC QP 28,nvenc_qp28,d1,49,1366099,650097,7957,0.0058246144679119,0.01223971191991349
sleeping_2,NVENC QP 33,nvenc_qp33,d1,49,1366099,650097,30876,0.0226015830477878,0.04749445082810719
sleeping_2,NVENC QP 38,nvenc_qp38,d1,49,1366099,650097,94001,0.0688098007538253,0.14459534500236118
sleeping_2,NVENC QP 45,nvenc_qp45,d1,49,1366099,650097,287075,0.2101421639280901,0.4415879476447361
sleeping_2,MPEG-4 q2,mpeg4_q2,d1,49,1366099,650097,30745,0.0225056895583702,0.04729294243782082
sleeping_2,MPEG-4 q4,mpeg4_q4,d1,49,1366099,650097,49687,0.0363714489213446,0.07643013273403815
sleeping_2,MPEG-4 q8,mpeg4_q8,d1,49,1366099,650097,80261,0.0587519645355131,0.12346003750209585
sleeping_2,MPEG-4 q16,mpeg4_q16,d1,49,1366099,650097,115437,0.0845011964725836,0.1775688858739542
sleeping_2,MPEG-4 q31,mpeg4_q31,d1,49,1366099,650097,142701,0.1044587544533741,0.21950724276531042
sleeping_2,x264 QP 24 bf 0,x264_qp24,d1,49,1366099,650097,155,0.000113461762288,0.00023842595797242565
sleeping_2,"x264 QP 24 bf 2 (B, naive)",x264_qp24_bf2_pb1,B_naive,32,892179,422673,11052,0.0123876486669154,0.026147873178556474
sleeping_2,NVENC QP 28 bf 0,nvenc_qp28,d1,49,1366099,650097,7957,0.0058246144679119,0.01223971191991349
sleeping_2,"NVENC QP 28 bf 2 B=P (B, naive)",nvenc_qp28_bf2_bqeq,B_naive,32,892179,422673,14047,0.0157445983373291,0.03323372914759164
temple_2,x264 CRF 12,x264_crf12,d1,49,1277859,1175239,7407,0.0057964141583695,0.006302547822187657
temple_2,x264 CRF 18,x264_crf18,d1,49,1277859,1175239,11004,0.0086112787091533,0.009363201867875386
temple_2,x264 CRF 23,x264_crf23,d1,49,1277859,1175239,20629,0.0161434086233301,0.017553025384623895
temple_2,x264 CRF 28,x264_crf28,d1,49,1277859,1175239,30713,0.0240347330965309,0.02613340775791137
temple_2,x264 CRF 33,x264_crf33,d1,49,1277859,1175239,46225,0.0361737875618515,0.03933242514926751
temple_2,x264 CRF 38,x264_crf38,d1,49,1277859,1175239,74696,0.0584540234877243,0.06355813583449835
temple_2,x264 CRF 45,x264_crf45,d1,49,1277859,1175239,173658,0.1358976225076475,0.14776398672950777
temple_2,NVENC QP 18,nvenc_qp18,d1,49,1277859,1175239,37317,0.0292027524163464,0.03175269030384458
temple_2,NVENC QP 23,nvenc_qp23,d1,49,1277859,1175239,60751,0.0475412389003794,0.05169246425620661
temple_2,NVENC QP 28,nvenc_qp28,d1,49,1277859,1175239,76234,0.0596575991560884,0.06486680581566813
temple_2,NVENC QP 33,nvenc_qp33,d1,49,1277859,1175239,96754,0.0757157088536372,0.08232708410799845
temple_2,NVENC QP 38,nvenc_qp38,d1,49,1277859,1175239,134594,0.1053277396019435,0.11452479027670116
temple_2,NVENC QP 45,nvenc_qp45,d1,49,1277859,1175239,292542,0.2289313609717504,0.24892128324536542
temple_2,MPEG-4 q2,mpeg4_q2,d1,49,1277859,1175239,216088,0.169101598846195,0.18386728146360018
temple_2,MPEG-4 q4,mpeg4_q4,d1,49,1277859,1175239,226946,0.1775986239483385,0.19310625328124748
temple_2,MPEG-4 q8,mpeg4_q8,d1,49,1277859,1175239,251631,0.1969160916814765,0.21411049156809805
temple_2,MPEG-4 q16,mpeg4_q16,d1,49,1277859,1175239,262815,0.2056682310020119,0.22362685377187108
temple_2,MPEG-4 q31,mpeg4_q31,d1,49,1277859,1175239,326796,0.2557371353177463,0.2780676951666852
temple_2,x264 QP 24 bf 0,x264_qp24,d1,49,1277859,1175239,27297,0.0213615117160813,0.023226764938876262
temple_2,"x264 QP 24 bf 2 (B, naive)",x264_qp24_bf2_pb1,B_naive,32,833839,768373,75136,0.0901085221487601,0.09778584099128938
temple_2,NVENC QP 28 bf 0,nvenc_qp28,d1,49,1277859,1175239,76234,0.0596575991560884,0.06486680581566813
temple_2,"NVENC QP 28 bf 2 B=P (B, naive)",nvenc_qp28_bf2_bqeq,B_naive,32,833839,768373,80004,0.0959465796154893,0.10412130566795033
temple_3,x264 CRF 12,x264_crf12,d1,49,1148461,1136427,24989,0.0217586840127788,0.021989093888124797
temple_3,x264 CRF 18,x264_crf18,d1,49,1148461,1136427,29336,0.0255437494176989,0.02581424059794426
temple_3,x264 CRF 23,x264_crf23,d1,49,1148461,1136427,41532,0.0361631783752343,0.03654612218822678
temple_3,x264 CRF 28,x264_crf28,d1,49,1148461,1136427,64409,0.0560828796101913,0.056676759703878914
temple_3,x264 CRF 33,x264_crf33,d1,49,1148461,1136427,153310,0.1334916901836457,0.13490527768171648
temple_3,x264 CRF 38,x264_crf38,d1,49,1148461,1136427,289670,0.2522244986986933,0.254895387033219
temple_3,x264 CRF 45,x264_crf45,d1,49,1148461,1136427,514147,0.4476834650893674,0.4524241328303534
temple_3,NVENC QP 18,nvenc_qp18,d1,49,1148461,1136427,49104,0.0427563495843568,0.0432091106599896
temple_3,NVENC QP 23,nvenc_qp23,d1,49,1148461,1136427,118486,0.1031693718811522,0.10426186635833186
temple_3,NVENC QP 28,nvenc_qp28,d1,49,1148461,1136427,223682,0.1947667356575451,0.1968291848046553
temple_3,NVENC QP 33,nvenc_qp33,d1,49,1148461,1136427,352266,0.3067287439451579,0.3099767956938721
temple_3,NVENC QP 38,nvenc_qp38,d1,49,1148461,1136427,457874,0.3986848486801032,0.40290665392497715
temple_3,NVENC QP 45,nvenc_qp45,d1,49,1148461,1136427,567412,0.4940629242090066,0.49929471932645036
temple_3,MPEG-4 q2,mpeg4_q2,d1,49,1148461,1136427,485109,0.4223991933552815,0.426872117610722
temple_3,MPEG-4 q4,mpeg4_q4,d1,49,1148461,1136427,482701,0.4203024743548105,0.4247531957618043
temple_3,MPEG-4 q8,mpeg4_q8,d1,49,1148461,1136427,484317,0.4217095748135984,0.4261751964710448
temple_3,MPEG-4 q16,mpeg4_q16,d1,49,1148461,1136427,469379,0.4087026028746296,0.41303048941990994
temple_3,MPEG-4 q31,mpeg4_q31,d1,49,1148461,1136427,432110,0.3762513485438338,0.380235598063052
temple_3,x264 QP 24 bf 0,x264_qp24,d1,49,1148461,1136427,60955,0.0530753765256286,0.053637409178064234
temple_3,"x264 QP 24 bf 2 (B, naive)",x264_qp24_bf2_pb1,B_naive,32,751163,743370,211079,0.2810029247979466,0.2839487738273
temple_3,NVENC QP 28 bf 0,nvenc_qp28,d1,49,1148461,1136427,223682,0.1947667356575451,0.1968291848046553
temple_3,"NVENC QP 28 bf 2 B=P (B, naive)",nvenc_qp28_bf2_bqeq,B_naive,32,751163,743370,183193,0.2438791580522469,0.24643582603548703
