video,arm,budget_pct,seed,n_frames,n_windows,n_gold,n_admitted,M1,M2,M3,note
Abuse028,A_production,10.4816,,1412,1,76,148,1.0,0.07894736842105263,0.04054054054054054,natural retention
Abuse028,C_uniform,5.0,,1412,1,76,70,1.0,0.039473684210526314,0.04285714285714286,
Abuse028,D_random,5.0,0,1412,1,76,70,1.0,0.039473684210526314,0.04285714285714286,
Abuse028,D_random,5.0,1,1412,1,76,70,1.0,0.06578947368421052,0.07142857142857142,
Abuse028,D_random,5.0,2,1412,1,76,70,1.0,0.013157894736842105,0.014285714285714285,
Abuse028,D_random,5.0,3,1412,1,76,70,1.0,0.039473684210526314,0.04285714285714286,
Abuse028,D_random,5.0,4,1412,1,76,70,1.0,0.05263157894736842,0.05714285714285714,
Abuse028,C_uniform,10.0,,1412,1,76,141,1.0,0.09210526315789473,0.04964539007092199,
Abuse028,D_random,10.0,0,1412,1,76,141,1.0,0.05263157894736842,0.028368794326241134,
Abuse028,D_random,10.0,1,1412,1,76,141,1.0,0.05263157894736842,0.028368794326241134,
Abuse028,D_random,10.0,2,1412,1,76,141,1.0,0.039473684210526314,0.02127659574468085,
Abuse028,D_random,10.0,3,1412,1,76,141,1.0,0.10526315789473684,0.05673758865248227,
Abuse028,D_random,10.0,4,1412,1,76,141,1.0,0.13157894736842105,0.07092198581560284,
Abuse028,C_uniform,10.5,,1412,1,76,148,1.0,0.10526315789473684,0.05405405405405406,
Abuse028,D_random,10.5,0,1412,1,76,148,1.0,0.05263157894736842,0.02702702702702703,
Abuse028,D_random,10.5,1,1412,1,76,148,1.0,0.06578947368421052,0.033783783783783786,
Abuse028,D_random,10.5,2,1412,1,76,148,1.0,0.05263157894736842,0.02702702702702703,
Abuse028,D_random,10.5,3,1412,1,76,148,1.0,0.10526315789473684,0.05405405405405406,
Abuse028,D_random,10.5,4,1412,1,76,148,1.0,0.11842105263157894,0.060810810810810814,
Abuse028,C_uniform,20.0,,1412,1,76,282,1.0,0.19736842105263158,0.05319148936170213,
Abuse028,D_random,20.0,0,1412,1,76,282,1.0,0.11842105263157894,0.031914893617021274,
Abuse028,D_random,20.0,1,1412,1,76,282,1.0,0.18421052631578946,0.04964539007092199,
Abuse028,D_random,20.0,2,1412,1,76,282,1.0,0.11842105263157894,0.031914893617021274,
Abuse028,D_random,20.0,3,1412,1,76,282,1.0,0.18421052631578946,0.04964539007092199,
Abuse028,D_random,20.0,4,1412,1,76,282,1.0,0.19736842105263158,0.05319148936170213,
Abuse028,C_uniform,30.0,,1412,1,76,423,1.0,0.2894736842105263,0.05200945626477541,
Abuse028,D_random,30.0,0,1412,1,76,423,1.0,0.19736842105263158,0.03546099290780142,
Abuse028,D_random,30.0,1,1412,1,76,423,1.0,0.2236842105263158,0.04018912529550828,
Abuse028,D_random,30.0,2,1412,1,76,423,1.0,0.23684210526315788,0.0425531914893617,
Abuse028,D_random,30.0,3,1412,1,76,423,1.0,0.3815789473684211,0.06855791962174941,
Abuse028,D_random,30.0,4,1412,1,76,423,1.0,0.3157894736842105,0.05673758865248227,
Abuse030,A_production,10.4922,,1544,1,86,162,1.0,0.10465116279069768,0.05555555555555555,natural retention
Abuse030,C_uniform,5.0,,1544,1,86,77,1.0,0.05813953488372093,0.06493506493506493,
Abuse030,D_random,5.0,0,1544,1,86,77,1.0,0.06976744186046512,0.07792207792207792,
Abuse030,D_random,5.0,1,1544,1,86,77,1.0,0.046511627906976744,0.05194805194805195,
Abuse030,D_random,5.0,2,1544,1,86,77,1.0,0.05813953488372093,0.06493506493506493,
Abuse030,D_random,5.0,3,1544,1,86,77,1.0,0.046511627906976744,0.05194805194805195,
Abuse030,D_random,5.0,4,1544,1,86,77,1.0,0.06976744186046512,0.07792207792207792,
Abuse030,C_uniform,10.0,,1544,1,86,154,1.0,0.09302325581395349,0.05194805194805195,
Abuse030,D_random,10.0,0,1544,1,86,154,1.0,0.09302325581395349,0.05194805194805195,
Abuse030,D_random,10.0,1,1544,1,86,154,1.0,0.11627906976744186,0.06493506493506493,
Abuse030,D_random,10.0,2,1544,1,86,154,1.0,0.11627906976744186,0.06493506493506493,
Abuse030,D_random,10.0,3,1544,1,86,154,1.0,0.13953488372093023,0.07792207792207792,
Abuse030,D_random,10.0,4,1544,1,86,154,1.0,0.13953488372093023,0.07792207792207792,
Abuse030,C_uniform,10.5,,1544,1,86,162,1.0,0.10465116279069768,0.05555555555555555,
Abuse030,D_random,10.5,0,1544,1,86,162,1.0,0.11627906976744186,0.06172839506172839,
Abuse030,D_random,10.5,1,1544,1,86,162,1.0,0.10465116279069768,0.05555555555555555,
Abuse030,D_random,10.5,2,1544,1,86,162,1.0,0.10465116279069768,0.05555555555555555,
Abuse030,D_random,10.5,3,1544,1,86,162,1.0,0.13953488372093023,0.07407407407407407,
Abuse030,D_random,10.5,4,1544,1,86,162,1.0,0.16279069767441862,0.08641975308641975,
Abuse030,C_uniform,20.0,,1544,1,86,308,1.0,0.19767441860465115,0.05519480519480519,
Abuse030,D_random,20.0,0,1544,1,86,308,1.0,0.26744186046511625,0.07467532467532467,
Abuse030,D_random,20.0,1,1544,1,86,308,1.0,0.12790697674418605,0.03571428571428571,
Abuse030,D_random,20.0,2,1544,1,86,308,1.0,0.16279069767441862,0.045454545454545456,
Abuse030,D_random,20.0,3,1544,1,86,308,1.0,0.2441860465116279,0.06818181818181818,
Abuse030,D_random,20.0,4,1544,1,86,308,1.0,0.22093023255813954,0.06168831168831169,
Abuse030,C_uniform,30.0,,1544,1,86,463,1.0,0.3023255813953488,0.056155507559395246,
Abuse030,D_random,30.0,0,1544,1,86,463,1.0,0.313953488372093,0.058315334773218146,
Abuse030,D_random,30.0,1,1544,1,86,463,1.0,0.313953488372093,0.058315334773218146,
Abuse030,D_random,30.0,2,1544,1,86,463,1.0,0.3023255813953488,0.056155507559395246,
Abuse030,D_random,30.0,3,1544,1,86,463,1.0,0.38372093023255816,0.07127429805615551,
Abuse030,D_random,30.0,4,1544,1,86,463,1.0,0.26744186046511625,0.04967602591792657,
Arrest001,A_production,10.4465,,2374,1,301,248,1.0,0.12292358803986711,0.14919354838709678,natural retention
Arrest001,C_uniform,5.0,,2374,1,301,118,1.0,0.04983388704318937,0.1271186440677966,
Arrest001,D_random,5.0,0,2374,1,301,118,1.0,0.05647840531561462,0.1440677966101695,
Arrest001,D_random,5.0,1,2374,1,301,118,1.0,0.04318936877076412,0.11016949152542373,
Arrest001,D_random,5.0,2,2374,1,301,118,1.0,0.05647840531561462,0.1440677966101695,
Arrest001,D_random,5.0,3,2374,1,301,118,1.0,0.04318936877076412,0.11016949152542373,
Arrest001,D_random,5.0,4,2374,1,301,118,1.0,0.04983388704318937,0.1271186440677966,
Arrest001,C_uniform,10.0,,2374,1,301,237,1.0,0.09966777408637874,0.12658227848101267,
Arrest001,D_random,10.0,0,2374,1,301,237,1.0,0.08970099667774087,0.11392405063291139,
Arrest001,D_random,10.0,1,2374,1,301,237,1.0,0.06976744186046512,0.08860759493670886,
Arrest001,D_random,10.0,2,2374,1,301,237,1.0,0.10963455149501661,0.13924050632911392,
Arrest001,D_random,10.0,3,2374,1,301,237,1.0,0.11960132890365449,0.1518987341772152,
Arrest001,D_random,10.0,4,2374,1,301,237,1.0,0.11960132890365449,0.1518987341772152,
Arrest001,C_uniform,10.5,,2374,1,301,249,1.0,0.10631229235880399,0.1285140562248996,
Arrest001,D_random,10.5,0,2374,1,301,249,1.0,0.09302325581395349,0.11244979919678715,
Arrest001,D_random,10.5,1,2374,1,301,249,1.0,0.07641196013289037,0.09236947791164658,
Arrest001,D_random,10.5,2,2374,1,301,249,1.0,0.11295681063122924,0.13654618473895583,
Arrest001,D_random,10.5,3,2374,1,301,249,1.0,0.12292358803986711,0.14859437751004015,
Arrest001,D_random,10.5,4,2374,1,301,249,1.0,0.12624584717607973,0.15261044176706828,
Arrest001,C_uniform,20.0,,2374,1,301,474,1.0,0.19933554817275748,0.12658227848101267,
Arrest001,D_random,20.0,0,2374,1,301,474,1.0,0.19933554817275748,0.12658227848101267,
Arrest001,D_random,20.0,1,2374,1,301,474,1.0,0.18604651162790697,0.11814345991561181,
Arrest001,D_random,20.0,2,2374,1,301,474,1.0,0.1893687707641196,0.12025316455696203,
Arrest001,D_random,20.0,3,2374,1,301,474,1.0,0.23255813953488372,0.14767932489451477,
Arrest001,D_random,20.0,4,2374,1,301,474,1.0,0.1760797342192691,0.11181434599156118,
Arrest001,C_uniform,30.0,,2374,1,301,712,1.0,0.3023255813953488,0.12780898876404495,
Arrest001,D_random,30.0,0,2374,1,301,712,1.0,0.3222591362126246,0.13623595505617977,
Arrest001,D_random,30.0,1,2374,1,301,712,1.0,0.3023255813953488,0.12780898876404495,
Arrest001,D_random,30.0,2,2374,1,301,712,1.0,0.2724252491694352,0.1151685393258427,
Arrest001,D_random,30.0,3,2374,1,301,712,1.0,0.2956810631229236,0.125,
Arrest001,D_random,30.0,4,2374,1,301,712,1.0,0.2691029900332226,0.11376404494382023,
Arrest007,A_production,10.5916,,3144,1,631,333,1.0,0.098256735340729,0.18618618618618618,natural retention
Arrest007,C_uniform,5.0,,3144,1,631,157,1.0,0.05071315372424723,0.20382165605095542,
Arrest007,D_random,5.0,0,3144,1,631,157,1.0,0.058637083993660855,0.2356687898089172,
Arrest007,D_random,5.0,1,3144,1,631,157,1.0,0.039619651347068144,0.1592356687898089,
Arrest007,D_random,5.0,2,3144,1,631,157,1.0,0.06814580031695722,0.27388535031847133,
Arrest007,D_random,5.0,3,3144,1,631,157,1.0,0.0554675118858954,0.2229299363057325,
Arrest007,D_random,5.0,4,3144,1,631,157,1.0,0.04120443740095087,0.16560509554140126,
Arrest007,C_uniform,10.0,,3144,1,631,314,1.0,0.09984152139461172,0.20063694267515925,
Arrest007,D_random,10.0,0,3144,1,631,314,1.0,0.09508716323296355,0.1910828025477707,
Arrest007,D_random,10.0,1,3144,1,631,314,1.0,0.08874801901743265,0.17834394904458598,
Arrest007,D_random,10.0,2,3144,1,631,314,1.0,0.10618066561014262,0.21337579617834396,
Arrest007,D_random,10.0,3,3144,1,631,314,1.0,0.10301109350237718,0.2070063694267516,
Arrest007,D_random,10.0,4,3144,1,631,314,1.0,0.098256735340729,0.19745222929936307,
Arrest007,C_uniform,10.5,,3144,1,631,330,1.0,0.1045958795562599,0.2,
Arrest007,D_random,10.5,0,3144,1,631,330,1.0,0.09667194928684628,0.18484848484848485,
Arrest007,D_random,10.5,1,3144,1,631,330,1.0,0.09350237717908082,0.1787878787878788,
Arrest007,D_random,10.5,2,3144,1,631,330,1.0,0.11251980982567353,0.21515151515151515,
Arrest007,D_random,10.5,3,3144,1,631,330,1.0,0.11251980982567353,0.21515151515151515,
Arrest007,D_random,10.5,4,3144,1,631,330,1.0,0.1045958795562599,0.2,
Arrest007,C_uniform,20.0,,3144,1,631,628,1.0,0.19968304278922344,0.20063694267515925,
Arrest007,D_random,20.0,0,3144,1,631,628,1.0,0.20285261489698891,0.20382165605095542,
Arrest007,D_random,20.0,1,3144,1,631,628,1.0,0.2076069730586371,0.2085987261146497,
Arrest007,D_random,20.0,2,3144,1,631,628,1.0,0.19968304278922344,0.20063694267515925,
Arrest007,D_random,20.0,3,3144,1,631,628,1.0,0.20602218700475436,0.2070063694267516,
Arrest007,D_random,20.0,4,3144,1,631,628,1.0,0.18700475435816163,0.18789808917197454,
Arrest007,C_uniform,30.0,,3144,1,631,943,1.0,0.29952456418383516,0.20042417815482502,
Arrest007,D_random,30.0,0,3144,1,631,943,1.0,0.31695721077654515,0.21208907741251326,
Arrest007,D_random,30.0,1,3144,1,631,943,1.0,0.2979397781299525,0.19936373276776245,
Arrest007,D_random,30.0,2,3144,1,631,943,1.0,0.27099841521394613,0.18133616118769882,
Arrest007,D_random,30.0,3,3144,1,631,943,1.0,0.28526148969889065,0.19088016967126192,
Arrest007,D_random,30.0,4,3144,1,631,943,1.0,0.29952456418383516,0.20042417815482502,
Arrest024,A_production,10.4161,,3629,1,2101,378,1.0,0.10471204188481675,0.582010582010582,natural retention
Arrest024,C_uniform,5.0,,3629,1,2101,181,1.0,0.049976201808662545,0.580110497237569,
Arrest024,D_random,5.0,0,3629,1,2101,181,1.0,0.05188005711565921,0.6022099447513812,
Arrest024,D_random,5.0,1,3629,1,2101,181,1.0,0.04950023798191337,0.574585635359116,
Arrest024,D_random,5.0,2,3629,1,2101,181,1.0,0.05283198476915754,0.6132596685082873,
Arrest024,D_random,5.0,3,3629,1,2101,181,1.0,0.05045216563541171,0.585635359116022,
Arrest024,D_random,5.0,4,3629,1,2101,181,1.0,0.047596382674916705,0.5524861878453039,
Arrest024,C_uniform,10.0,,3629,1,2101,362,1.0,0.09995240361732509,0.580110497237569,
Arrest024,D_random,10.0,0,3629,1,2101,362,1.0,0.09995240361732509,0.580110497237569,
Arrest024,D_random,10.0,1,3629,1,2101,362,1.0,0.10233222275107091,0.5939226519337016,
Arrest024,D_random,10.0,2,3629,1,2101,362,1.0,0.10233222275107091,0.5939226519337016,
Arrest024,D_random,10.0,3,3629,1,2101,362,1.0,0.09804854831032842,0.569060773480663,
Arrest024,D_random,10.0,4,3629,1,2101,362,1.0,0.10566396953831508,0.6132596685082873,
Arrest024,C_uniform,10.5,,3629,1,2101,381,1.0,0.10471204188481675,0.5774278215223098,
Arrest024,D_random,10.5,0,3629,1,2101,381,1.0,0.10423607805806759,0.5748031496062992,
Arrest024,D_random,10.5,1,3629,1,2101,381,1.0,0.1099476439790576,0.6062992125984252,
Arrest024,D_random,10.5,2,3629,1,2101,381,1.0,0.10518800571156592,0.5800524934383202,
Arrest024,D_random,10.5,3,3629,1,2101,381,1.0,0.10376011423131842,0.5721784776902887,
Arrest024,D_random,10.5,4,3629,1,2101,381,1.0,0.10709186101856259,0.5905511811023622,
Arrest024,C_uniform,20.0,,3629,1,2101,725,1.0,0.199428843407901,0.5779310344827586,
Arrest024,D_random,20.0,0,3629,1,2101,725,1.0,0.21370775821037602,0.6193103448275862,
Arrest024,D_random,20.0,1,3629,1,2101,725,1.0,0.199428843407901,0.5779310344827586,
Arrest024,D_random,20.0,2,3629,1,2101,725,1.0,0.20323655402189433,0.5889655172413794,
Arrest024,D_random,20.0,3,3629,1,2101,725,1.0,0.2008567348881485,0.5820689655172414,
Arrest024,D_random,20.0,4,3629,1,2101,725,1.0,0.20276059019514517,0.5875862068965517,
Arrest024,C_uniform,30.0,,3629,1,2101,1088,1.0,0.29985721085197525,0.5790441176470589,
Arrest024,D_random,30.0,0,3629,1,2101,1088,1.0,0.30414088529271777,0.5873161764705882,
Arrest024,D_random,30.0,1,3629,1,2101,1088,1.0,0.3017610661589719,0.5827205882352942,
Arrest024,D_random,30.0,2,3629,1,2101,1088,1.0,0.30271299381247024,0.5845588235294118,
Arrest024,D_random,30.0,3,3629,1,2101,1088,1.0,0.2979533555449786,0.5753676470588235,
Arrest024,D_random,30.0,4,3629,1,2101,1088,1.0,0.29557353641123274,0.5707720588235294,
Arrest030,A_production,10.449,,8642,1,1666,903,1.0,0.1014405762304922,0.18715393133997785,natural retention
Arrest030,C_uniform,5.0,,8642,1,1666,432,1.0,0.04981992797118848,0.19212962962962962,
Arrest030,D_random,5.0,0,8642,1,1666,432,1.0,0.05102040816326531,0.19675925925925927,
Arrest030,D_random,5.0,1,8642,1,1666,432,1.0,0.055222088835534214,0.21296296296296297,
Arrest030,D_random,5.0,2,8642,1,1666,432,1.0,0.048619447779111646,0.1875,
Arrest030,D_random,5.0,3,8642,1,1666,432,1.0,0.048619447779111646,0.1875,
Arrest030,D_random,5.0,4,8642,1,1666,432,1.0,0.05162064825930372,0.19907407407407407,
Arrest030,C_uniform,10.0,,8642,1,1666,864,1.0,0.10024009603841537,0.19328703703703703,
Arrest030,D_random,10.0,0,8642,1,1666,864,1.0,0.10624249699879952,0.2048611111111111,
Arrest030,D_random,10.0,1,8642,1,1666,864,1.0,0.1014405762304922,0.19560185185185186,
Arrest030,D_random,10.0,2,8642,1,1666,864,1.0,0.09603841536614646,0.18518518518518517,
Arrest030,D_random,10.0,3,8642,1,1666,864,1.0,0.09483793517406963,0.18287037037037038,
Arrest030,D_random,10.0,4,8642,1,1666,864,1.0,0.10204081632653061,0.19675925925925927,
Arrest030,C_uniform,10.5,,8642,1,1666,907,1.0,0.10444177671068428,0.1918412348401323,
Arrest030,D_random,10.5,0,8642,1,1666,907,1.0,0.11164465786314526,0.20507166482910694,
Arrest030,D_random,10.5,1,8642,1,1666,907,1.0,0.10444177671068428,0.1918412348401323,
Arrest030,D_random,10.5,2,8642,1,1666,907,1.0,0.10504201680672269,0.19294377067254687,
Arrest030,D_random,10.5,3,8642,1,1666,907,1.0,0.10084033613445378,0.185226019845645,
Arrest030,D_random,10.5,4,8642,1,1666,907,1.0,0.10744297719087635,0.19735391400220506,
Arrest030,C_uniform,20.0,,8642,1,1666,1728,1.0,0.1998799519807923,0.19270833333333334,
Arrest030,D_random,20.0,0,8642,1,1666,1728,1.0,0.20588235294117646,0.19849537037037038,
Arrest030,D_random,20.0,1,8642,1,1666,1728,1.0,0.2028811524609844,0.19560185185185186,
Arrest030,D_random,20.0,2,8642,1,1666,1728,1.0,0.2034813925570228,0.19618055555555555,
Arrest030,D_random,20.0,3,8642,1,1666,1728,1.0,0.18487394957983194,0.17824074074074073,
Arrest030,D_random,20.0,4,8642,1,1666,1728,1.0,0.20768307322929172,0.20023148148148148,
Arrest030,C_uniform,30.0,,8642,1,1666,2592,1.0,0.30012004801920766,0.19290123456790123,
Arrest030,D_random,30.0,0,8642,1,1666,2592,1.0,0.3187274909963986,0.2048611111111111,
Arrest030,D_random,30.0,1,8642,1,1666,2592,1.0,0.3043217286914766,0.19560185185185186,
Arrest030,D_random,30.0,2,8642,1,1666,2592,1.0,0.2965186074429772,0.19058641975308643,
Arrest030,D_random,30.0,3,8642,1,1666,2592,1.0,0.28811524609843936,0.18518518518518517,
Arrest030,D_random,30.0,4,8642,1,1666,2592,1.0,0.3199279711884754,0.2056327160493827,
Arrest039,A_production,10.4073,,15835,1,3121,1648,1.0,0.10445370073694328,0.19781553398058252,natural retention
Arrest039,C_uniform,5.0,,15835,1,3121,791,1.0,0.049983979493752,0.1972187104930468,
Arrest039,D_random,5.0,0,15835,1,3121,791,1.0,0.050304389618711955,0.19848293299620734,
Arrest039,D_random,5.0,1,15835,1,3121,791,1.0,0.04742069849407241,0.18710493046776233,
Arrest039,D_random,5.0,2,15835,1,3121,791,1.0,0.05094520986863185,0.20101137800252844,
Arrest039,D_random,5.0,3,15835,1,3121,791,1.0,0.051906440243511695,0.20480404551201012,
Arrest039,D_random,5.0,4,15835,1,3121,791,1.0,0.0506247997436719,0.1997471554993679,
Arrest039,C_uniform,10.0,,15835,1,3121,1583,1.0,0.099967958987504,0.19709412507896398,
Arrest039,D_random,10.0,0,15835,1,3121,1583,1.0,0.09772508811278437,0.19267214150347442,
Arrest039,D_random,10.0,1,15835,1,3121,1583,1.0,0.09388016661326498,0.18509159823120658,
Arrest039,D_random,10.0,2,15835,1,3121,1583,1.0,0.10733739186158282,0.21162349968414404,
Arrest039,D_random,10.0,3,15835,1,3121,1583,1.0,0.1012495994873438,0.1996209728363866,
Arrest039,D_random,10.0,4,15835,1,3121,1583,1.0,0.1012495994873438,0.1996209728363866,
Arrest039,C_uniform,10.5,,15835,1,3121,1662,1.0,0.10509452098686319,0.197352587244284,
Arrest039,D_random,10.5,0,15835,1,3121,1662,1.0,0.1018904197372637,0.19133574007220217,
Arrest039,D_random,10.5,1,15835,1,3121,1662,1.0,0.09868631848766421,0.18531889290012032,
Arrest039,D_random,10.5,2,15835,1,3121,1662,1.0,0.11150272348606216,0.20938628158844766,
Arrest039,D_random,10.5,3,15835,1,3121,1662,1.0,0.10765780198654278,0.20216606498194944,
Arrest039,D_random,10.5,4,15835,1,3121,1662,1.0,0.10477411086190323,0.1967509025270758,
Arrest039,C_uniform,20.0,,15835,1,3121,3167,1.0,0.199935917975008,0.19703189137985475,
Arrest039,D_random,20.0,0,15835,1,3121,3167,1.0,0.20281960909964755,0.19987369750552572,
Arrest039,D_random,20.0,1,15835,1,3121,3167,1.0,0.19512976610060878,0.19229554783706979,
Arrest039,D_random,20.0,2,15835,1,3121,3167,1.0,0.20025632809996796,0.19734764761604043,
Arrest039,D_random,20.0,3,15835,1,3121,3167,1.0,0.20153796859980774,0.19861067256078307,
Arrest039,D_random,20.0,4,15835,1,3121,3167,1.0,0.19577058635052869,0.19292706030944112,
Arrest039,C_uniform,30.0,,15835,1,3121,4750,1.0,0.29990387696251203,0.19705263157894737,
Arrest039,D_random,30.0,0,15835,1,3121,4750,1.0,0.2957385453380327,0.19431578947368422,
Arrest039,D_random,30.0,1,15835,1,3121,4750,1.0,0.2906119833386735,0.19094736842105264,
Arrest039,D_random,30.0,2,15835,1,3121,4750,1.0,0.29894264658763214,0.19642105263157894,
Arrest039,D_random,30.0,3,15835,1,3121,4750,1.0,0.30278756808715157,0.19894736842105262,
Arrest039,D_random,30.0,4,15835,1,3121,4750,1.0,0.29413649471323294,0.19326315789473683,
Arson007,A_production,10.4287,,6252,1,3451,652,1.0,0.1046073601854535,0.553680981595092,natural retention
Arson007,C_uniform,5.0,,6252,1,3451,312,1.0,0.049840625905534626,0.5512820512820513,
Arson007,D_random,5.0,0,6252,1,3451,312,1.0,0.05186902347145755,0.5737179487179487,
Arson007,D_random,5.0,1,6252,1,3451,312,1.0,0.05331787887568821,0.5897435897435898,
Arson007,D_random,5.0,2,6252,1,3451,312,1.0,0.05244856563314981,0.5801282051282052,
Arson007,D_random,5.0,3,6252,1,3451,312,1.0,0.05013039698638076,0.5544871794871795,
Arson007,D_random,5.0,4,6252,1,3451,312,1.0,0.049550854824688496,0.5480769230769231,
Arson007,C_uniform,10.0,,6252,1,3451,625,1.0,0.09997102289191538,0.552,
Arson007,D_random,10.0,0,6252,1,3451,625,1.0,0.10315850478122283,0.5696,
Arson007,D_random,10.0,1,6252,1,3451,625,1.0,0.10170964937699217,0.5616,
Arson007,D_random,10.0,2,6252,1,3451,625,1.0,0.09968125181106925,0.5504,
Arson007,D_random,10.0,3,6252,1,3451,625,1.0,0.10315850478122283,0.5696,
Arson007,D_random,10.0,4,6252,1,3451,625,1.0,0.09910170964937699,0.5472,
Arson007,C_uniform,10.5,,6252,1,3451,656,1.0,0.10489713126629963,0.551829268292683,
Arson007,D_random,10.5,0,6252,1,3451,656,1.0,0.11040278180237613,0.5807926829268293,
Arson007,D_random,10.5,1,6252,1,3451,656,1.0,0.10576644450883801,0.5564024390243902,
Arson007,D_random,10.5,2,6252,1,3451,656,1.0,0.10489713126629963,0.551829268292683,
Arson007,D_random,10.5,3,6252,1,3451,656,1.0,0.10605621558968414,0.5579268292682927,
Arson007,D_random,10.5,4,6252,1,3451,656,1.0,0.10431758910460737,0.5487804878048781,
Arson007,C_uniform,20.0,,6252,1,3451,1250,1.0,0.19994204578383076,0.552,
Arson007,D_random,20.0,0,6252,1,3451,1250,1.0,0.20689655172413793,0.5712,
Arson007,D_random,20.0,1,6252,1,3451,1250,1.0,0.2039988409156766,0.5632,
Arson007,D_random,20.0,2,6252,1,3451,1250,1.0,0.20081135902636918,0.5544,
Arson007,D_random,20.0,3,6252,1,3451,1250,1.0,0.19762387713706173,0.5456,
Arson007,D_random,20.0,4,6252,1,3451,1250,1.0,0.2011011301072153,0.5552,
Arson007,C_uniform,30.0,,6252,1,3451,1875,1.0,0.29962329759490003,0.5514666666666667,
Arson007,D_random,30.0,0,6252,1,3451,1875,1.0,0.31092436974789917,0.5722666666666667,
Arson007,D_random,30.0,1,6252,1,3451,1875,1.0,0.2909301651695161,0.5354666666666666,
Arson007,D_random,30.0,2,6252,1,3451,1875,1.0,0.2999130686757462,0.552,
Arson007,D_random,30.0,3,6252,1,3451,1875,1.0,0.292958562735439,0.5392,
Arson007,D_random,30.0,4,6252,1,3451,1875,1.0,0.29933352651405387,0.5509333333333334,
Arson009,A_production,11.0363,,743,1,96,82,1.0,0.125,0.14634146341463414,natural retention
Arson009,C_uniform,5.0,,743,1,96,37,1.0,0.052083333333333336,0.13513513513513514,
Arson009,D_random,5.0,0,743,1,96,37,1.0,0.010416666666666666,0.02702702702702703,
Arson009,D_random,5.0,1,743,1,96,37,1.0,0.0625,0.16216216216216217,
Arson009,D_random,5.0,2,743,1,96,37,1.0,0.052083333333333336,0.13513513513513514,
Arson009,D_random,5.0,3,743,1,96,37,1.0,0.0625,0.16216216216216217,
Arson009,D_random,5.0,4,743,1,96,37,1.0,0.041666666666666664,0.10810810810810811,
Arson009,C_uniform,10.0,,743,1,96,74,1.0,0.10416666666666667,0.13513513513513514,
Arson009,D_random,10.0,0,743,1,96,74,1.0,0.09375,0.12162162162162163,
Arson009,D_random,10.0,1,743,1,96,74,1.0,0.10416666666666667,0.13513513513513514,
Arson009,D_random,10.0,2,743,1,96,74,1.0,0.11458333333333333,0.14864864864864866,
Arson009,D_random,10.0,3,743,1,96,74,1.0,0.08333333333333333,0.10810810810810811,
Arson009,D_random,10.0,4,743,1,96,74,1.0,0.08333333333333333,0.10810810810810811,
Arson009,C_uniform,10.5,,743,1,96,78,1.0,0.10416666666666667,0.1282051282051282,
Arson009,D_random,10.5,0,743,1,96,78,1.0,0.09375,0.11538461538461539,
Arson009,D_random,10.5,1,743,1,96,78,1.0,0.11458333333333333,0.14102564102564102,
Arson009,D_random,10.5,2,743,1,96,78,1.0,0.11458333333333333,0.14102564102564102,
Arson009,D_random,10.5,3,743,1,96,78,1.0,0.09375,0.11538461538461539,
Arson009,D_random,10.5,4,743,1,96,78,1.0,0.08333333333333333,0.10256410256410256,
Arson009,C_uniform,20.0,,743,1,96,148,1.0,0.19791666666666666,0.12837837837837837,
Arson009,D_random,20.0,0,743,1,96,148,1.0,0.21875,0.14189189189189189,
Arson009,D_random,20.0,1,743,1,96,148,1.0,0.22916666666666666,0.14864864864864866,
Arson009,D_random,20.0,2,743,1,96,148,1.0,0.19791666666666666,0.12837837837837837,
Arson009,D_random,20.0,3,743,1,96,148,1.0,0.1875,0.12162162162162163,
Arson009,D_random,20.0,4,743,1,96,148,1.0,0.19791666666666666,0.12837837837837837,
Arson009,C_uniform,30.0,,743,1,96,222,1.0,0.2916666666666667,0.12612612612612611,
Arson009,D_random,30.0,0,743,1,96,222,1.0,0.34375,0.14864864864864866,
Arson009,D_random,30.0,1,743,1,96,222,1.0,0.3229166666666667,0.13963963963963963,
Arson009,D_random,30.0,2,743,1,96,222,1.0,0.3229166666666667,0.13963963963963963,
Arson009,D_random,30.0,3,743,1,96,222,1.0,0.2916666666666667,0.12612612612612611,
Arson009,D_random,30.0,4,743,1,96,222,1.0,0.3541666666666667,0.15315315315315314,
Arson010,A_production,10.6363,,3159,1,346,336,1.0,0.11271676300578035,0.11607142857142858,natural retention
Arson010,C_uniform,5.0,,3159,1,346,157,1.0,0.049132947976878616,0.10828025477707007,
Arson010,D_random,5.0,0,3159,1,346,157,1.0,0.057803468208092484,0.12738853503184713,
Arson010,D_random,5.0,1,3159,1,346,157,1.0,0.04046242774566474,0.08917197452229299,
Arson010,D_random,5.0,2,3159,1,346,157,1.0,0.03757225433526012,0.08280254777070063,
Arson010,D_random,5.0,3,3159,1,346,157,1.0,0.05202312138728324,0.11464968152866242,
Arson010,D_random,5.0,4,3159,1,346,157,1.0,0.05491329479768786,0.12101910828025478,
Arson010,C_uniform,10.0,,3159,1,346,315,1.0,0.10115606936416185,0.1111111111111111,
Arson010,D_random,10.0,0,3159,1,346,315,1.0,0.08670520231213873,0.09523809523809523,
Arson010,D_random,10.0,1,3159,1,346,315,1.0,0.0953757225433526,0.10476190476190476,
Arson010,D_random,10.0,2,3159,1,346,315,1.0,0.07803468208092486,0.08571428571428572,
Arson010,D_random,10.0,3,3159,1,346,315,1.0,0.10115606936416185,0.1111111111111111,
Arson010,D_random,10.0,4,3159,1,346,315,1.0,0.11271676300578035,0.12380952380952381,
Arson010,C_uniform,10.5,,3159,1,346,331,1.0,0.10404624277456648,0.10876132930513595,
Arson010,D_random,10.5,0,3159,1,346,331,1.0,0.08959537572254335,0.09365558912386707,
Arson010,D_random,10.5,1,3159,1,346,331,1.0,0.09248554913294797,0.09667673716012085,
Arson010,D_random,10.5,2,3159,1,346,331,1.0,0.08670520231213873,0.09063444108761329,
Arson010,D_random,10.5,3,3159,1,346,331,1.0,0.11271676300578035,0.11782477341389729,
Arson010,D_random,10.5,4,3159,1,346,331,1.0,0.12138728323699421,0.1268882175226586,
Arson010,C_uniform,20.0,,3159,1,346,631,1.0,0.1994219653179191,0.10935023771790808,
Arson010,D_random,20.0,0,3159,1,346,631,1.0,0.1907514450867052,0.1045958795562599,
Arson010,D_random,20.0,1,3159,1,346,631,1.0,0.17341040462427745,0.09508716323296355,
Arson010,D_random,20.0,2,3159,1,346,631,1.0,0.18786127167630057,0.10301109350237718,
Arson010,D_random,20.0,3,3159,1,346,631,1.0,0.1791907514450867,0.098256735340729,
Arson010,D_random,20.0,4,3159,1,346,631,1.0,0.2023121387283237,0.1109350237717908,
Arson010,C_uniform,30.0,,3159,1,346,947,1.0,0.30057803468208094,0.10982048574445617,
Arson010,D_random,30.0,0,3159,1,346,947,1.0,0.2947976878612717,0.10770855332629356,
Arson010,D_random,30.0,1,3159,1,346,947,1.0,0.34104046242774566,0.1246040126715945,
Arson010,D_random,30.0,2,3159,1,346,947,1.0,0.31213872832369943,0.11404435058078141,
Arson010,D_random,30.0,3,3159,1,346,947,1.0,0.3092485549132948,0.11298838437170011,
Arson010,D_random,30.0,4,3159,1,346,947,1.0,0.2630057803468208,0.09609292502639916,
Arson011,A_production,11.1374,,1266,2,857,141,1.0,0.11785297549591599,0.7163120567375887,natural retention
Arson011,C_uniform,5.0,,1266,2,857,63,1.0,0.049008168028004666,0.6666666666666666,
Arson011,D_random,5.0,0,1266,2,857,63,1.0,0.046674445740956826,0.6349206349206349,
Arson011,D_random,5.0,1,1266,2,857,63,1.0,0.047841306884480746,0.6507936507936508,
Arson011,D_random,5.0,2,1266,2,857,63,1.0,0.05367561260210035,0.7301587301587301,
Arson011,D_random,5.0,3,1266,2,857,63,1.0,0.050175029171528586,0.6825396825396826,
Arson011,D_random,5.0,4,1266,2,857,63,1.0,0.050175029171528586,0.6825396825396826,
Arson011,C_uniform,10.0,,1266,2,857,126,1.0,0.09918319719953325,0.6746031746031746,
Arson011,D_random,10.0,0,1266,2,857,126,1.0,0.09568261376896149,0.6507936507936508,
Arson011,D_random,10.0,1,1266,2,857,126,1.0,0.09218203033838973,0.626984126984127,
Arson011,D_random,10.0,2,1266,2,857,126,1.0,0.09801633605600933,0.6666666666666666,
Arson011,D_random,10.0,3,1266,2,857,126,1.0,0.10501750291715285,0.7142857142857143,
Arson011,D_random,10.0,4,1266,2,857,126,1.0,0.09918319719953325,0.6746031746031746,
Arson011,C_uniform,10.5,,1266,2,857,132,1.0,0.10385064177362893,0.6742424242424242,
Arson011,D_random,10.5,0,1266,2,857,132,1.0,0.10268378063010501,0.6666666666666666,
Arson011,D_random,10.5,1,1266,2,857,132,1.0,0.10035005834305717,0.6515151515151515,
Arson011,D_random,10.5,2,1266,2,857,132,1.0,0.10151691948658109,0.6590909090909091,
Arson011,D_random,10.5,3,1266,2,857,132,1.0,0.11318553092182031,0.7348484848484849,
Arson011,D_random,10.5,4,1266,2,857,132,1.0,0.10385064177362893,0.6742424242424242,
Arson011,C_uniform,20.0,,1266,2,857,253,1.0,0.19953325554259044,0.6758893280632411,
Arson011,D_random,20.0,0,1266,2,857,253,1.0,0.1983663943990665,0.6719367588932806,
Arson011,D_random,20.0,1,1266,2,857,253,1.0,0.20070011668611434,0.6798418972332015,
Arson011,D_random,20.0,2,1266,2,857,253,1.0,0.1866977829638273,0.6324110671936759,
Arson011,D_random,20.0,3,1266,2,857,253,1.0,0.1971995332555426,0.6679841897233202,
Arson011,D_random,20.0,4,1266,2,857,253,1.0,0.19253208868144692,0.6521739130434783,
Arson011,C_uniform,30.0,,1266,2,857,379,1.0,0.29871645274212366,0.6754617414248021,
Arson011,D_random,30.0,0,1266,2,857,379,1.0,0.30221703617269546,0.683377308707124,
Arson011,D_random,30.0,1,1266,2,857,379,1.0,0.3162193698949825,0.7150395778364116,
Arson011,D_random,30.0,2,1266,2,857,379,1.0,0.28354725787631274,0.6411609498680739,
Arson011,D_random,30.0,3,1266,2,857,379,1.0,0.2928821470245041,0.662269129287599,
Arson011,D_random,30.0,4,1266,2,857,379,1.0,0.30221703617269546,0.683377308707124,
Arson016,A_production,10.4735,,1795,1,795,188,1.0,0.10566037735849057,0.44680851063829785,natural retention
Arson016,C_uniform,5.0,,1795,1,795,89,1.0,0.04905660377358491,0.43820224719101125,
Arson016,D_random,5.0,0,1795,1,795,89,1.0,0.052830188679245285,0.47191011235955055,
Arson016,D_random,5.0,1,1795,1,795,89,1.0,0.0440251572327044,0.39325842696629215,
Arson016,D_random,5.0,2,1795,1,795,89,1.0,0.052830188679245285,0.47191011235955055,
Arson016,D_random,5.0,3,1795,1,795,89,1.0,0.050314465408805034,0.449438202247191,
Arson016,D_random,5.0,4,1795,1,795,89,1.0,0.05408805031446541,0.48314606741573035,
Arson016,C_uniform,10.0,,1795,1,795,179,1.0,0.09937106918238994,0.441340782122905,
Arson016,D_random,10.0,0,1795,1,795,179,1.0,0.10817610062893082,0.48044692737430167,
Arson016,D_random,10.0,1,1795,1,795,179,1.0,0.10943396226415095,0.4860335195530726,
Arson016,D_random,10.0,2,1795,1,795,179,1.0,0.10062893081761007,0.44692737430167595,
Arson016,D_random,10.0,3,1795,1,795,179,1.0,0.11446540880503145,0.5083798882681564,
Arson016,D_random,10.0,4,1795,1,795,179,1.0,0.0930817610062893,0.4134078212290503,
Arson016,C_uniform,10.5,,1795,1,795,188,1.0,0.10440251572327044,0.44148936170212766,
Arson016,D_random,10.5,0,1795,1,795,188,1.0,0.1169811320754717,0.4946808510638298,
Arson016,D_random,10.5,1,1795,1,795,188,1.0,0.1169811320754717,0.4946808510638298,
Arson016,D_random,10.5,2,1795,1,795,188,1.0,0.10440251572327044,0.44148936170212766,
Arson016,D_random,10.5,3,1795,1,795,188,1.0,0.11572327044025157,0.48936170212765956,
Arson016,D_random,10.5,4,1795,1,795,188,1.0,0.09937106918238994,0.42021276595744683,
Arson016,C_uniform,20.0,,1795,1,795,359,1.0,0.2,0.4428969359331476,
Arson016,D_random,20.0,0,1795,1,795,359,1.0,0.20125786163522014,0.4456824512534819,
Arson016,D_random,20.0,1,1795,1,795,359,1.0,0.22012578616352202,0.48746518105849584,
Arson016,D_random,20.0,2,1795,1,795,359,1.0,0.2088050314465409,0.4623955431754875,
Arson016,D_random,20.0,3,1795,1,795,359,1.0,0.20251572327044026,0.44846796657381616,
Arson016,D_random,20.0,4,1795,1,795,359,1.0,0.2037735849056604,0.45125348189415043,
Arson016,C_uniform,30.0,,1795,1,795,538,1.0,0.2993710691823899,0.4423791821561338,
Arson016,D_random,30.0,0,1795,1,795,538,1.0,0.3069182389937107,0.45353159851301117,
Arson016,D_random,30.0,1,1795,1,795,538,1.0,0.30062893081761005,0.44423791821561337,
Arson016,D_random,30.0,2,1795,1,795,538,1.0,0.3081761006289308,0.45539033457249073,
Arson016,D_random,30.0,3,1795,1,795,538,1.0,0.30566037735849055,0.4516728624535316,
Arson016,D_random,30.0,4,1795,1,795,538,1.0,0.3069182389937107,0.45353159851301117,
Arson018,A_production,10.5701,,842,1,331,89,1.0,0.1268882175226586,0.47191011235955055,natural retention
Arson018,C_uniform,5.0,,842,1,331,42,1.0,0.04833836858006042,0.38095238095238093,
Arson018,D_random,5.0,0,842,1,331,42,1.0,0.045317220543806644,0.35714285714285715,
Arson018,D_random,5.0,1,842,1,331,42,1.0,0.03927492447129909,0.30952380952380953,
Arson018,D_random,5.0,2,842,1,331,42,1.0,0.054380664652567974,0.42857142857142855,
Arson018,D_random,5.0,3,842,1,331,42,1.0,0.04833836858006042,0.38095238095238093,
Arson018,D_random,5.0,4,842,1,331,42,1.0,0.054380664652567974,0.42857142857142855,
Arson018,C_uniform,10.0,,842,1,331,84,1.0,0.09969788519637462,0.39285714285714285,
Arson018,D_random,10.0,0,842,1,331,84,1.0,0.11178247734138973,0.44047619047619047,
Arson018,D_random,10.0,1,842,1,331,84,1.0,0.09365558912386707,0.36904761904761907,
Arson018,D_random,10.0,2,842,1,331,84,1.0,0.11782477341389729,0.4642857142857143,
Arson018,D_random,10.0,3,842,1,331,84,1.0,0.1027190332326284,0.40476190476190477,
Arson018,D_random,10.0,4,842,1,331,84,1.0,0.11178247734138973,0.44047619047619047,
Arson018,C_uniform,10.5,,842,1,331,88,1.0,0.10574018126888217,0.3977272727272727,
Arson018,D_random,10.5,0,842,1,331,88,1.0,0.11178247734138973,0.42045454545454547,
Arson018,D_random,10.5,1,842,1,331,88,1.0,0.09667673716012085,0.36363636363636365,
Arson018,D_random,10.5,2,842,1,331,88,1.0,0.1268882175226586,0.4772727272727273,
Arson018,D_random,10.5,3,842,1,331,88,1.0,0.09969788519637462,0.375,
Arson018,D_random,10.5,4,842,1,331,88,1.0,0.12084592145015106,0.45454545454545453,
Arson018,C_uniform,20.0,,842,1,331,168,1.0,0.19939577039274925,0.39285714285714285,
Arson018,D_random,20.0,0,842,1,331,168,1.0,0.22356495468277945,0.44047619047619047,
Arson018,D_random,20.0,1,842,1,331,168,1.0,0.18731117824773413,0.36904761904761907,
Arson018,D_random,20.0,2,842,1,331,168,1.0,0.2175226586102719,0.42857142857142855,
Arson018,D_random,20.0,3,842,1,331,168,1.0,0.18731117824773413,0.36904761904761907,
Arson018,D_random,20.0,4,842,1,331,168,1.0,0.20241691842900303,0.39880952380952384,
Arson018,C_uniform,30.0,,842,1,331,252,1.0,0.2990936555891239,0.39285714285714285,
Arson018,D_random,30.0,0,842,1,331,252,1.0,0.2990936555891239,0.39285714285714285,
Arson018,D_random,30.0,1,842,1,331,252,1.0,0.3202416918429003,0.42063492063492064,
Arson018,D_random,30.0,2,842,1,331,252,1.0,0.2990936555891239,0.39285714285714285,
Arson018,D_random,30.0,3,842,1,331,252,1.0,0.3021148036253776,0.3968253968253968,
Arson018,D_random,30.0,4,842,1,331,252,1.0,0.31419939577039274,0.4126984126984127,
Arson022,A_production,10.4167,,8640,1,501,900,1.0,0.10578842315369262,0.058888888888888886,natural retention
Arson022,C_uniform,5.0,,8640,1,501,432,1.0,0.0499001996007984,0.05787037037037037,
Arson022,D_random,5.0,0,8640,1,501,432,1.0,0.03792415169660679,0.04398148148148148,
Arson022,D_random,5.0,1,8640,1,501,432,1.0,0.05389221556886228,0.0625,
Arson022,D_random,5.0,2,8640,1,501,432,1.0,0.05389221556886228,0.0625,
Arson022,D_random,5.0,3,8640,1,501,432,1.0,0.03992015968063872,0.046296296296296294,
Arson022,D_random,5.0,4,8640,1,501,432,1.0,0.031936127744510975,0.037037037037037035,
Arson022,C_uniform,10.0,,8640,1,501,864,1.0,0.0998003992015968,0.05787037037037037,
Arson022,D_random,10.0,0,8640,1,501,864,1.0,0.08782435129740519,0.05092592592592592,
Arson022,D_random,10.0,1,8640,1,501,864,1.0,0.1157684630738523,0.06712962962962964,
Arson022,D_random,10.0,2,8640,1,501,864,1.0,0.11776447105788423,0.06828703703703703,
Arson022,D_random,10.0,3,8640,1,501,864,1.0,0.11776447105788423,0.06828703703703703,
Arson022,D_random,10.0,4,8640,1,501,864,1.0,0.08982035928143713,0.052083333333333336,
Arson022,C_uniform,10.5,,8640,1,501,907,1.0,0.10379241516966067,0.05733186328555678,
Arson022,D_random,10.5,0,8640,1,501,907,1.0,0.09181636726546906,0.050716648291069456,
Arson022,D_random,10.5,1,8640,1,501,907,1.0,0.11976047904191617,0.06615214994487321,
Arson022,D_random,10.5,2,8640,1,501,907,1.0,0.12974051896207583,0.07166482910694598,
Arson022,D_random,10.5,3,8640,1,501,907,1.0,0.11377245508982035,0.06284454244762955,
Arson022,D_random,10.5,4,8640,1,501,907,1.0,0.10179640718562874,0.05622932745314223,
Arson022,C_uniform,20.0,,8640,1,501,1728,1.0,0.1996007984031936,0.05787037037037037,
Arson022,D_random,20.0,0,8640,1,501,1728,1.0,0.21956087824351297,0.06365740740740741,
Arson022,D_random,20.0,1,8640,1,501,1728,1.0,0.17964071856287425,0.052083333333333336,
Arson022,D_random,20.0,2,8640,1,501,1728,1.0,0.20159680638722555,0.05844907407407408,
Arson022,D_random,20.0,3,8640,1,501,1728,1.0,0.1936127744510978,0.05613425925925926,
Arson022,D_random,20.0,4,8640,1,501,1728,1.0,0.20958083832335328,0.06076388888888889,
Arson022,C_uniform,30.0,,8640,1,501,2592,1.0,0.2994011976047904,0.05787037037037037,
Arson022,D_random,30.0,0,8640,1,501,2592,1.0,0.31137724550898205,0.06018518518518518,
Arson022,D_random,30.0,1,8640,1,501,2592,1.0,0.2994011976047904,0.05787037037037037,
Arson022,D_random,30.0,2,8640,1,501,2592,1.0,0.2994011976047904,0.05787037037037037,
Arson022,D_random,30.0,3,8640,1,501,2592,1.0,0.2954091816367265,0.05709876543209876,
Arson022,D_random,30.0,4,8640,1,501,2592,1.0,0.28542914171656686,0.055169753086419755,
Arson035,A_production,10.5776,,1437,1,301,152,1.0,0.10299003322259136,0.20394736842105263,natural retention
Arson035,C_uniform,5.0,,1437,1,301,71,1.0,0.046511627906976744,0.19718309859154928,
Arson035,D_random,5.0,0,1437,1,301,71,1.0,0.04983388704318937,0.2112676056338028,
Arson035,D_random,5.0,1,1437,1,301,71,1.0,0.05647840531561462,0.23943661971830985,
Arson035,D_random,5.0,2,1437,1,301,71,1.0,0.053156146179401995,0.22535211267605634,
Arson035,D_random,5.0,3,1437,1,301,71,1.0,0.04318936877076412,0.18309859154929578,
Arson035,D_random,5.0,4,1437,1,301,71,1.0,0.0664451827242525,0.28169014084507044,
Arson035,C_uniform,10.0,,1437,1,301,143,1.0,0.09966777408637874,0.2097902097902098,
Arson035,D_random,10.0,0,1437,1,301,143,1.0,0.10299003322259136,0.21678321678321677,
Arson035,D_random,10.0,1,1437,1,301,143,1.0,0.08637873754152824,0.18181818181818182,
Arson035,D_random,10.0,2,1437,1,301,143,1.0,0.1461794019933555,0.3076923076923077,
Arson035,D_random,10.0,3,1437,1,301,143,1.0,0.10299003322259136,0.21678321678321677,
Arson035,D_random,10.0,4,1437,1,301,143,1.0,0.10299003322259136,0.21678321678321677,
Arson035,C_uniform,10.5,,1437,1,301,150,1.0,0.10299003322259136,0.20666666666666667,
Arson035,D_random,10.5,0,1437,1,301,150,1.0,0.11295681063122924,0.22666666666666666,
Arson035,D_random,10.5,1,1437,1,301,150,1.0,0.09634551495016612,0.19333333333333333,
Arson035,D_random,10.5,2,1437,1,301,150,1.0,0.1461794019933555,0.29333333333333333,
Arson035,D_random,10.5,3,1437,1,301,150,1.0,0.10299003322259136,0.20666666666666667,
Arson035,D_random,10.5,4,1437,1,301,150,1.0,0.09966777408637874,0.2,
Arson035,C_uniform,20.0,,1437,1,301,287,1.0,0.19933554817275748,0.20905923344947736,
Arson035,D_random,20.0,0,1437,1,301,287,1.0,0.2059800664451827,0.21602787456445993,
Arson035,D_random,20.0,1,1437,1,301,287,1.0,0.2059800664451827,0.21602787456445993,
Arson035,D_random,20.0,2,1437,1,301,287,1.0,0.21926910299003322,0.22996515679442509,
Arson035,D_random,20.0,3,1437,1,301,287,1.0,0.22259136212624583,0.23344947735191637,
Arson035,D_random,20.0,4,1437,1,301,287,1.0,0.20930232558139536,0.21951219512195122,
Arson035,C_uniform,30.0,,1437,1,301,431,1.0,0.29900332225913623,0.2088167053364269,
Arson035,D_random,30.0,0,1437,1,301,431,1.0,0.3089700996677741,0.21577726218097448,
Arson035,D_random,30.0,1,1437,1,301,431,1.0,0.2956810631229236,0.20649651972157773,
Arson035,D_random,30.0,2,1437,1,301,431,1.0,0.3122923588039867,0.21809744779582366,
Arson035,D_random,30.0,3,1437,1,301,431,1.0,0.31561461794019935,0.22041763341067286,
Arson035,D_random,30.0,4,1437,1,301,431,1.0,0.2857142857142857,0.19953596287703015,
Arson041,A_production,10.4955,,3754,1,1486,394,1.0,0.1063257065948856,0.4010152284263959,natural retention
Arson041,C_uniform,5.0,,3754,1,1486,187,1.0,0.04979811574697174,0.39572192513368987,
Arson041,D_random,5.0,0,3754,1,1486,187,1.0,0.05450874831763122,0.43315508021390375,
Arson041,D_random,5.0,1,3754,1,1486,187,1.0,0.05450874831763122,0.43315508021390375,
Arson041,D_random,5.0,2,3754,1,1486,187,1.0,0.04845222072678331,0.3850267379679144,
Arson041,D_random,5.0,3,3754,1,1486,187,1.0,0.05450874831763122,0.43315508021390375,
Arson041,D_random,5.0,4,3754,1,1486,187,1.0,0.046433378196500674,0.3689839572192513,
Arson041,C_uniform,10.0,,3754,1,1486,375,1.0,0.09959623149394348,0.39466666666666667,
Arson041,D_random,10.0,0,3754,1,1486,375,1.0,0.10901749663526245,0.432,
Arson041,D_random,10.0,1,3754,1,1486,375,1.0,0.10497981157469717,0.416,
Arson041,D_random,10.0,2,3754,1,1486,375,1.0,0.10430686406460296,0.41333333333333333,
Arson041,D_random,10.0,3,3754,1,1486,375,1.0,0.09353970390309556,0.37066666666666664,
Arson041,D_random,10.0,4,3754,1,1486,375,1.0,0.10296096904441454,0.408,
Arson041,C_uniform,10.5,,3754,1,1486,394,1.0,0.10497981157469717,0.39593908629441626,
Arson041,D_random,10.5,0,3754,1,1486,394,1.0,0.1117092866756393,0.4213197969543147,
Arson041,D_random,10.5,1,3754,1,1486,394,1.0,0.11238223418573351,0.42385786802030456,
Arson041,D_random,10.5,2,3754,1,1486,394,1.0,0.11372812920592194,0.4289340101522843,
Arson041,D_random,10.5,3,3754,1,1486,394,1.0,0.09892328398384927,0.3730964467005076,
Arson041,D_random,10.5,4,3754,1,1486,394,1.0,0.1117092866756393,0.4213197969543147,
Arson041,C_uniform,20.0,,3754,1,1486,750,1.0,0.19986541049798115,0.396,
Arson041,D_random,20.0,0,3754,1,1486,750,1.0,0.21130551816958276,0.4186666666666667,
Arson041,D_random,20.0,1,3754,1,1486,750,1.0,0.19784656796769853,0.392,
Arson041,D_random,20.0,2,3754,1,1486,750,1.0,0.20053835800807537,0.3973333333333333,
Arson041,D_random,20.0,3,3754,1,1486,750,1.0,0.20457604306864063,0.4053333333333333,
Arson041,D_random,20.0,4,3754,1,1486,750,1.0,0.21467025572005383,0.42533333333333334,
Arson041,C_uniform,30.0,,3754,1,1486,1126,1.0,0.29946164199192465,0.39520426287744226,
Arson041,D_random,30.0,0,3754,1,1486,1126,1.0,0.30686406460296095,0.4049733570159858,
Arson041,D_random,30.0,1,3754,1,1486,1126,1.0,0.2960969044414536,0.3907637655417407,
Arson041,D_random,30.0,2,3754,1,1486,1126,1.0,0.3075370121130552,0.4058614564831261,
Arson041,D_random,30.0,3,3754,1,1486,1126,1.0,0.2873485868102288,0.37921847246891655,
Arson041,D_random,30.0,4,3754,1,1486,1126,1.0,0.32099596231493943,0.42362344582593253,
Assault006,A_production,10.4249,,8096,1,6911,844,1.0,0.10418173925625814,0.8530805687203792,natural retention
Assault006,C_uniform,5.0,,8096,1,6911,404,1.0,0.049920416726957025,0.8539603960396039,
Assault006,D_random,5.0,0,8096,1,6911,404,1.0,0.049196932426566344,0.8415841584158416,
Assault006,D_random,5.0,1,8096,1,6911,404,1.0,0.0502098104471133,0.8589108910891089,
Assault006,D_random,5.0,2,8096,1,6911,404,1.0,0.049920416726957025,0.8539603960396039,
Assault006,D_random,5.0,3,8096,1,6911,404,1.0,0.0502098104471133,0.8589108910891089,
Assault006,D_random,5.0,4,8096,1,6911,404,1.0,0.05006511358703516,0.8564356435643564,
Assault006,C_uniform,10.0,,8096,1,6911,809,1.0,0.09984083345391405,0.8529048207663782,
Assault006,D_random,10.0,0,8096,1,6911,809,1.0,0.10013022717407032,0.8553770086526576,
Assault006,D_random,10.0,1,8096,1,6911,809,1.0,0.09940674287367963,0.8491965389369592,
Assault006,D_random,10.0,2,8096,1,6911,809,1.0,0.10172189263492983,0.8689740420271941,
Assault006,D_random,10.0,3,8096,1,6911,809,1.0,0.10085371147446101,0.861557478368356,
Assault006,D_random,10.0,4,8096,1,6911,809,1.0,0.10013022717407032,0.8553770086526576,
Assault006,C_uniform,10.5,,8096,1,6911,850,1.0,0.10490522355664882,0.8529411764705882,
Assault006,D_random,10.5,0,8096,1,6911,850,1.0,0.1056287078570395,0.8588235294117647,
Assault006,D_random,10.5,1,8096,1,6911,850,1.0,0.10476052669657068,0.851764705882353,
Assault006,D_random,10.5,2,8096,1,6911,850,1.0,0.10693097959774273,0.8694117647058823,
Assault006,D_random,10.5,3,8096,1,6911,850,1.0,0.10591810157719578,0.8611764705882353,
Assault006,D_random,10.5,4,8096,1,6911,850,1.0,0.10504992041672696,0.8541176470588235,
Assault006,C_uniform,20.0,,8096,1,6911,1619,1.0,0.19997106062798436,0.8536133415688697,
Assault006,D_random,20.0,0,8096,1,6911,1619,1.0,0.20373317899001592,0.8696726374305127,
Assault006,D_random,20.0,1,8096,1,6911,1619,1.0,0.2008392417884532,0.8573193329215565,
Assault006,D_random,20.0,2,8096,1,6911,1619,1.0,0.20026045434814063,0.8548486720197653,
Assault006,D_random,20.0,3,8096,1,6911,1619,1.0,0.19693242656634352,0.8406423718344658,
Assault006,D_random,20.0,4,8096,1,6911,1619,1.0,0.1973665171465779,0.8424953675108091,
Assault006,C_uniform,30.0,,8096,1,6911,2428,1.0,0.2998118940818984,0.8533772652388797,
Assault006,D_random,30.0,0,8096,1,6911,2428,1.0,0.30198234698307047,0.8595551894563427,
Assault006,D_random,30.0,1,8096,1,6911,2428,1.0,0.30154825640283606,0.8583196046128501,
Assault006,D_random,30.0,2,8096,1,6911,2428,1.0,0.30154825640283606,0.8583196046128501,
Assault006,D_random,30.0,3,8096,1,6911,2428,1.0,0.29749674432064827,0.8467874794069192,
Assault006,D_random,30.0,4,8096,1,6911,2428,1.0,0.3008247721024454,0.8562602965403624,
Assault010,A_production,10.4098,,16177,2,1022,1684,1.0,0.10469667318982387,0.06353919239904988,natural retention
Assault010,C_uniform,5.0,,16177,2,1022,808,1.0,0.049902152641878667,0.06311881188118812,
Assault010,D_random,5.0,0,16177,2,1022,808,1.0,0.04892367906066536,0.06188118811881188,
Assault010,D_random,5.0,1,16177,2,1022,808,1.0,0.06164383561643835,0.07797029702970297,
Assault010,D_random,5.0,2,16177,2,1022,808,1.0,0.05577299412915851,0.07054455445544554,
Assault010,D_random,5.0,3,16177,2,1022,808,1.0,0.043052837573385516,0.054455445544554455,
Assault010,D_random,5.0,4,16177,2,1022,808,1.0,0.040117416829745595,0.050742574257425746,
Assault010,C_uniform,10.0,,16177,2,1022,1617,1.0,0.09980430528375733,0.06307977736549165,
Assault010,D_random,10.0,0,16177,2,1022,1617,1.0,0.0949119373776908,0.05998763141620284,
Assault010,D_random,10.0,1,16177,2,1022,1617,1.0,0.1086105675146771,0.0686456400742115,
Assault010,D_random,10.0,2,16177,2,1022,1617,1.0,0.1086105675146771,0.0686456400742115,
Assault010,D_random,10.0,3,16177,2,1022,1617,1.0,0.08708414872798434,0.055040197897340756,
Assault010,D_random,10.0,4,16177,2,1022,1617,1.0,0.08512720156555773,0.05380333951762523,
Assault010,C_uniform,10.5,,16177,2,1022,1698,1.0,0.10469667318982387,0.06301531213191991,
Assault010,D_random,10.5,0,16177,2,1022,1698,1.0,0.09686888454011741,0.05830388692579505,
Assault010,D_random,10.5,1,16177,2,1022,1698,1.0,0.11448140900195694,0.06890459363957598,
Assault010,D_random,10.5,2,16177,2,1022,1698,1.0,0.11448140900195694,0.06890459363957598,
Assault010,D_random,10.5,3,16177,2,1022,1698,1.0,0.08904109589041095,0.0535924617196702,
Assault010,D_random,10.5,4,16177,2,1022,1698,1.0,0.08904109589041095,0.0535924617196702,
Assault010,C_uniform,20.0,,16177,2,1022,3235,1.0,0.20058708414872797,0.0633693972179289,
Assault010,D_random,20.0,0,16177,2,1022,3235,1.0,0.20645792563600782,0.06522411128284389,
Assault010,D_random,20.0,1,16177,2,1022,3235,1.0,0.22113502935420742,0.06986089644513138,
Assault010,D_random,20.0,2,16177,2,1022,3235,1.0,0.19863013698630136,0.06275115919629057,
Assault010,D_random,20.0,3,16177,2,1022,3235,1.0,0.18493150684931506,0.05842349304482226,
Assault010,D_random,20.0,4,16177,2,1022,3235,1.0,0.1917808219178082,0.060587326120556416,
Assault010,C_uniform,30.0,,16177,2,1022,4853,1.0,0.299412915851272,0.06305378116628889,
Assault010,D_random,30.0,0,16177,2,1022,4853,1.0,0.2974559686888454,0.06264166494951576,
Assault010,D_random,30.0,1,16177,2,1022,4853,1.0,0.32778864970645794,0.06902946630949928,
Assault010,D_random,30.0,2,16177,2,1022,4853,1.0,0.2896281800391389,0.060993200082423246,
Assault010,D_random,30.0,3,16177,2,1022,4853,1.0,0.2759295499021526,0.058108386565011334,
Assault010,D_random,30.0,4,16177,2,1022,4853,1.0,0.2945205479452055,0.06202349062435607,
Assault011,A_production,10.4458,,2288,1,586,239,1.0,0.10409556313993173,0.25523012552301255,natural retention
Assault011,C_uniform,5.0,,2288,1,586,114,1.0,0.04948805460750853,0.2543859649122807,
Assault011,D_random,5.0,0,2288,1,586,114,1.0,0.04948805460750853,0.2543859649122807,
Assault011,D_random,5.0,1,2288,1,586,114,1.0,0.04778156996587031,0.24561403508771928,
Assault011,D_random,5.0,2,2288,1,586,114,1.0,0.04778156996587031,0.24561403508771928,
Assault011,D_random,5.0,3,2288,1,586,114,1.0,0.05802047781569966,0.2982456140350877,
Assault011,D_random,5.0,4,2288,1,586,114,1.0,0.04948805460750853,0.2543859649122807,
Assault011,C_uniform,10.0,,2288,1,586,228,1.0,0.09897610921501707,0.2543859649122807,
Assault011,D_random,10.0,0,2288,1,586,228,1.0,0.08703071672354949,0.2236842105263158,
Assault011,D_random,10.0,1,2288,1,586,228,1.0,0.09215017064846416,0.23684210526315788,
Assault011,D_random,10.0,2,2288,1,586,228,1.0,0.09726962457337884,0.25,
Assault011,D_random,10.0,3,2288,1,586,228,1.0,0.10068259385665529,0.25877192982456143,
Assault011,D_random,10.0,4,2288,1,586,228,1.0,0.09385665529010238,0.2412280701754386,
Assault011,C_uniform,10.5,,2288,1,586,240,1.0,0.10409556313993173,0.25416666666666665,
Assault011,D_random,10.5,0,2288,1,586,240,1.0,0.08703071672354949,0.2125,
Assault011,D_random,10.5,1,2288,1,586,240,1.0,0.09385665529010238,0.22916666666666666,
Assault011,D_random,10.5,2,2288,1,586,240,1.0,0.10068259385665529,0.24583333333333332,
Assault011,D_random,10.5,3,2288,1,586,240,1.0,0.09897610921501707,0.24166666666666667,
Assault011,D_random,10.5,4,2288,1,586,240,1.0,0.09556313993174062,0.23333333333333334,
Assault011,C_uniform,20.0,,2288,1,586,457,1.0,0.19965870307167236,0.25601750547045954,
Assault011,D_random,20.0,0,2288,1,586,457,1.0,0.17235494880546076,0.2210065645514223,
Assault011,D_random,20.0,1,2288,1,586,457,1.0,0.20819112627986347,0.26695842450765866,
Assault011,D_random,20.0,2,2288,1,586,457,1.0,0.1962457337883959,0.25164113785557984,
Assault011,D_random,20.0,3,2288,1,586,457,1.0,0.19965870307167236,0.25601750547045954,
Assault011,D_random,20.0,4,2288,1,586,457,1.0,0.18088737201365188,0.23194748358862144,
Assault011,C_uniform,30.0,,2288,1,586,686,1.0,0.2986348122866894,0.25510204081632654,
Assault011,D_random,30.0,0,2288,1,586,686,1.0,0.28668941979522183,0.24489795918367346,
Assault011,D_random,30.0,1,2288,1,586,686,1.0,0.30716723549488056,0.26239067055393583,
Assault011,D_random,30.0,2,2288,1,586,686,1.0,0.3037542662116041,0.2594752186588921,
Assault011,D_random,30.0,3,2288,1,586,686,1.0,0.2883959044368601,0.24635568513119532,
Assault011,D_random,30.0,4,2288,1,586,686,1.0,0.3122866894197952,0.26676384839650147,
