file,differing_frames
clean/nvenc_qp18__alley_1.parquet,
clean/nvenc_qp18__alley_1__frames.parquet,
clean/nvenc_qp18__alley_2.parquet,
clean/nvenc_qp18__alley_2__frames.parquet,
clean/nvenc_qp18__ambush_2.parquet,
clean/nvenc_qp18__ambush_2__frames.parquet,
clean/nvenc_qp18__ambush_4.parquet,
clean/nvenc_qp18__ambush_4__frames.parquet,
clean/nvenc_qp18__ambush_5.parquet,
clean/nvenc_qp18__ambush_5__frames.parquet,
clean/nvenc_qp18__ambush_6.parquet,
clean/nvenc_qp18__ambush_6__frames.parquet,
clean/nvenc_qp18__ambush_7.parquet,
clean/nvenc_qp18__ambush_7__frames.parquet,
clean/nvenc_qp18__bamboo_1.parquet,
clean/nvenc_qp18__bamboo_1__frames.parquet,
clean/nvenc_qp18__bamboo_2.parquet,
clean/nvenc_qp18__bamboo_2__frames.parquet,
clean/nvenc_qp18__bandage_1.parquet,
clean/nvenc_qp18__bandage_1__frames.parquet,
clean/nvenc_qp18__bandage_2.parquet,
clean/nvenc_qp18__bandage_2__frames.parquet,
clean/nvenc_qp18__cave_2.parquet,
clean/nvenc_qp18__cave_2__frames.parquet,
clean/nvenc_qp18__cave_4.parquet,
clean/nvenc_qp18__cave_4__frames.parquet,
clean/nvenc_qp18__market_2.parquet,
clean/nvenc_qp18__market_2__frames.parquet,
clean/nvenc_qp18__market_5.parquet,
clean/nvenc_qp18__market_5__frames.parquet,
clean/nvenc_qp18__market_6.parquet,
clean/nvenc_qp18__market_6__frames.parquet,
clean/nvenc_qp18__mountain_1.parquet,
clean/nvenc_qp18__mountain_1__frames.parquet,
clean/nvenc_qp18__shaman_2.parquet,
clean/nvenc_qp18__shaman_2__frames.parquet,
clean/nvenc_qp18__shaman_3.parquet,
clean/nvenc_qp18__shaman_3__frames.parquet,
clean/nvenc_qp18__sleeping_1.parquet,
clean/nvenc_qp18__sleeping_1__frames.parquet,
clean/nvenc_qp18__sleeping_2.parquet,
clean/nvenc_qp18__sleeping_2__frames.parquet,
clean/nvenc_qp18__temple_2.parquet,
clean/nvenc_qp18__temple_2__frames.parquet,
clean/nvenc_qp18__temple_3.parquet,
clean/nvenc_qp18__temple_3__frames.parquet,
clean/nvenc_qp23__alley_1.parquet,
clean/nvenc_qp23__alley_1__frames.parquet,
clean/nvenc_qp23__alley_2.parquet,
clean/nvenc_qp23__alley_2__frames.parquet,
clean/nvenc_qp23__ambush_2.parquet,
clean/nvenc_qp23__ambush_2__frames.parquet,
clean/nvenc_qp23__ambush_4.parquet,
clean/nvenc_qp23__ambush_4__frames.parquet,
clean/nvenc_qp23__ambush_5.parquet,
clean/nvenc_qp23__ambush_5__frames.parquet,
clean/nvenc_qp23__ambush_6.parquet,
clean/nvenc_qp23__ambush_6__frames.parquet,
clean/nvenc_qp23__ambush_7.parquet,
clean/nvenc_qp23__ambush_7__frames.parquet,
clean/nvenc_qp23__bamboo_1.parquet,
clean/nvenc_qp23__bamboo_1__frames.parquet,
clean/nvenc_qp23__bamboo_2.parquet,
clean/nvenc_qp23__bamboo_2__frames.parquet,
clean/nvenc_qp23__bandage_1.parquet,
clean/nvenc_qp23__bandage_1__frames.parquet,
clean/nvenc_qp23__bandage_2.parquet,
clean/nvenc_qp23__bandage_2__frames.parquet,
clean/nvenc_qp23__cave_2.parquet,
clean/nvenc_qp23__cave_2__frames.parquet,
clean/nvenc_qp23__cave_4.parquet,
clean/nvenc_qp23__cave_4__frames.parquet,
clean/nvenc_qp23__market_2.parquet,
clean/nvenc_qp23__market_2__frames.parquet,
clean/nvenc_qp23__market_5.parquet,
clean/nvenc_qp23__market_5__frames.parquet,
clean/nvenc_qp23__market_6.parquet,
clean/nvenc_qp23__market_6__frames.parquet,
clean/nvenc_qp23__mountain_1.parquet,
clean/nvenc_qp23__mountain_1__frames.parquet,
clean/nvenc_qp23__shaman_2.parquet,
clean/nvenc_qp23__shaman_2__frames.parquet,
clean/nvenc_qp23__shaman_3.parquet,
clean/nvenc_qp23__shaman_3__frames.parquet,
clean/nvenc_qp23__sleeping_1.parquet,
clean/nvenc_qp23__sleeping_1__frames.parquet,
clean/nvenc_qp23__sleeping_2.parquet,
clean/nvenc_qp23__sleeping_2__frames.parquet,
clean/nvenc_qp23__temple_2.parquet,
clean/nvenc_qp23__temple_2__frames.parquet,
clean/nvenc_qp23__temple_3.parquet,
clean/nvenc_qp23__temple_3__frames.parquet,
clean/nvenc_qp28__alley_1.parquet,
clean/nvenc_qp28__alley_1__frames.parquet,
clean/nvenc_qp28__alley_2.parquet,
clean/nvenc_qp28__alley_2__frames.parquet,
clean/nvenc_qp28__ambush_2.parquet,
clean/nvenc_qp28__ambush_2__frames.parquet,
clean/nvenc_qp28__ambush_4.parquet,
clean/nvenc_qp28__ambush_4__frames.parquet,
clean/nvenc_qp28__ambush_5.parquet,
clean/nvenc_qp28__ambush_5__frames.parquet,
clean/nvenc_qp28__ambush_6.parquet,
clean/nvenc_qp28__ambush_6__frames.parquet,
clean/nvenc_qp28__ambush_7.parquet,
clean/nvenc_qp28__ambush_7__frames.parquet,
clean/nvenc_qp28__bamboo_1.parquet,
clean/nvenc_qp28__bamboo_1__frames.parquet,
clean/nvenc_qp28__bamboo_2.parquet,
clean/nvenc_qp28__bamboo_2__frames.parquet,
clean/nvenc_qp28__bandage_1.parquet,
clean/nvenc_qp28__bandage_1__frames.parquet,
clean/nvenc_qp28__bandage_2.parquet,
clean/nvenc_qp28__bandage_2__frames.parquet,
clean/nvenc_qp28__cave_2.parquet,
clean/nvenc_qp28__cave_2__frames.parquet,
clean/nvenc_qp28__cave_4.parquet,
clean/nvenc_qp28__cave_4__frames.parquet,
clean/nvenc_qp28__market_2.parquet,
clean/nvenc_qp28__market_2__frames.parquet,
clean/nvenc_qp28__market_5.parquet,
clean/nvenc_qp28__market_5__frames.parquet,
clean/nvenc_qp28__market_6.parquet,
clean/nvenc_qp28__market_6__frames.parquet,
clean/nvenc_qp28__mountain_1.parquet,
clean/nvenc_qp28__mountain_1__frames.parquet,
clean/nvenc_qp28__shaman_2.parquet,
clean/nvenc_qp28__shaman_2__frames.parquet,
clean/nvenc_qp28__shaman_3.parquet,
clean/nvenc_qp28__shaman_3__frames.parquet,
clean/nvenc_qp28__sleeping_1.parquet,
clean/nvenc_qp28__sleeping_1__frames.parquet,
clean/nvenc_qp28__sleeping_2.parquet,
clean/nvenc_qp28__sleeping_2__frames.parquet,
clean/nvenc_qp28__temple_2.parquet,
clean/nvenc_qp28__temple_2__frames.parquet,
clean/nvenc_qp28__temple_3.parquet,
clean/nvenc_qp28__temple_3__frames.parquet,
clean/nvenc_qp28_bf2_bqeq__alley_1.parquet,49
clean/nvenc_qp28_bf2_bqeq__alley_1__frames.parquet,49
clean/nvenc_qp28_bf2_bqeq__alley_2.parquet,49
clean/nvenc_qp28_bf2_bqeq__alley_2__frames.parquet,49
clean/nvenc_qp28_bf2_bqeq__ambush_2.parquet,
clean/nvenc_qp28_bf2_bqeq__ambush_2__frames.parquet,
clean/nvenc_qp28_bf2_bqeq__ambush_4.parquet,
clean/nvenc_qp28_bf2_bqeq__ambush_4__frames.parquet,
clean/nvenc_qp28_bf2_bqeq__ambush_5.parquet,49
clean/nvenc_qp28_bf2_bqeq__ambush_5__frames.parquet,49
clean/nvenc_qp28_bf2_bqeq__ambush_6.parquet,19
clean/nvenc_qp28_bf2_bqeq__ambush_6__frames.parquet,19
clean/nvenc_qp28_bf2_bqeq__ambush_7.parquet,49
clean/nvenc_qp28_bf2_bqeq__ambush_7__frames.parquet,49
clean/nvenc_qp28_bf2_bqeq__bamboo_1.parquet,49
clean/nvenc_qp28_bf2_bqeq__bamboo_1__frames.parquet,49
clean/nvenc_qp28_bf2_bqeq__bamboo_2.parquet,49
clean/nvenc_qp28_bf2_bqeq__bamboo_2__frames.parquet,49
clean/nvenc_qp28_bf2_bqeq__bandage_1.parquet,49
clean/nvenc_qp28_bf2_bqeq__bandage_1__frames.parquet,49
clean/nvenc_qp28_bf2_bqeq__bandage_2.parquet,
clean/nvenc_qp28_bf2_bqeq__bandage_2__frames.parquet,
clean/nvenc_qp28_bf2_bqeq__cave_2.parquet,49
clean/nvenc_qp28_bf2_bqeq__cave_2__frames.parquet,49
clean/nvenc_qp28_bf2_bqeq__cave_4.parquet,49
clean/nvenc_qp28_bf2_bqeq__cave_4__frames.parquet,49
clean/nvenc_qp28_bf2_bqeq__market_2.parquet,49
clean/nvenc_qp28_bf2_bqeq__market_2__frames.parquet,49
clean/nvenc_qp28_bf2_bqeq__market_5.parquet,49
clean/nvenc_qp28_bf2_bqeq__market_5__frames.parquet,49
clean/nvenc_qp28_bf2_bqeq__market_6.parquet,39
clean/nvenc_qp28_bf2_bqeq__market_6__frames.parquet,39
clean/nvenc_qp28_bf2_bqeq__mountain_1.parquet,49
clean/nvenc_qp28_bf2_bqeq__mountain_1__frames.parquet,49
clean/nvenc_qp28_bf2_bqeq__shaman_2.parquet,49
clean/nvenc_qp28_bf2_bqeq__shaman_2__frames.parquet,49
clean/nvenc_qp28_bf2_bqeq__shaman_3.parquet,49
clean/nvenc_qp28_bf2_bqeq__shaman_3__frames.parquet,49
clean/nvenc_qp28_bf2_bqeq__sleeping_1.parquet,
clean/nvenc_qp28_bf2_bqeq__sleeping_1__frames.parquet,
clean/nvenc_qp28_bf2_bqeq__sleeping_2.parquet,49
clean/nvenc_qp28_bf2_bqeq__sleeping_2__frames.parquet,49
clean/nvenc_qp28_bf2_bqeq__temple_2.parquet,49
clean/nvenc_qp28_bf2_bqeq__temple_2__frames.parquet,49
clean/nvenc_qp28_bf2_bqeq__temple_3.parquet,49
clean/nvenc_qp28_bf2_bqeq__temple_3__frames.parquet,49
clean/nvenc_qp33__alley_1.parquet,
clean/nvenc_qp33__alley_1__frames.parquet,
clean/nvenc_qp33__alley_2.parquet,
clean/nvenc_qp33__alley_2__frames.parquet,
clean/nvenc_qp33__ambush_2.parquet,
clean/nvenc_qp33__ambush_2__frames.parquet,
clean/nvenc_qp33__ambush_4.parquet,
clean/nvenc_qp33__ambush_4__frames.parquet,
clean/nvenc_qp33__ambush_5.parquet,
clean/nvenc_qp33__ambush_5__frames.parquet,
clean/nvenc_qp33__ambush_6.parquet,
clean/nvenc_qp33__ambush_6__frames.parquet,
clean/nvenc_qp33__ambush_7.parquet,
clean/nvenc_qp33__ambush_7__frames.parquet,
clean/nvenc_qp33__bamboo_1.parquet,
clean/nvenc_qp33__bamboo_1__frames.parquet,
clean/nvenc_qp33__bamboo_2.parquet,
clean/nvenc_qp33__bamboo_2__frames.parquet,
clean/nvenc_qp33__bandage_1.parquet,
clean/nvenc_qp33__bandage_1__frames.parquet,
clean/nvenc_qp33__bandage_2.parquet,
clean/nvenc_qp33__bandage_2__frames.parquet,
clean/nvenc_qp33__cave_2.parquet,
clean/nvenc_qp33__cave_2__frames.parquet,
clean/nvenc_qp33__cave_4.parquet,
clean/nvenc_qp33__cave_4__frames.parquet,
clean/nvenc_qp33__market_2.parquet,
clean/nvenc_qp33__market_2__frames.parquet,
clean/nvenc_qp33__market_5.parquet,
clean/nvenc_qp33__market_5__frames.parquet,
clean/nvenc_qp33__market_6.parquet,
clean/nvenc_qp33__market_6__frames.parquet,
clean/nvenc_qp33__mountain_1.parquet,
clean/nvenc_qp33__mountain_1__frames.parquet,
clean/nvenc_qp33__shaman_2.parquet,
clean/nvenc_qp33__shaman_2__frames.parquet,
clean/nvenc_qp33__shaman_3.parquet,
clean/nvenc_qp33__shaman_3__frames.parquet,
clean/nvenc_qp33__sleeping_1.parquet,
clean/nvenc_qp33__sleeping_1__frames.parquet,
clean/nvenc_qp33__sleeping_2.parquet,
clean/nvenc_qp33__sleeping_2__frames.parquet,
clean/nvenc_qp33__temple_2.parquet,
clean/nvenc_qp33__temple_2__frames.parquet,
clean/nvenc_qp33__temple_3.parquet,
clean/nvenc_qp33__temple_3__frames.parquet,
clean/nvenc_qp38__alley_1.parquet,
clean/nvenc_qp38__alley_1__frames.parquet,
clean/nvenc_qp38__alley_2.parquet,
clean/nvenc_qp38__alley_2__frames.parquet,
clean/nvenc_qp38__ambush_2.parquet,
clean/nvenc_qp38__ambush_2__frames.parquet,
clean/nvenc_qp38__ambush_4.parquet,
clean/nvenc_qp38__ambush_4__frames.parquet,
clean/nvenc_qp38__ambush_5.parquet,
clean/nvenc_qp38__ambush_5__frames.parquet,
clean/nvenc_qp38__ambush_6.parquet,
clean/nvenc_qp38__ambush_6__frames.parquet,
clean/nvenc_qp38__ambush_7.parquet,
clean/nvenc_qp38__ambush_7__frames.parquet,
clean/nvenc_qp38__bamboo_1.parquet,
clean/nvenc_qp38__bamboo_1__frames.parquet,
clean/nvenc_qp38__bamboo_2.parquet,
clean/nvenc_qp38__bamboo_2__frames.parquet,
clean/nvenc_qp38__bandage_1.parquet,
clean/nvenc_qp38__bandage_1__frames.parquet,
clean/nvenc_qp38__bandage_2.parquet,
clean/nvenc_qp38__bandage_2__frames.parquet,
clean/nvenc_qp38__cave_2.parquet,
clean/nvenc_qp38__cave_2__frames.parquet,
clean/nvenc_qp38__cave_4.parquet,
clean/nvenc_qp38__cave_4__frames.parquet,
clean/nvenc_qp38__market_2.parquet,
clean/nvenc_qp38__market_2__frames.parquet,
clean/nvenc_qp38__market_5.parquet,
clean/nvenc_qp38__market_5__frames.parquet,
clean/nvenc_qp38__market_6.parquet,
clean/nvenc_qp38__market_6__frames.parquet,
clean/nvenc_qp38__mountain_1.parquet,
clean/nvenc_qp38__mountain_1__frames.parquet,
clean/nvenc_qp38__shaman_2.parquet,
clean/nvenc_qp38__shaman_2__frames.parquet,
clean/nvenc_qp38__shaman_3.parquet,
clean/nvenc_qp38__shaman_3__frames.parquet,
clean/nvenc_qp38__sleeping_1.parquet,
clean/nvenc_qp38__sleeping_1__frames.parquet,
clean/nvenc_qp38__sleeping_2.parquet,
clean/nvenc_qp38__sleeping_2__frames.parquet,
clean/nvenc_qp38__temple_2.parquet,
clean/nvenc_qp38__temple_2__frames.parquet,
clean/nvenc_qp38__temple_3.parquet,
clean/nvenc_qp38__temple_3__frames.parquet,
clean/nvenc_qp45__alley_1.parquet,
clean/nvenc_qp45__alley_1__frames.parquet,
clean/nvenc_qp45__alley_2.parquet,
clean/nvenc_qp45__alley_2__frames.parquet,
clean/nvenc_qp45__ambush_2.parquet,
clean/nvenc_qp45__ambush_2__frames.parquet,
clean/nvenc_qp45__ambush_4.parquet,
clean/nvenc_qp45__ambush_4__frames.parquet,
clean/nvenc_qp45__ambush_5.parquet,
clean/nvenc_qp45__ambush_5__frames.parquet,
clean/nvenc_qp45__ambush_6.parquet,
clean/nvenc_qp45__ambush_6__frames.parquet,
clean/nvenc_qp45__ambush_7.parquet,
clean/nvenc_qp45__ambush_7__frames.parquet,
clean/nvenc_qp45__bamboo_1.parquet,
clean/nvenc_qp45__bamboo_1__frames.parquet,
clean/nvenc_qp45__bamboo_2.parquet,
clean/nvenc_qp45__bamboo_2__frames.parquet,
clean/nvenc_qp45__bandage_1.parquet,
clean/nvenc_qp45__bandage_1__frames.parquet,
clean/nvenc_qp45__bandage_2.parquet,
clean/nvenc_qp45__bandage_2__frames.parquet,
clean/nvenc_qp45__cave_2.parquet,
clean/nvenc_qp45__cave_2__frames.parquet,
clean/nvenc_qp45__cave_4.parquet,
clean/nvenc_qp45__cave_4__frames.parquet,
clean/nvenc_qp45__market_2.parquet,
clean/nvenc_qp45__market_2__frames.parquet,
clean/nvenc_qp45__market_5.parquet,
clean/nvenc_qp45__market_5__frames.parquet,
clean/nvenc_qp45__market_6.parquet,
clean/nvenc_qp45__market_6__frames.parquet,
clean/nvenc_qp45__mountain_1.parquet,
clean/nvenc_qp45__mountain_1__frames.parquet,
clean/nvenc_qp45__shaman_2.parquet,
clean/nvenc_qp45__shaman_2__frames.parquet,
clean/nvenc_qp45__shaman_3.parquet,
clean/nvenc_qp45__shaman_3__frames.parquet,
clean/nvenc_qp45__sleeping_1.parquet,
clean/nvenc_qp45__sleeping_1__frames.parquet,
clean/nvenc_qp45__sleeping_2.parquet,
clean/nvenc_qp45__sleeping_2__frames.parquet,
clean/nvenc_qp45__temple_2.parquet,
clean/nvenc_qp45__temple_2__frames.parquet,
clean/nvenc_qp45__temple_3.parquet,
clean/nvenc_qp45__temple_3__frames.parquet,
clean/x264_crf12__alley_1.parquet,
clean/x264_crf12__alley_1__frames.parquet,
clean/x264_crf12__alley_2.parquet,
clean/x264_crf12__alley_2__frames.parquet,
clean/x264_crf12__ambush_2.parquet,
clean/x264_crf12__ambush_2__frames.parquet,
clean/x264_crf12__ambush_4.parquet,
clean/x264_crf12__ambush_4__frames.parquet,
clean/x264_crf12__ambush_5.parquet,
clean/x264_crf12__ambush_5__frames.parquet,
clean/x264_crf12__ambush_6.parquet,
clean/x264_crf12__ambush_6__frames.parquet,
clean/x264_crf12__ambush_7.parquet,
clean/x264_crf12__ambush_7__frames.parquet,
clean/x264_crf12__bamboo_1.parquet,
clean/x264_crf12__bamboo_1__frames.parquet,
clean/x264_crf12__bamboo_2.parquet,
clean/x264_crf12__bamboo_2__frames.parquet,
clean/x264_crf12__bandage_1.parquet,
clean/x264_crf12__bandage_1__frames.parquet,
clean/x264_crf12__bandage_2.parquet,
clean/x264_crf12__bandage_2__frames.parquet,
clean/x264_crf12__cave_2.parquet,
clean/x264_crf12__cave_2__frames.parquet,
clean/x264_crf12__cave_4.parquet,
clean/x264_crf12__cave_4__frames.parquet,
clean/x264_crf12__market_2.parquet,
clean/x264_crf12__market_2__frames.parquet,
clean/x264_crf12__market_5.parquet,
clean/x264_crf12__market_5__frames.parquet,
clean/x264_crf12__market_6.parquet,
clean/x264_crf12__market_6__frames.parquet,
clean/x264_crf12__mountain_1.parquet,
clean/x264_crf12__mountain_1__frames.parquet,
clean/x264_crf12__shaman_2.parquet,
clean/x264_crf12__shaman_2__frames.parquet,
clean/x264_crf12__shaman_3.parquet,
clean/x264_crf12__shaman_3__frames.parquet,
clean/x264_crf12__sleeping_1.parquet,
clean/x264_crf12__sleeping_1__frames.parquet,
clean/x264_crf12__sleeping_2.parquet,
clean/x264_crf12__sleeping_2__frames.parquet,
clean/x264_crf12__temple_2.parquet,
clean/x264_crf12__temple_2__frames.parquet,
clean/x264_crf12__temple_3.parquet,
clean/x264_crf12__temple_3__frames.parquet,
clean/x264_crf18__alley_1.parquet,
clean/x264_crf18__alley_1__frames.parquet,
clean/x264_crf18__alley_2.parquet,
clean/x264_crf18__alley_2__frames.parquet,
clean/x264_crf18__ambush_2.parquet,
clean/x264_crf18__ambush_2__frames.parquet,
clean/x264_crf18__ambush_4.parquet,
clean/x264_crf18__ambush_4__frames.parquet,
clean/x264_crf18__ambush_5.parquet,
clean/x264_crf18__ambush_5__frames.parquet,
clean/x264_crf18__ambush_6.parquet,
clean/x264_crf18__ambush_6__frames.parquet,
clean/x264_crf18__ambush_7.parquet,
clean/x264_crf18__ambush_7__frames.parquet,
clean/x264_crf18__bamboo_1.parquet,
clean/x264_crf18__bamboo_1__frames.parquet,
clean/x264_crf18__bamboo_2.parquet,
clean/x264_crf18__bamboo_2__frames.parquet,
clean/x264_crf18__bandage_1.parquet,
clean/x264_crf18__bandage_1__frames.parquet,
clean/x264_crf18__bandage_2.parquet,
clean/x264_crf18__bandage_2__frames.parquet,
clean/x264_crf18__cave_2.parquet,
clean/x264_crf18__cave_2__frames.parquet,
clean/x264_crf18__cave_4.parquet,
clean/x264_crf18__cave_4__frames.parquet,
clean/x264_crf18__market_2.parquet,
clean/x264_crf18__market_2__frames.parquet,
clean/x264_crf18__market_5.parquet,
clean/x264_crf18__market_5__frames.parquet,
clean/x264_crf18__market_6.parquet,
clean/x264_crf18__market_6__frames.parquet,
clean/x264_crf18__mountain_1.parquet,
clean/x264_crf18__mountain_1__frames.parquet,
clean/x264_crf18__shaman_2.parquet,
clean/x264_crf18__shaman_2__frames.parquet,
clean/x264_crf18__shaman_3.parquet,
clean/x264_crf18__shaman_3__frames.parquet,
clean/x264_crf18__sleeping_1.parquet,
clean/x264_crf18__sleeping_1__frames.parquet,
clean/x264_crf18__sleeping_2.parquet,
clean/x264_crf18__sleeping_2__frames.parquet,
clean/x264_crf18__temple_2.parquet,
clean/x264_crf18__temple_2__frames.parquet,
clean/x264_crf18__temple_3.parquet,
clean/x264_crf18__temple_3__frames.parquet,
clean/x264_crf23__alley_1.parquet,
clean/x264_crf23__alley_1__frames.parquet,
clean/x264_crf23__alley_2.parquet,
clean/x264_crf23__alley_2__frames.parquet,
clean/x264_crf23__ambush_2.parquet,
clean/x264_crf23__ambush_2__frames.parquet,
clean/x264_crf23__ambush_4.parquet,
clean/x264_crf23__ambush_4__frames.parquet,
clean/x264_crf23__ambush_5.parquet,
clean/x264_crf23__ambush_5__frames.parquet,
clean/x264_crf23__ambush_6.parquet,
clean/x264_crf23__ambush_6__frames.parquet,
clean/x264_crf23__ambush_7.parquet,
clean/x264_crf23__ambush_7__frames.parquet,
clean/x264_crf23__bamboo_1.parquet,
clean/x264_crf23__bamboo_1__frames.parquet,
clean/x264_crf23__bamboo_2.parquet,
clean/x264_crf23__bamboo_2__frames.parquet,
clean/x264_crf23__bandage_1.parquet,
clean/x264_crf23__bandage_1__frames.parquet,
clean/x264_crf23__bandage_2.parquet,
clean/x264_crf23__bandage_2__frames.parquet,
clean/x264_crf23__cave_2.parquet,
clean/x264_crf23__cave_2__frames.parquet,
clean/x264_crf23__cave_4.parquet,
clean/x264_crf23__cave_4__frames.parquet,
clean/x264_crf23__market_2.parquet,
clean/x264_crf23__market_2__frames.parquet,
clean/x264_crf23__market_5.parquet,
clean/x264_crf23__market_5__frames.parquet,
clean/x264_crf23__market_6.parquet,
clean/x264_crf23__market_6__frames.parquet,
clean/x264_crf23__mountain_1.parquet,
clean/x264_crf23__mountain_1__frames.parquet,
clean/x264_crf23__shaman_2.parquet,
clean/x264_crf23__shaman_2__frames.parquet,
clean/x264_crf23__shaman_3.parquet,
clean/x264_crf23__shaman_3__frames.parquet,
clean/x264_crf23__sleeping_1.parquet,
clean/x264_crf23__sleeping_1__frames.parquet,
clean/x264_crf23__sleeping_2.parquet,
clean/x264_crf23__sleeping_2__frames.parquet,
clean/x264_crf23__temple_2.parquet,
clean/x264_crf23__temple_2__frames.parquet,
clean/x264_crf23__temple_3.parquet,
clean/x264_crf23__temple_3__frames.parquet,
clean/x264_crf28__alley_1.parquet,
clean/x264_crf28__alley_1__frames.parquet,
clean/x264_crf28__alley_2.parquet,
clean/x264_crf28__alley_2__frames.parquet,
clean/x264_crf28__ambush_2.parquet,
clean/x264_crf28__ambush_2__frames.parquet,
clean/x264_crf28__ambush_4.parquet,
clean/x264_crf28__ambush_4__frames.parquet,
clean/x264_crf28__ambush_5.parquet,
clean/x264_crf28__ambush_5__frames.parquet,
clean/x264_crf28__ambush_6.parquet,
clean/x264_crf28__ambush_6__frames.parquet,
clean/x264_crf28__ambush_7.parquet,
clean/x264_crf28__ambush_7__frames.parquet,
clean/x264_crf28__bamboo_1.parquet,
clean/x264_crf28__bamboo_1__frames.parquet,
clean/x264_crf28__bamboo_2.parquet,
clean/x264_crf28__bamboo_2__frames.parquet,
clean/x264_crf28__bandage_1.parquet,
clean/x264_crf28__bandage_1__frames.parquet,
clean/x264_crf28__bandage_2.parquet,
clean/x264_crf28__bandage_2__frames.parquet,
clean/x264_crf28__cave_2.parquet,
clean/x264_crf28__cave_2__frames.parquet,
clean/x264_crf28__cave_4.parquet,
clean/x264_crf28__cave_4__frames.parquet,
clean/x264_crf28__market_2.parquet,
clean/x264_crf28__market_2__frames.parquet,
clean/x264_crf28__market_5.parquet,
clean/x264_crf28__market_5__frames.parquet,
clean/x264_crf28__market_6.parquet,
clean/x264_crf28__market_6__frames.parquet,
clean/x264_crf28__mountain_1.parquet,
clean/x264_crf28__mountain_1__frames.parquet,
clean/x264_crf28__shaman_2.parquet,
clean/x264_crf28__shaman_2__frames.parquet,
clean/x264_crf28__shaman_3.parquet,
clean/x264_crf28__shaman_3__frames.parquet,
clean/x264_crf28__sleeping_1.parquet,
clean/x264_crf28__sleeping_1__frames.parquet,
clean/x264_crf28__sleeping_2.parquet,
clean/x264_crf28__sleeping_2__frames.parquet,
clean/x264_crf28__temple_2.parquet,
clean/x264_crf28__temple_2__frames.parquet,
clean/x264_crf28__temple_3.parquet,
clean/x264_crf28__temple_3__frames.parquet,
clean/x264_crf33__alley_1.parquet,
clean/x264_crf33__alley_1__frames.parquet,
clean/x264_crf33__alley_2.parquet,
clean/x264_crf33__alley_2__frames.parquet,
clean/x264_crf33__ambush_2.parquet,
clean/x264_crf33__ambush_2__frames.parquet,
clean/x264_crf33__ambush_4.parquet,
clean/x264_crf33__ambush_4__frames.parquet,
clean/x264_crf33__ambush_5.parquet,
clean/x264_crf33__ambush_5__frames.parquet,
clean/x264_crf33__ambush_6.parquet,
clean/x264_crf33__ambush_6__frames.parquet,
clean/x264_crf33__ambush_7.parquet,
clean/x264_crf33__ambush_7__frames.parquet,
clean/x264_crf33__bamboo_1.parquet,
clean/x264_crf33__bamboo_1__frames.parquet,
clean/x264_crf33__bamboo_2.parquet,
clean/x264_crf33__bamboo_2__frames.parquet,
clean/x264_crf33__bandage_1.parquet,
clean/x264_crf33__bandage_1__frames.parquet,
clean/x264_crf33__bandage_2.parquet,
clean/x264_crf33__bandage_2__frames.parquet,
clean/x264_crf33__cave_2.parquet,
clean/x264_crf33__cave_2__frames.parquet,
clean/x264_crf33__cave_4.parquet,
clean/x264_crf33__cave_4__frames.parquet,
clean/x264_crf33__market_2.parquet,
clean/x264_crf33__market_2__frames.parquet,
clean/x264_crf33__market_5.parquet,
clean/x264_crf33__market_5__frames.parquet,
clean/x264_crf33__market_6.parquet,
clean/x264_crf33__market_6__frames.parquet,
clean/x264_crf33__mountain_1.parquet,
clean/x264_crf33__mountain_1__frames.parquet,
clean/x264_crf33__shaman_2.parquet,
clean/x264_crf33__shaman_2__frames.parquet,
clean/x264_crf33__shaman_3.parquet,
clean/x264_crf33__shaman_3__frames.parquet,
clean/x264_crf33__sleeping_1.parquet,
clean/x264_crf33__sleeping_1__frames.parquet,
clean/x264_crf33__sleeping_2.parquet,
clean/x264_crf33__sleeping_2__frames.parquet,
clean/x264_crf33__temple_2.parquet,
clean/x264_crf33__temple_2__frames.parquet,
clean/x264_crf33__temple_3.parquet,
clean/x264_crf33__temple_3__frames.parquet,
clean/x264_crf38__alley_1.parquet,
clean/x264_crf38__alley_1__frames.parquet,
clean/x264_crf38__alley_2.parquet,
clean/x264_crf38__alley_2__frames.parquet,
clean/x264_crf38__ambush_2.parquet,
clean/x264_crf38__ambush_2__frames.parquet,
clean/x264_crf38__ambush_4.parquet,
clean/x264_crf38__ambush_4__frames.parquet,
clean/x264_crf38__ambush_5.parquet,
clean/x264_crf38__ambush_5__frames.parquet,
clean/x264_crf38__ambush_6.parquet,
clean/x264_crf38__ambush_6__frames.parquet,
clean/x264_crf38__ambush_7.parquet,
clean/x264_crf38__ambush_7__frames.parquet,
clean/x264_crf38__bamboo_1.parquet,
clean/x264_crf38__bamboo_1__frames.parquet,
clean/x264_crf38__bamboo_2.parquet,
clean/x264_crf38__bamboo_2__frames.parquet,
clean/x264_crf38__bandage_1.parquet,
clean/x264_crf38__bandage_1__frames.parquet,
clean/x264_crf38__bandage_2.parquet,
clean/x264_crf38__bandage_2__frames.parquet,
clean/x264_crf38__cave_2.parquet,
clean/x264_crf38__cave_2__frames.parquet,
clean/x264_crf38__cave_4.parquet,
clean/x264_crf38__cave_4__frames.parquet,
clean/x264_crf38__market_2.parquet,
clean/x264_crf38__market_2__frames.parquet,
clean/x264_crf38__market_5.parquet,
clean/x264_crf38__market_5__frames.parquet,
clean/x264_crf38__market_6.parquet,
clean/x264_crf38__market_6__frames.parquet,
clean/x264_crf38__mountain_1.parquet,
clean/x264_crf38__mountain_1__frames.parquet,
clean/x264_crf38__shaman_2.parquet,
clean/x264_crf38__shaman_2__frames.parquet,
clean/x264_crf38__shaman_3.parquet,
clean/x264_crf38__shaman_3__frames.parquet,
clean/x264_crf38__sleeping_1.parquet,
clean/x264_crf38__sleeping_1__frames.parquet,
clean/x264_crf38__sleeping_2.parquet,
clean/x264_crf38__sleeping_2__frames.parquet,
clean/x264_crf38__temple_2.parquet,
clean/x264_crf38__temple_2__frames.parquet,
clean/x264_crf38__temple_3.parquet,
clean/x264_crf38__temple_3__frames.parquet,
clean/x264_crf45__alley_1.parquet,
clean/x264_crf45__alley_1__frames.parquet,
clean/x264_crf45__alley_2.parquet,
clean/x264_crf45__alley_2__frames.parquet,
clean/x264_crf45__ambush_2.parquet,
clean/x264_crf45__ambush_2__frames.parquet,
clean/x264_crf45__ambush_4.parquet,
clean/x264_crf45__ambush_4__frames.parquet,
clean/x264_crf45__ambush_5.parquet,
clean/x264_crf45__ambush_5__frames.parquet,
clean/x264_crf45__ambush_6.parquet,
clean/x264_crf45__ambush_6__frames.parquet,
clean/x264_crf45__ambush_7.parquet,
clean/x264_crf45__ambush_7__frames.parquet,
clean/x264_crf45__bamboo_1.parquet,
clean/x264_crf45__bamboo_1__frames.parquet,
clean/x264_crf45__bamboo_2.parquet,
clean/x264_crf45__bamboo_2__frames.parquet,
clean/x264_crf45__bandage_1.parquet,
clean/x264_crf45__bandage_1__frames.parquet,
clean/x264_crf45__bandage_2.parquet,
clean/x264_crf45__bandage_2__frames.parquet,
clean/x264_crf45__cave_2.parquet,
clean/x264_crf45__cave_2__frames.parquet,
clean/x264_crf45__cave_4.parquet,
clean/x264_crf45__cave_4__frames.parquet,
clean/x264_crf45__market_2.parquet,
clean/x264_crf45__market_2__frames.parquet,
clean/x264_crf45__market_5.parquet,
clean/x264_crf45__market_5__frames.parquet,
clean/x264_crf45__market_6.parquet,
clean/x264_crf45__market_6__frames.parquet,
clean/x264_crf45__mountain_1.parquet,
clean/x264_crf45__mountain_1__frames.parquet,
clean/x264_crf45__shaman_2.parquet,
clean/x264_crf45__shaman_2__frames.parquet,
clean/x264_crf45__shaman_3.parquet,
clean/x264_crf45__shaman_3__frames.parquet,
clean/x264_crf45__sleeping_1.parquet,
clean/x264_crf45__sleeping_1__frames.parquet,
clean/x264_crf45__sleeping_2.parquet,
clean/x264_crf45__sleeping_2__frames.parquet,
clean/x264_crf45__temple_2.parquet,
clean/x264_crf45__temple_2__frames.parquet,
clean/x264_crf45__temple_3.parquet,
clean/x264_crf45__temple_3__frames.parquet,
clean/x264_qp24__alley_1.parquet,
clean/x264_qp24__alley_1__frames.parquet,
clean/x264_qp24__alley_2.parquet,
clean/x264_qp24__alley_2__frames.parquet,
clean/x264_qp24__ambush_2.parquet,
clean/x264_qp24__ambush_2__frames.parquet,
clean/x264_qp24__ambush_4.parquet,
clean/x264_qp24__ambush_4__frames.parquet,
clean/x264_qp24__ambush_5.parquet,
clean/x264_qp24__ambush_5__frames.parquet,
clean/x264_qp24__ambush_6.parquet,
clean/x264_qp24__ambush_6__frames.parquet,
clean/x264_qp24__ambush_7.parquet,
clean/x264_qp24__ambush_7__frames.parquet,
clean/x264_qp24__bamboo_1.parquet,
clean/x264_qp24__bamboo_1__frames.parquet,
clean/x264_qp24__bamboo_2.parquet,
clean/x264_qp24__bamboo_2__frames.parquet,
clean/x264_qp24__bandage_1.parquet,
clean/x264_qp24__bandage_1__frames.parquet,
clean/x264_qp24__bandage_2.parquet,
clean/x264_qp24__bandage_2__frames.parquet,
clean/x264_qp24__cave_2.parquet,
clean/x264_qp24__cave_2__frames.parquet,
clean/x264_qp24__cave_4.parquet,
clean/x264_qp24__cave_4__frames.parquet,
clean/x264_qp24__market_2.parquet,
clean/x264_qp24__market_2__frames.parquet,
clean/x264_qp24__market_5.parquet,
clean/x264_qp24__market_5__frames.parquet,
clean/x264_qp24__market_6.parquet,
clean/x264_qp24__market_6__frames.parquet,
clean/x264_qp24__mountain_1.parquet,
clean/x264_qp24__mountain_1__frames.parquet,
clean/x264_qp24__shaman_2.parquet,
clean/x264_qp24__shaman_2__frames.parquet,
clean/x264_qp24__shaman_3.parquet,
clean/x264_qp24__shaman_3__frames.parquet,
clean/x264_qp24__sleeping_1.parquet,
clean/x264_qp24__sleeping_1__frames.parquet,
clean/x264_qp24__sleeping_2.parquet,
clean/x264_qp24__sleeping_2__frames.parquet,
clean/x264_qp24__temple_2.parquet,
clean/x264_qp24__temple_2__frames.parquet,
clean/x264_qp24__temple_3.parquet,
clean/x264_qp24__temple_3__frames.parquet,
clean/x264_qp24_bf2_pb1__alley_1.parquet,49
clean/x264_qp24_bf2_pb1__alley_1__frames.parquet,49
clean/x264_qp24_bf2_pb1__alley_2.parquet,49
clean/x264_qp24_bf2_pb1__alley_2__frames.parquet,49
clean/x264_qp24_bf2_pb1__ambush_2.parquet,
clean/x264_qp24_bf2_pb1__ambush_2__frames.parquet,
clean/x264_qp24_bf2_pb1__ambush_4.parquet,32
clean/x264_qp24_bf2_pb1__ambush_4__frames.parquet,32
clean/x264_qp24_bf2_pb1__ambush_5.parquet,49
clean/x264_qp24_bf2_pb1__ambush_5__frames.parquet,49
clean/x264_qp24_bf2_pb1__ambush_6.parquet,19
clean/x264_qp24_bf2_pb1__ambush_6__frames.parquet,19
clean/x264_qp24_bf2_pb1__ambush_7.parquet,49
clean/x264_qp24_bf2_pb1__ambush_7__frames.parquet,49
clean/x264_qp24_bf2_pb1__bamboo_1.parquet,49
clean/x264_qp24_bf2_pb1__bamboo_1__frames.parquet,49
clean/x264_qp24_bf2_pb1__bamboo_2.parquet,49
clean/x264_qp24_bf2_pb1__bamboo_2__frames.parquet,49
clean/x264_qp24_bf2_pb1__bandage_1.parquet,49
clean/x264_qp24_bf2_pb1__bandage_1__frames.parquet,49
clean/x264_qp24_bf2_pb1__bandage_2.parquet,49
clean/x264_qp24_bf2_pb1__bandage_2__frames.parquet,49
clean/x264_qp24_bf2_pb1__cave_2.parquet,49
clean/x264_qp24_bf2_pb1__cave_2__frames.parquet,49
clean/x264_qp24_bf2_pb1__cave_4.parquet,49
clean/x264_qp24_bf2_pb1__cave_4__frames.parquet,49
clean/x264_qp24_bf2_pb1__market_2.parquet,49
clean/x264_qp24_bf2_pb1__market_2__frames.parquet,49
clean/x264_qp24_bf2_pb1__market_5.parquet,49
clean/x264_qp24_bf2_pb1__market_5__frames.parquet,49
clean/x264_qp24_bf2_pb1__market_6.parquet,39
clean/x264_qp24_bf2_pb1__market_6__frames.parquet,39
clean/x264_qp24_bf2_pb1__mountain_1.parquet,49
clean/x264_qp24_bf2_pb1__mountain_1__frames.parquet,49
clean/x264_qp24_bf2_pb1__shaman_2.parquet,49
clean/x264_qp24_bf2_pb1__shaman_2__frames.parquet,49
clean/x264_qp24_bf2_pb1__shaman_3.parquet,49
clean/x264_qp24_bf2_pb1__shaman_3__frames.parquet,49
clean/x264_qp24_bf2_pb1__sleeping_1.parquet,49
clean/x264_qp24_bf2_pb1__sleeping_1__frames.parquet,49
clean/x264_qp24_bf2_pb1__sleeping_2.parquet,49
clean/x264_qp24_bf2_pb1__sleeping_2__frames.parquet,49
clean/x264_qp24_bf2_pb1__temple_2.parquet,49
clean/x264_qp24_bf2_pb1__temple_2__frames.parquet,49
clean/x264_qp24_bf2_pb1__temple_3.parquet,49
clean/x264_qp24_bf2_pb1__temple_3__frames.parquet,49
final/mpeg4_q16__alley_1.parquet,
final/mpeg4_q16__alley_1__frames.parquet,
final/mpeg4_q16__alley_2.parquet,
final/mpeg4_q16__alley_2__frames.parquet,
final/mpeg4_q16__ambush_2.parquet,
final/mpeg4_q16__ambush_2__frames.parquet,
final/mpeg4_q16__ambush_4.parquet,
final/mpeg4_q16__ambush_4__frames.parquet,
final/mpeg4_q16__ambush_5.parquet,
final/mpeg4_q16__ambush_5__frames.parquet,
final/mpeg4_q16__ambush_6.parquet,
final/mpeg4_q16__ambush_6__frames.parquet,
final/mpeg4_q16__ambush_7.parquet,
final/mpeg4_q16__ambush_7__frames.parquet,
final/mpeg4_q16__bamboo_1.parquet,
final/mpeg4_q16__bamboo_1__frames.parquet,
final/mpeg4_q16__bamboo_2.parquet,
final/mpeg4_q16__bamboo_2__frames.parquet,
final/mpeg4_q16__bandage_1.parquet,
final/mpeg4_q16__bandage_1__frames.parquet,
final/mpeg4_q16__bandage_2.parquet,
final/mpeg4_q16__bandage_2__frames.parquet,
final/mpeg4_q16__cave_2.parquet,
final/mpeg4_q16__cave_2__frames.parquet,
final/mpeg4_q16__cave_4.parquet,
final/mpeg4_q16__cave_4__frames.parquet,
final/mpeg4_q16__market_2.parquet,
final/mpeg4_q16__market_2__frames.parquet,
final/mpeg4_q16__market_5.parquet,
final/mpeg4_q16__market_5__frames.parquet,
final/mpeg4_q16__market_6.parquet,
final/mpeg4_q16__market_6__frames.parquet,
final/mpeg4_q16__mountain_1.parquet,
final/mpeg4_q16__mountain_1__frames.parquet,
final/mpeg4_q16__shaman_2.parquet,
final/mpeg4_q16__shaman_2__frames.parquet,
final/mpeg4_q16__shaman_3.parquet,
final/mpeg4_q16__shaman_3__frames.parquet,
final/mpeg4_q16__sleeping_1.parquet,
final/mpeg4_q16__sleeping_1__frames.parquet,
final/mpeg4_q16__sleeping_2.parquet,
final/mpeg4_q16__sleeping_2__frames.parquet,
final/mpeg4_q16__temple_2.parquet,
final/mpeg4_q16__temple_2__frames.parquet,
final/mpeg4_q16__temple_3.parquet,
final/mpeg4_q16__temple_3__frames.parquet,
final/mpeg4_q2__alley_1.parquet,
final/mpeg4_q2__alley_1__frames.parquet,
final/mpeg4_q2__alley_2.parquet,
final/mpeg4_q2__alley_2__frames.parquet,
final/mpeg4_q2__ambush_2.parquet,
final/mpeg4_q2__ambush_2__frames.parquet,
final/mpeg4_q2__ambush_4.parquet,
final/mpeg4_q2__ambush_4__frames.parquet,
final/mpeg4_q2__ambush_5.parquet,
final/mpeg4_q2__ambush_5__frames.parquet,
final/mpeg4_q2__ambush_6.parquet,
final/mpeg4_q2__ambush_6__frames.parquet,
final/mpeg4_q2__ambush_7.parquet,
final/mpeg4_q2__ambush_7__frames.parquet,
final/mpeg4_q2__bamboo_1.parquet,
final/mpeg4_q2__bamboo_1__frames.parquet,
final/mpeg4_q2__bamboo_2.parquet,
final/mpeg4_q2__bamboo_2__frames.parquet,
final/mpeg4_q2__bandage_1.parquet,
final/mpeg4_q2__bandage_1__frames.parquet,
final/mpeg4_q2__bandage_2.parquet,
final/mpeg4_q2__bandage_2__frames.parquet,
final/mpeg4_q2__cave_2.parquet,
final/mpeg4_q2__cave_2__frames.parquet,
final/mpeg4_q2__cave_4.parquet,
final/mpeg4_q2__cave_4__frames.parquet,
final/mpeg4_q2__market_2.parquet,
final/mpeg4_q2__market_2__frames.parquet,
final/mpeg4_q2__market_5.parquet,
final/mpeg4_q2__market_5__frames.parquet,
final/mpeg4_q2__market_6.parquet,
final/mpeg4_q2__market_6__frames.parquet,
final/mpeg4_q2__mountain_1.parquet,
final/mpeg4_q2__mountain_1__frames.parquet,
final/mpeg4_q2__shaman_2.parquet,
final/mpeg4_q2__shaman_2__frames.parquet,
final/mpeg4_q2__shaman_3.parquet,
final/mpeg4_q2__shaman_3__frames.parquet,
final/mpeg4_q2__sleeping_1.parquet,
final/mpeg4_q2__sleeping_1__frames.parquet,
final/mpeg4_q2__sleeping_2.parquet,
final/mpeg4_q2__sleeping_2__frames.parquet,
final/mpeg4_q2__temple_2.parquet,
final/mpeg4_q2__temple_2__frames.parquet,
final/mpeg4_q2__temple_3.parquet,
final/mpeg4_q2__temple_3__frames.parquet,
final/mpeg4_q31__alley_1.parquet,
final/mpeg4_q31__alley_1__frames.parquet,
final/mpeg4_q31__alley_2.parquet,
final/mpeg4_q31__alley_2__frames.parquet,
final/mpeg4_q31__ambush_2.parquet,
final/mpeg4_q31__ambush_2__frames.parquet,
final/mpeg4_q31__ambush_4.parquet,
final/mpeg4_q31__ambush_4__frames.parquet,
final/mpeg4_q31__ambush_5.parquet,
final/mpeg4_q31__ambush_5__frames.parquet,
final/mpeg4_q31__ambush_6.parquet,
final/mpeg4_q31__ambush_6__frames.parquet,
final/mpeg4_q31__ambush_7.parquet,
final/mpeg4_q31__ambush_7__frames.parquet,
final/mpeg4_q31__bamboo_1.parquet,
final/mpeg4_q31__bamboo_1__frames.parquet,
final/mpeg4_q31__bamboo_2.parquet,
final/mpeg4_q31__bamboo_2__frames.parquet,
final/mpeg4_q31__bandage_1.parquet,
final/mpeg4_q31__bandage_1__frames.parquet,
final/mpeg4_q31__bandage_2.parquet,
final/mpeg4_q31__bandage_2__frames.parquet,
final/mpeg4_q31__cave_2.parquet,
final/mpeg4_q31__cave_2__frames.parquet,
final/mpeg4_q31__cave_4.parquet,
final/mpeg4_q31__cave_4__frames.parquet,
final/mpeg4_q31__market_2.parquet,
final/mpeg4_q31__market_2__frames.parquet,
final/mpeg4_q31__market_5.parquet,
final/mpeg4_q31__market_5__frames.parquet,
final/mpeg4_q31__market_6.parquet,
final/mpeg4_q31__market_6__frames.parquet,
final/mpeg4_q31__mountain_1.parquet,
final/mpeg4_q31__mountain_1__frames.parquet,
final/mpeg4_q31__shaman_2.parquet,
final/mpeg4_q31__shaman_2__frames.parquet,
final/mpeg4_q31__shaman_3.parquet,
final/mpeg4_q31__shaman_3__frames.parquet,
final/mpeg4_q31__sleeping_1.parquet,
final/mpeg4_q31__sleeping_1__frames.parquet,
final/mpeg4_q31__sleeping_2.parquet,
final/mpeg4_q31__sleeping_2__frames.parquet,
final/mpeg4_q31__temple_2.parquet,
final/mpeg4_q31__temple_2__frames.parquet,
final/mpeg4_q31__temple_3.parquet,
final/mpeg4_q31__temple_3__frames.parquet,
final/mpeg4_q4__alley_1.parquet,
final/mpeg4_q4__alley_1__frames.parquet,
final/mpeg4_q4__alley_2.parquet,
final/mpeg4_q4__alley_2__frames.parquet,
final/mpeg4_q4__ambush_2.parquet,
final/mpeg4_q4__ambush_2__frames.parquet,
final/mpeg4_q4__ambush_4.parquet,
final/mpeg4_q4__ambush_4__frames.parquet,
final/mpeg4_q4__ambush_5.parquet,
final/mpeg4_q4__ambush_5__frames.parquet,
final/mpeg4_q4__ambush_6.parquet,
final/mpeg4_q4__ambush_6__frames.parquet,
final/mpeg4_q4__ambush_7.parquet,
final/mpeg4_q4__ambush_7__frames.parquet,
final/mpeg4_q4__bamboo_1.parquet,
final/mpeg4_q4__bamboo_1__frames.parquet,
final/mpeg4_q4__bamboo_2.parquet,
final/mpeg4_q4__bamboo_2__frames.parquet,
final/mpeg4_q4__bandage_1.parquet,
final/mpeg4_q4__bandage_1__frames.parquet,
final/mpeg4_q4__bandage_2.parquet,
final/mpeg4_q4__bandage_2__frames.parquet,
final/mpeg4_q4__cave_2.parquet,
final/mpeg4_q4__cave_2__frames.parquet,
final/mpeg4_q4__cave_4.parquet,
final/mpeg4_q4__cave_4__frames.parquet,
final/mpeg4_q4__market_2.parquet,
final/mpeg4_q4__market_2__frames.parquet,
final/mpeg4_q4__market_5.parquet,
final/mpeg4_q4__market_5__frames.parquet,
final/mpeg4_q4__market_6.parquet,
final/mpeg4_q4__market_6__frames.parquet,
final/mpeg4_q4__mountain_1.parquet,
final/mpeg4_q4__mountain_1__frames.parquet,
final/mpeg4_q4__shaman_2.parquet,
final/mpeg4_q4__shaman_2__frames.parquet,
final/mpeg4_q4__shaman_3.parquet,
final/mpeg4_q4__shaman_3__frames.parquet,
final/mpeg4_q4__sleeping_1.parquet,
final/mpeg4_q4__sleeping_1__frames.parquet,
final/mpeg4_q4__sleeping_2.parquet,
final/mpeg4_q4__sleeping_2__frames.parquet,
final/mpeg4_q4__temple_2.parquet,
final/mpeg4_q4__temple_2__frames.parquet,
final/mpeg4_q4__temple_3.parquet,
final/mpeg4_q4__temple_3__frames.parquet,
final/mpeg4_q8__alley_1.parquet,
final/mpeg4_q8__alley_1__frames.parquet,
final/mpeg4_q8__alley_2.parquet,
final/mpeg4_q8__alley_2__frames.parquet,
final/mpeg4_q8__ambush_2.parquet,
final/mpeg4_q8__ambush_2__frames.parquet,
final/mpeg4_q8__ambush_4.parquet,
final/mpeg4_q8__ambush_4__frames.parquet,
final/mpeg4_q8__ambush_5.parquet,
final/mpeg4_q8__ambush_5__frames.parquet,
final/mpeg4_q8__ambush_6.parquet,
final/mpeg4_q8__ambush_6__frames.parquet,
final/mpeg4_q8__ambush_7.parquet,
final/mpeg4_q8__ambush_7__frames.parquet,
final/mpeg4_q8__bamboo_1.parquet,
final/mpeg4_q8__bamboo_1__frames.parquet,
final/mpeg4_q8__bamboo_2.parquet,
final/mpeg4_q8__bamboo_2__frames.parquet,
final/mpeg4_q8__bandage_1.parquet,
final/mpeg4_q8__bandage_1__frames.parquet,
final/mpeg4_q8__bandage_2.parquet,
final/mpeg4_q8__bandage_2__frames.parquet,
final/mpeg4_q8__cave_2.parquet,
final/mpeg4_q8__cave_2__frames.parquet,
final/mpeg4_q8__cave_4.parquet,
final/mpeg4_q8__cave_4__frames.parquet,
final/mpeg4_q8__market_2.parquet,
final/mpeg4_q8__market_2__frames.parquet,
final/mpeg4_q8__market_5.parquet,
final/mpeg4_q8__market_5__frames.parquet,
final/mpeg4_q8__market_6.parquet,
final/mpeg4_q8__market_6__frames.parquet,
final/mpeg4_q8__mountain_1.parquet,
final/mpeg4_q8__mountain_1__frames.parquet,
final/mpeg4_q8__shaman_2.parquet,
final/mpeg4_q8__shaman_2__frames.parquet,
final/mpeg4_q8__shaman_3.parquet,
final/mpeg4_q8__shaman_3__frames.parquet,
final/mpeg4_q8__sleeping_1.parquet,
final/mpeg4_q8__sleeping_1__frames.parquet,
final/mpeg4_q8__sleeping_2.parquet,
final/mpeg4_q8__sleeping_2__frames.parquet,
final/mpeg4_q8__temple_2.parquet,
final/mpeg4_q8__temple_2__frames.parquet,
final/mpeg4_q8__temple_3.parquet,
final/mpeg4_q8__temple_3__frames.parquet,
final/nvenc_qp18__alley_1.parquet,
final/nvenc_qp18__alley_1__frames.parquet,
final/nvenc_qp18__alley_2.parquet,
final/nvenc_qp18__alley_2__frames.parquet,
final/nvenc_qp18__ambush_2.parquet,
final/nvenc_qp18__ambush_2__frames.parquet,
final/nvenc_qp18__ambush_4.parquet,
final/nvenc_qp18__ambush_4__frames.parquet,
final/nvenc_qp18__ambush_5.parquet,
final/nvenc_qp18__ambush_5__frames.parquet,
final/nvenc_qp18__ambush_6.parquet,
final/nvenc_qp18__ambush_6__frames.parquet,
final/nvenc_qp18__ambush_7.parquet,
final/nvenc_qp18__ambush_7__frames.parquet,
final/nvenc_qp18__bamboo_1.parquet,
final/nvenc_qp18__bamboo_1__frames.parquet,
final/nvenc_qp18__bamboo_2.parquet,
final/nvenc_qp18__bamboo_2__frames.parquet,
final/nvenc_qp18__bandage_1.parquet,
final/nvenc_qp18__bandage_1__frames.parquet,
final/nvenc_qp18__bandage_2.parquet,
final/nvenc_qp18__bandage_2__frames.parquet,
final/nvenc_qp18__cave_2.parquet,
final/nvenc_qp18__cave_2__frames.parquet,
final/nvenc_qp18__cave_4.parquet,
final/nvenc_qp18__cave_4__frames.parquet,
final/nvenc_qp18__market_2.parquet,
final/nvenc_qp18__market_2__frames.parquet,
final/nvenc_qp18__market_5.parquet,
final/nvenc_qp18__market_5__frames.parquet,
final/nvenc_qp18__market_6.parquet,
final/nvenc_qp18__market_6__frames.parquet,
final/nvenc_qp18__mountain_1.parquet,
final/nvenc_qp18__mountain_1__frames.parquet,
final/nvenc_qp18__shaman_2.parquet,
final/nvenc_qp18__shaman_2__frames.parquet,
final/nvenc_qp18__shaman_3.parquet,
final/nvenc_qp18__shaman_3__frames.parquet,
final/nvenc_qp18__sleeping_1.parquet,
final/nvenc_qp18__sleeping_1__frames.parquet,
final/nvenc_qp18__sleeping_2.parquet,
final/nvenc_qp18__sleeping_2__frames.parquet,
final/nvenc_qp18__temple_2.parquet,
final/nvenc_qp18__temple_2__frames.parquet,
final/nvenc_qp18__temple_3.parquet,
final/nvenc_qp18__temple_3__frames.parquet,
final/nvenc_qp23__alley_1.parquet,
final/nvenc_qp23__alley_1__frames.parquet,
final/nvenc_qp23__alley_2.parquet,
final/nvenc_qp23__alley_2__frames.parquet,
final/nvenc_qp23__ambush_2.parquet,
final/nvenc_qp23__ambush_2__frames.parquet,
final/nvenc_qp23__ambush_4.parquet,
final/nvenc_qp23__ambush_4__frames.parquet,
final/nvenc_qp23__ambush_5.parquet,
final/nvenc_qp23__ambush_5__frames.parquet,
final/nvenc_qp23__ambush_6.parquet,
final/nvenc_qp23__ambush_6__frames.parquet,
final/nvenc_qp23__ambush_7.parquet,
final/nvenc_qp23__ambush_7__frames.parquet,
final/nvenc_qp23__bamboo_1.parquet,
final/nvenc_qp23__bamboo_1__frames.parquet,
final/nvenc_qp23__bamboo_2.parquet,
final/nvenc_qp23__bamboo_2__frames.parquet,
final/nvenc_qp23__bandage_1.parquet,
final/nvenc_qp23__bandage_1__frames.parquet,
final/nvenc_qp23__bandage_2.parquet,
final/nvenc_qp23__bandage_2__frames.parquet,
final/nvenc_qp23__cave_2.parquet,
final/nvenc_qp23__cave_2__frames.parquet,
final/nvenc_qp23__cave_4.parquet,
final/nvenc_qp23__cave_4__frames.parquet,
final/nvenc_qp23__market_2.parquet,
final/nvenc_qp23__market_2__frames.parquet,
final/nvenc_qp23__market_5.parquet,
final/nvenc_qp23__market_5__frames.parquet,
final/nvenc_qp23__market_6.parquet,
final/nvenc_qp23__market_6__frames.parquet,
final/nvenc_qp23__mountain_1.parquet,
final/nvenc_qp23__mountain_1__frames.parquet,
final/nvenc_qp23__shaman_2.parquet,
final/nvenc_qp23__shaman_2__frames.parquet,
final/nvenc_qp23__shaman_3.parquet,
final/nvenc_qp23__shaman_3__frames.parquet,
final/nvenc_qp23__sleeping_1.parquet,
final/nvenc_qp23__sleeping_1__frames.parquet,
final/nvenc_qp23__sleeping_2.parquet,
final/nvenc_qp23__sleeping_2__frames.parquet,
final/nvenc_qp23__temple_2.parquet,
final/nvenc_qp23__temple_2__frames.parquet,
final/nvenc_qp23__temple_3.parquet,
final/nvenc_qp23__temple_3__frames.parquet,
final/nvenc_qp28__alley_1.parquet,
final/nvenc_qp28__alley_1__frames.parquet,
final/nvenc_qp28__alley_2.parquet,
final/nvenc_qp28__alley_2__frames.parquet,
final/nvenc_qp28__ambush_2.parquet,
final/nvenc_qp28__ambush_2__frames.parquet,
final/nvenc_qp28__ambush_4.parquet,
final/nvenc_qp28__ambush_4__frames.parquet,
final/nvenc_qp28__ambush_5.parquet,
final/nvenc_qp28__ambush_5__frames.parquet,
final/nvenc_qp28__ambush_6.parquet,
final/nvenc_qp28__ambush_6__frames.parquet,
final/nvenc_qp28__ambush_7.parquet,
final/nvenc_qp28__ambush_7__frames.parquet,
final/nvenc_qp28__bamboo_1.parquet,
final/nvenc_qp28__bamboo_1__frames.parquet,
final/nvenc_qp28__bamboo_2.parquet,
final/nvenc_qp28__bamboo_2__frames.parquet,
final/nvenc_qp28__bandage_1.parquet,
final/nvenc_qp28__bandage_1__frames.parquet,
final/nvenc_qp28__bandage_2.parquet,
final/nvenc_qp28__bandage_2__frames.parquet,
final/nvenc_qp28__cave_2.parquet,
final/nvenc_qp28__cave_2__frames.parquet,
final/nvenc_qp28__cave_4.parquet,
final/nvenc_qp28__cave_4__frames.parquet,
final/nvenc_qp28__market_2.parquet,
final/nvenc_qp28__market_2__frames.parquet,
final/nvenc_qp28__market_5.parquet,
final/nvenc_qp28__market_5__frames.parquet,
final/nvenc_qp28__market_6.parquet,
final/nvenc_qp28__market_6__frames.parquet,
final/nvenc_qp28__mountain_1.parquet,
final/nvenc_qp28__mountain_1__frames.parquet,
final/nvenc_qp28__shaman_2.parquet,
final/nvenc_qp28__shaman_2__frames.parquet,
final/nvenc_qp28__shaman_3.parquet,
final/nvenc_qp28__shaman_3__frames.parquet,
final/nvenc_qp28__sleeping_1.parquet,
final/nvenc_qp28__sleeping_1__frames.parquet,
final/nvenc_qp28__sleeping_2.parquet,
final/nvenc_qp28__sleeping_2__frames.parquet,
final/nvenc_qp28__temple_2.parquet,
final/nvenc_qp28__temple_2__frames.parquet,
final/nvenc_qp28__temple_3.parquet,
final/nvenc_qp28__temple_3__frames.parquet,
final/nvenc_qp28_bf2__alley_1.parquet,49
final/nvenc_qp28_bf2__alley_1__frames.parquet,49
final/nvenc_qp28_bf2__alley_2.parquet,49
final/nvenc_qp28_bf2__alley_2__frames.parquet,49
final/nvenc_qp28_bf2__ambush_2.parquet,
final/nvenc_qp28_bf2__ambush_2__frames.parquet,
final/nvenc_qp28_bf2__ambush_4.parquet,
final/nvenc_qp28_bf2__ambush_4__frames.parquet,
final/nvenc_qp28_bf2__ambush_5.parquet,49
final/nvenc_qp28_bf2__ambush_5__frames.parquet,49
final/nvenc_qp28_bf2__ambush_6.parquet,19
final/nvenc_qp28_bf2__ambush_6__frames.parquet,19
final/nvenc_qp28_bf2__ambush_7.parquet,
final/nvenc_qp28_bf2__ambush_7__frames.parquet,
final/nvenc_qp28_bf2__bamboo_1.parquet,49
final/nvenc_qp28_bf2__bamboo_1__frames.parquet,49
final/nvenc_qp28_bf2__bamboo_2.parquet,49
final/nvenc_qp28_bf2__bamboo_2__frames.parquet,49
final/nvenc_qp28_bf2__bandage_1.parquet,49
final/nvenc_qp28_bf2__bandage_1__frames.parquet,49
final/nvenc_qp28_bf2__bandage_2.parquet,49
final/nvenc_qp28_bf2__bandage_2__frames.parquet,49
final/nvenc_qp28_bf2__cave_2.parquet,49
final/nvenc_qp28_bf2__cave_2__frames.parquet,49
final/nvenc_qp28_bf2__cave_4.parquet,49
final/nvenc_qp28_bf2__cave_4__frames.parquet,49
final/nvenc_qp28_bf2__market_2.parquet,49
final/nvenc_qp28_bf2__market_2__frames.parquet,49
final/nvenc_qp28_bf2__market_5.parquet,49
final/nvenc_qp28_bf2__market_5__frames.parquet,49
final/nvenc_qp28_bf2__market_6.parquet,
final/nvenc_qp28_bf2__market_6__frames.parquet,
final/nvenc_qp28_bf2__mountain_1.parquet,49
final/nvenc_qp28_bf2__mountain_1__frames.parquet,49
final/nvenc_qp28_bf2__shaman_2.parquet,
final/nvenc_qp28_bf2__shaman_2__frames.parquet,
final/nvenc_qp28_bf2__shaman_3.parquet,49
final/nvenc_qp28_bf2__shaman_3__frames.parquet,49
final/nvenc_qp28_bf2__sleeping_1.parquet,
final/nvenc_qp28_bf2__sleeping_1__frames.parquet,
final/nvenc_qp28_bf2__sleeping_2.parquet,49
final/nvenc_qp28_bf2__sleeping_2__frames.parquet,49
final/nvenc_qp28_bf2__temple_2.parquet,49
final/nvenc_qp28_bf2__temple_2__frames.parquet,49
final/nvenc_qp28_bf2__temple_3.parquet,49
final/nvenc_qp28_bf2__temple_3__frames.parquet,49
final/nvenc_qp28_bf2_bqeq__alley_1.parquet,49
final/nvenc_qp28_bf2_bqeq__alley_1__frames.parquet,49
final/nvenc_qp28_bf2_bqeq__alley_2.parquet,49
final/nvenc_qp28_bf2_bqeq__alley_2__frames.parquet,49
final/nvenc_qp28_bf2_bqeq__ambush_2.parquet,
final/nvenc_qp28_bf2_bqeq__ambush_2__frames.parquet,
final/nvenc_qp28_bf2_bqeq__ambush_4.parquet,
final/nvenc_qp28_bf2_bqeq__ambush_4__frames.parquet,
final/nvenc_qp28_bf2_bqeq__ambush_5.parquet,49
final/nvenc_qp28_bf2_bqeq__ambush_5__frames.parquet,49
final/nvenc_qp28_bf2_bqeq__ambush_6.parquet,19
final/nvenc_qp28_bf2_bqeq__ambush_6__frames.parquet,19
final/nvenc_qp28_bf2_bqeq__ambush_7.parquet,
final/nvenc_qp28_bf2_bqeq__ambush_7__frames.parquet,
final/nvenc_qp28_bf2_bqeq__bamboo_1.parquet,49
final/nvenc_qp28_bf2_bqeq__bamboo_1__frames.parquet,49
final/nvenc_qp28_bf2_bqeq__bamboo_2.parquet,49
final/nvenc_qp28_bf2_bqeq__bamboo_2__frames.parquet,49
final/nvenc_qp28_bf2_bqeq__bandage_1.parquet,49
final/nvenc_qp28_bf2_bqeq__bandage_1__frames.parquet,49
final/nvenc_qp28_bf2_bqeq__bandage_2.parquet,49
final/nvenc_qp28_bf2_bqeq__bandage_2__frames.parquet,49
final/nvenc_qp28_bf2_bqeq__cave_2.parquet,49
final/nvenc_qp28_bf2_bqeq__cave_2__frames.parquet,49
final/nvenc_qp28_bf2_bqeq__cave_4.parquet,49
final/nvenc_qp28_bf2_bqeq__cave_4__frames.parquet,49
final/nvenc_qp28_bf2_bqeq__market_2.parquet,49
final/nvenc_qp28_bf2_bqeq__market_2__frames.parquet,49
final/nvenc_qp28_bf2_bqeq__market_5.parquet,49
final/nvenc_qp28_bf2_bqeq__market_5__frames.parquet,49
final/nvenc_qp28_bf2_bqeq__market_6.parquet,
final/nvenc_qp28_bf2_bqeq__market_6__frames.parquet,
final/nvenc_qp28_bf2_bqeq__mountain_1.parquet,49
final/nvenc_qp28_bf2_bqeq__mountain_1__frames.parquet,49
final/nvenc_qp28_bf2_bqeq__shaman_2.parquet,49
final/nvenc_qp28_bf2_bqeq__shaman_2__frames.parquet,49
final/nvenc_qp28_bf2_bqeq__shaman_3.parquet,49
final/nvenc_qp28_bf2_bqeq__shaman_3__frames.parquet,49
final/nvenc_qp28_bf2_bqeq__sleeping_1.parquet,
final/nvenc_qp28_bf2_bqeq__sleeping_1__frames.parquet,
final/nvenc_qp28_bf2_bqeq__sleeping_2.parquet,49
final/nvenc_qp28_bf2_bqeq__sleeping_2__frames.parquet,49
final/nvenc_qp28_bf2_bqeq__temple_2.parquet,49
final/nvenc_qp28_bf2_bqeq__temple_2__frames.parquet,49
final/nvenc_qp28_bf2_bqeq__temple_3.parquet,49
final/nvenc_qp28_bf2_bqeq__temple_3__frames.parquet,49
final/nvenc_qp33__alley_1.parquet,
final/nvenc_qp33__alley_1__frames.parquet,
final/nvenc_qp33__alley_2.parquet,
final/nvenc_qp33__alley_2__frames.parquet,
final/nvenc_qp33__ambush_2.parquet,
final/nvenc_qp33__ambush_2__frames.parquet,
final/nvenc_qp33__ambush_4.parquet,
final/nvenc_qp33__ambush_4__frames.parquet,
final/nvenc_qp33__ambush_5.parquet,
final/nvenc_qp33__ambush_5__frames.parquet,
final/nvenc_qp33__ambush_6.parquet,
final/nvenc_qp33__ambush_6__frames.parquet,
final/nvenc_qp33__ambush_7.parquet,
final/nvenc_qp33__ambush_7__frames.parquet,
final/nvenc_qp33__bamboo_1.parquet,
final/nvenc_qp33__bamboo_1__frames.parquet,
final/nvenc_qp33__bamboo_2.parquet,
final/nvenc_qp33__bamboo_2__frames.parquet,
final/nvenc_qp33__bandage_1.parquet,
final/nvenc_qp33__bandage_1__frames.parquet,
final/nvenc_qp33__bandage_2.parquet,
final/nvenc_qp33__bandage_2__frames.parquet,
final/nvenc_qp33__cave_2.parquet,
final/nvenc_qp33__cave_2__frames.parquet,
final/nvenc_qp33__cave_4.parquet,
final/nvenc_qp33__cave_4__frames.parquet,
final/nvenc_qp33__market_2.parquet,
final/nvenc_qp33__market_2__frames.parquet,
final/nvenc_qp33__market_5.parquet,
final/nvenc_qp33__market_5__frames.parquet,
final/nvenc_qp33__market_6.parquet,
final/nvenc_qp33__market_6__frames.parquet,
final/nvenc_qp33__mountain_1.parquet,
final/nvenc_qp33__mountain_1__frames.parquet,
final/nvenc_qp33__shaman_2.parquet,
final/nvenc_qp33__shaman_2__frames.parquet,
final/nvenc_qp33__shaman_3.parquet,
final/nvenc_qp33__shaman_3__frames.parquet,
final/nvenc_qp33__sleeping_1.parquet,
final/nvenc_qp33__sleeping_1__frames.parquet,
final/nvenc_qp33__sleeping_2.parquet,
final/nvenc_qp33__sleeping_2__frames.parquet,
final/nvenc_qp33__temple_2.parquet,
final/nvenc_qp33__temple_2__frames.parquet,
final/nvenc_qp33__temple_3.parquet,
final/nvenc_qp33__temple_3__frames.parquet,
final/nvenc_qp38__alley_1.parquet,
final/nvenc_qp38__alley_1__frames.parquet,
final/nvenc_qp38__alley_2.parquet,
final/nvenc_qp38__alley_2__frames.parquet,
final/nvenc_qp38__ambush_2.parquet,
final/nvenc_qp38__ambush_2__frames.parquet,
final/nvenc_qp38__ambush_4.parquet,
final/nvenc_qp38__ambush_4__frames.parquet,
final/nvenc_qp38__ambush_5.parquet,
final/nvenc_qp38__ambush_5__frames.parquet,
final/nvenc_qp38__ambush_6.parquet,
final/nvenc_qp38__ambush_6__frames.parquet,
final/nvenc_qp38__ambush_7.parquet,
final/nvenc_qp38__ambush_7__frames.parquet,
final/nvenc_qp38__bamboo_1.parquet,
final/nvenc_qp38__bamboo_1__frames.parquet,
final/nvenc_qp38__bamboo_2.parquet,
final/nvenc_qp38__bamboo_2__frames.parquet,
final/nvenc_qp38__bandage_1.parquet,
final/nvenc_qp38__bandage_1__frames.parquet,
final/nvenc_qp38__bandage_2.parquet,
final/nvenc_qp38__bandage_2__frames.parquet,
final/nvenc_qp38__cave_2.parquet,
final/nvenc_qp38__cave_2__frames.parquet,
final/nvenc_qp38__cave_4.parquet,
final/nvenc_qp38__cave_4__frames.parquet,
final/nvenc_qp38__market_2.parquet,
final/nvenc_qp38__market_2__frames.parquet,
final/nvenc_qp38__market_5.parquet,
final/nvenc_qp38__market_5__frames.parquet,
final/nvenc_qp38__market_6.parquet,
final/nvenc_qp38__market_6__frames.parquet,
final/nvenc_qp38__mountain_1.parquet,
final/nvenc_qp38__mountain_1__frames.parquet,
final/nvenc_qp38__shaman_2.parquet,
final/nvenc_qp38__shaman_2__frames.parquet,
final/nvenc_qp38__shaman_3.parquet,
final/nvenc_qp38__shaman_3__frames.parquet,
final/nvenc_qp38__sleeping_1.parquet,
final/nvenc_qp38__sleeping_1__frames.parquet,
final/nvenc_qp38__sleeping_2.parquet,
final/nvenc_qp38__sleeping_2__frames.parquet,
final/nvenc_qp38__temple_2.parquet,
final/nvenc_qp38__temple_2__frames.parquet,
final/nvenc_qp38__temple_3.parquet,
final/nvenc_qp38__temple_3__frames.parquet,
final/nvenc_qp45__alley_1.parquet,
final/nvenc_qp45__alley_1__frames.parquet,
final/nvenc_qp45__alley_2.parquet,
final/nvenc_qp45__alley_2__frames.parquet,
final/nvenc_qp45__ambush_2.parquet,
final/nvenc_qp45__ambush_2__frames.parquet,
final/nvenc_qp45__ambush_4.parquet,
final/nvenc_qp45__ambush_4__frames.parquet,
final/nvenc_qp45__ambush_5.parquet,
final/nvenc_qp45__ambush_5__frames.parquet,
final/nvenc_qp45__ambush_6.parquet,
final/nvenc_qp45__ambush_6__frames.parquet,
final/nvenc_qp45__ambush_7.parquet,
final/nvenc_qp45__ambush_7__frames.parquet,
final/nvenc_qp45__bamboo_1.parquet,
final/nvenc_qp45__bamboo_1__frames.parquet,
final/nvenc_qp45__bamboo_2.parquet,
final/nvenc_qp45__bamboo_2__frames.parquet,
final/nvenc_qp45__bandage_1.parquet,
final/nvenc_qp45__bandage_1__frames.parquet,
final/nvenc_qp45__bandage_2.parquet,
final/nvenc_qp45__bandage_2__frames.parquet,
final/nvenc_qp45__cave_2.parquet,
final/nvenc_qp45__cave_2__frames.parquet,
final/nvenc_qp45__cave_4.parquet,
final/nvenc_qp45__cave_4__frames.parquet,
final/nvenc_qp45__market_2.parquet,
final/nvenc_qp45__market_2__frames.parquet,
final/nvenc_qp45__market_5.parquet,
final/nvenc_qp45__market_5__frames.parquet,
final/nvenc_qp45__market_6.parquet,
final/nvenc_qp45__market_6__frames.parquet,
final/nvenc_qp45__mountain_1.parquet,
final/nvenc_qp45__mountain_1__frames.parquet,
final/nvenc_qp45__shaman_2.parquet,
final/nvenc_qp45__shaman_2__frames.parquet,
final/nvenc_qp45__shaman_3.parquet,
final/nvenc_qp45__shaman_3__frames.parquet,
final/nvenc_qp45__sleeping_1.parquet,
final/nvenc_qp45__sleeping_1__frames.parquet,
final/nvenc_qp45__sleeping_2.parquet,
final/nvenc_qp45__sleeping_2__frames.parquet,
final/nvenc_qp45__temple_2.parquet,
final/nvenc_qp45__temple_2__frames.parquet,
final/nvenc_qp45__temple_3.parquet,
final/nvenc_qp45__temple_3__frames.parquet,
final/x264_crf12__alley_1.parquet,
final/x264_crf12__alley_1__frames.parquet,
final/x264_crf12__alley_2.parquet,
final/x264_crf12__alley_2__frames.parquet,
final/x264_crf12__ambush_2.parquet,
final/x264_crf12__ambush_2__frames.parquet,
final/x264_crf12__ambush_4.parquet,
final/x264_crf12__ambush_4__frames.parquet,
final/x264_crf12__ambush_5.parquet,
final/x264_crf12__ambush_5__frames.parquet,
final/x264_crf12__ambush_6.parquet,
final/x264_crf12__ambush_6__frames.parquet,
final/x264_crf12__ambush_7.parquet,
final/x264_crf12__ambush_7__frames.parquet,
final/x264_crf12__bamboo_1.parquet,
final/x264_crf12__bamboo_1__frames.parquet,
final/x264_crf12__bamboo_2.parquet,
final/x264_crf12__bamboo_2__frames.parquet,
final/x264_crf12__bandage_1.parquet,
final/x264_crf12__bandage_1__frames.parquet,
final/x264_crf12__bandage_2.parquet,
final/x264_crf12__bandage_2__frames.parquet,
final/x264_crf12__cave_2.parquet,
final/x264_crf12__cave_2__frames.parquet,
final/x264_crf12__cave_4.parquet,
final/x264_crf12__cave_4__frames.parquet,
final/x264_crf12__market_2.parquet,
final/x264_crf12__market_2__frames.parquet,
final/x264_crf12__market_5.parquet,
final/x264_crf12__market_5__frames.parquet,
final/x264_crf12__market_6.parquet,
final/x264_crf12__market_6__frames.parquet,
final/x264_crf12__mountain_1.parquet,
final/x264_crf12__mountain_1__frames.parquet,
final/x264_crf12__shaman_2.parquet,
final/x264_crf12__shaman_2__frames.parquet,
final/x264_crf12__shaman_3.parquet,
final/x264_crf12__shaman_3__frames.parquet,
final/x264_crf12__sleeping_1.parquet,
final/x264_crf12__sleeping_1__frames.parquet,
final/x264_crf12__sleeping_2.parquet,
final/x264_crf12__sleeping_2__frames.parquet,
final/x264_crf12__temple_2.parquet,
final/x264_crf12__temple_2__frames.parquet,
final/x264_crf12__temple_3.parquet,
final/x264_crf12__temple_3__frames.parquet,
final/x264_crf18__alley_1.parquet,
final/x264_crf18__alley_1__frames.parquet,
final/x264_crf18__alley_2.parquet,
final/x264_crf18__alley_2__frames.parquet,
final/x264_crf18__ambush_2.parquet,
final/x264_crf18__ambush_2__frames.parquet,
final/x264_crf18__ambush_4.parquet,
final/x264_crf18__ambush_4__frames.parquet,
final/x264_crf18__ambush_5.parquet,
final/x264_crf18__ambush_5__frames.parquet,
final/x264_crf18__ambush_6.parquet,
final/x264_crf18__ambush_6__frames.parquet,
final/x264_crf18__ambush_7.parquet,
final/x264_crf18__ambush_7__frames.parquet,
final/x264_crf18__bamboo_1.parquet,
final/x264_crf18__bamboo_1__frames.parquet,
final/x264_crf18__bamboo_2.parquet,
final/x264_crf18__bamboo_2__frames.parquet,
final/x264_crf18__bandage_1.parquet,
final/x264_crf18__bandage_1__frames.parquet,
final/x264_crf18__bandage_2.parquet,
final/x264_crf18__bandage_2__frames.parquet,
final/x264_crf18__cave_2.parquet,
final/x264_crf18__cave_2__frames.parquet,
final/x264_crf18__cave_4.parquet,
final/x264_crf18__cave_4__frames.parquet,
final/x264_crf18__market_2.parquet,
final/x264_crf18__market_2__frames.parquet,
final/x264_crf18__market_5.parquet,
final/x264_crf18__market_5__frames.parquet,
final/x264_crf18__market_6.parquet,
final/x264_crf18__market_6__frames.parquet,
final/x264_crf18__mountain_1.parquet,
final/x264_crf18__mountain_1__frames.parquet,
final/x264_crf18__shaman_2.parquet,
final/x264_crf18__shaman_2__frames.parquet,
final/x264_crf18__shaman_3.parquet,
final/x264_crf18__shaman_3__frames.parquet,
final/x264_crf18__sleeping_1.parquet,
final/x264_crf18__sleeping_1__frames.parquet,
final/x264_crf18__sleeping_2.parquet,
final/x264_crf18__sleeping_2__frames.parquet,
final/x264_crf18__temple_2.parquet,
final/x264_crf18__temple_2__frames.parquet,
final/x264_crf18__temple_3.parquet,
final/x264_crf18__temple_3__frames.parquet,
final/x264_crf23__alley_1.parquet,
final/x264_crf23__alley_1__frames.parquet,
final/x264_crf23__alley_2.parquet,
final/x264_crf23__alley_2__frames.parquet,
final/x264_crf23__ambush_2.parquet,
final/x264_crf23__ambush_2__frames.parquet,
final/x264_crf23__ambush_4.parquet,
final/x264_crf23__ambush_4__frames.parquet,
final/x264_crf23__ambush_5.parquet,
final/x264_crf23__ambush_5__frames.parquet,
final/x264_crf23__ambush_6.parquet,
final/x264_crf23__ambush_6__frames.parquet,
final/x264_crf23__ambush_7.parquet,
final/x264_crf23__ambush_7__frames.parquet,
final/x264_crf23__bamboo_1.parquet,
final/x264_crf23__bamboo_1__frames.parquet,
final/x264_crf23__bamboo_2.parquet,
final/x264_crf23__bamboo_2__frames.parquet,
final/x264_crf23__bandage_1.parquet,
final/x264_crf23__bandage_1__frames.parquet,
final/x264_crf23__bandage_2.parquet,
final/x264_crf23__bandage_2__frames.parquet,
final/x264_crf23__cave_2.parquet,
final/x264_crf23__cave_2__frames.parquet,
final/x264_crf23__cave_4.parquet,
final/x264_crf23__cave_4__frames.parquet,
final/x264_crf23__market_2.parquet,
final/x264_crf23__market_2__frames.parquet,
final/x264_crf23__market_5.parquet,
final/x264_crf23__market_5__frames.parquet,
final/x264_crf23__market_6.parquet,
final/x264_crf23__market_6__frames.parquet,
final/x264_crf23__mountain_1.parquet,
final/x264_crf23__mountain_1__frames.parquet,
final/x264_crf23__shaman_2.parquet,
final/x264_crf23__shaman_2__frames.parquet,
final/x264_crf23__shaman_3.parquet,
final/x264_crf23__shaman_3__frames.parquet,
final/x264_crf23__sleeping_1.parquet,
final/x264_crf23__sleeping_1__frames.parquet,
final/x264_crf23__sleeping_2.parquet,
final/x264_crf23__sleeping_2__frames.parquet,
final/x264_crf23__temple_2.parquet,
final/x264_crf23__temple_2__frames.parquet,
final/x264_crf23__temple_3.parquet,
final/x264_crf23__temple_3__frames.parquet,
final/x264_crf23_bf2__alley_1.parquet,49
final/x264_crf23_bf2__alley_1__frames.parquet,49
final/x264_crf23_bf2__alley_2.parquet,49
final/x264_crf23_bf2__alley_2__frames.parquet,49
final/x264_crf23_bf2__ambush_2.parquet,
final/x264_crf23_bf2__ambush_2__frames.parquet,
final/x264_crf23_bf2__ambush_4.parquet,
final/x264_crf23_bf2__ambush_4__frames.parquet,
final/x264_crf23_bf2__ambush_5.parquet,49
final/x264_crf23_bf2__ambush_5__frames.parquet,49
final/x264_crf23_bf2__ambush_6.parquet,19
final/x264_crf23_bf2__ambush_6__frames.parquet,19
final/x264_crf23_bf2__ambush_7.parquet,49
final/x264_crf23_bf2__ambush_7__frames.parquet,49
final/x264_crf23_bf2__bamboo_1.parquet,49
final/x264_crf23_bf2__bamboo_1__frames.parquet,49
final/x264_crf23_bf2__bamboo_2.parquet,49
final/x264_crf23_bf2__bamboo_2__frames.parquet,49
final/x264_crf23_bf2__bandage_1.parquet,
final/x264_crf23_bf2__bandage_1__frames.parquet,
final/x264_crf23_bf2__bandage_2.parquet,49
final/x264_crf23_bf2__bandage_2__frames.parquet,49
final/x264_crf23_bf2__cave_2.parquet,49
final/x264_crf23_bf2__cave_2__frames.parquet,49
final/x264_crf23_bf2__cave_4.parquet,49
final/x264_crf23_bf2__cave_4__frames.parquet,49
final/x264_crf23_bf2__market_2.parquet,
final/x264_crf23_bf2__market_2__frames.parquet,
final/x264_crf23_bf2__market_5.parquet,49
final/x264_crf23_bf2__market_5__frames.parquet,49
final/x264_crf23_bf2__market_6.parquet,
final/x264_crf23_bf2__market_6__frames.parquet,
final/x264_crf23_bf2__mountain_1.parquet,
final/x264_crf23_bf2__mountain_1__frames.parquet,
final/x264_crf23_bf2__shaman_2.parquet,49
final/x264_crf23_bf2__shaman_2__frames.parquet,49
final/x264_crf23_bf2__shaman_3.parquet,49
final/x264_crf23_bf2__shaman_3__frames.parquet,49
final/x264_crf23_bf2__sleeping_1.parquet,49
final/x264_crf23_bf2__sleeping_1__frames.parquet,49
final/x264_crf23_bf2__sleeping_2.parquet,
final/x264_crf23_bf2__sleeping_2__frames.parquet,
final/x264_crf23_bf2__temple_2.parquet,49
final/x264_crf23_bf2__temple_2__frames.parquet,49
final/x264_crf23_bf2__temple_3.parquet,49
final/x264_crf23_bf2__temple_3__frames.parquet,49
final/x264_crf23_keyint30__alley_1.parquet,
final/x264_crf23_keyint30__alley_1__frames.parquet,
final/x264_crf23_keyint30__alley_2.parquet,
final/x264_crf23_keyint30__alley_2__frames.parquet,
final/x264_crf23_keyint30__ambush_2.parquet,
final/x264_crf23_keyint30__ambush_2__frames.parquet,
final/x264_crf23_keyint30__ambush_4.parquet,
final/x264_crf23_keyint30__ambush_4__frames.parquet,
final/x264_crf23_keyint30__ambush_5.parquet,
final/x264_crf23_keyint30__ambush_5__frames.parquet,
final/x264_crf23_keyint30__ambush_6.parquet,
final/x264_crf23_keyint30__ambush_6__frames.parquet,
final/x264_crf23_keyint30__ambush_7.parquet,
final/x264_crf23_keyint30__ambush_7__frames.parquet,
final/x264_crf23_keyint30__bamboo_1.parquet,
final/x264_crf23_keyint30__bamboo_1__frames.parquet,
final/x264_crf23_keyint30__bamboo_2.parquet,
final/x264_crf23_keyint30__bamboo_2__frames.parquet,
final/x264_crf23_keyint30__bandage_1.parquet,
final/x264_crf23_keyint30__bandage_1__frames.parquet,
final/x264_crf23_keyint30__bandage_2.parquet,
final/x264_crf23_keyint30__bandage_2__frames.parquet,
final/x264_crf23_keyint30__cave_2.parquet,
final/x264_crf23_keyint30__cave_2__frames.parquet,
final/x264_crf23_keyint30__cave_4.parquet,
final/x264_crf23_keyint30__cave_4__frames.parquet,
final/x264_crf23_keyint30__market_2.parquet,
final/x264_crf23_keyint30__market_2__frames.parquet,
final/x264_crf23_keyint30__market_5.parquet,
final/x264_crf23_keyint30__market_5__frames.parquet,
final/x264_crf23_keyint30__market_6.parquet,
final/x264_crf23_keyint30__market_6__frames.parquet,
final/x264_crf23_keyint30__mountain_1.parquet,
final/x264_crf23_keyint30__mountain_1__frames.parquet,
final/x264_crf23_keyint30__shaman_2.parquet,
final/x264_crf23_keyint30__shaman_2__frames.parquet,
final/x264_crf23_keyint30__shaman_3.parquet,
final/x264_crf23_keyint30__shaman_3__frames.parquet,
final/x264_crf23_keyint30__sleeping_1.parquet,
final/x264_crf23_keyint30__sleeping_1__frames.parquet,
final/x264_crf23_keyint30__sleeping_2.parquet,
final/x264_crf23_keyint30__sleeping_2__frames.parquet,
final/x264_crf23_keyint30__temple_2.parquet,
final/x264_crf23_keyint30__temple_2__frames.parquet,
final/x264_crf23_keyint30__temple_3.parquet,
final/x264_crf23_keyint30__temple_3__frames.parquet,
final/x264_crf23_ref2__alley_1.parquet,
final/x264_crf23_ref2__alley_1__frames.parquet,
final/x264_crf23_ref2__alley_2.parquet,
final/x264_crf23_ref2__alley_2__frames.parquet,
final/x264_crf23_ref2__ambush_2.parquet,
final/x264_crf23_ref2__ambush_2__frames.parquet,
final/x264_crf23_ref2__ambush_4.parquet,
final/x264_crf23_ref2__ambush_4__frames.parquet,
final/x264_crf23_ref2__ambush_5.parquet,
final/x264_crf23_ref2__ambush_5__frames.parquet,
final/x264_crf23_ref2__ambush_6.parquet,
final/x264_crf23_ref2__ambush_6__frames.parquet,
final/x264_crf23_ref2__ambush_7.parquet,
final/x264_crf23_ref2__ambush_7__frames.parquet,
final/x264_crf23_ref2__bamboo_1.parquet,
final/x264_crf23_ref2__bamboo_1__frames.parquet,
final/x264_crf23_ref2__bamboo_2.parquet,
final/x264_crf23_ref2__bamboo_2__frames.parquet,
final/x264_crf23_ref2__bandage_1.parquet,
final/x264_crf23_ref2__bandage_1__frames.parquet,
final/x264_crf23_ref2__bandage_2.parquet,
final/x264_crf23_ref2__bandage_2__frames.parquet,
final/x264_crf23_ref2__cave_2.parquet,
final/x264_crf23_ref2__cave_2__frames.parquet,
final/x264_crf23_ref2__cave_4.parquet,
final/x264_crf23_ref2__cave_4__frames.parquet,
final/x264_crf23_ref2__market_2.parquet,
final/x264_crf23_ref2__market_2__frames.parquet,
final/x264_crf23_ref2__market_5.parquet,
final/x264_crf23_ref2__market_5__frames.parquet,
final/x264_crf23_ref2__market_6.parquet,
final/x264_crf23_ref2__market_6__frames.parquet,
final/x264_crf23_ref2__mountain_1.parquet,
final/x264_crf23_ref2__mountain_1__frames.parquet,
final/x264_crf23_ref2__shaman_2.parquet,
final/x264_crf23_ref2__shaman_2__frames.parquet,
final/x264_crf23_ref2__shaman_3.parquet,
final/x264_crf23_ref2__shaman_3__frames.parquet,
final/x264_crf23_ref2__sleeping_1.parquet,
final/x264_crf23_ref2__sleeping_1__frames.parquet,
final/x264_crf23_ref2__sleeping_2.parquet,
final/x264_crf23_ref2__sleeping_2__frames.parquet,
final/x264_crf23_ref2__temple_2.parquet,
final/x264_crf23_ref2__temple_2__frames.parquet,
final/x264_crf23_ref2__temple_3.parquet,
final/x264_crf23_ref2__temple_3__frames.parquet,
final/x264_crf23_ref3__alley_1.parquet,
final/x264_crf23_ref3__alley_1__frames.parquet,
final/x264_crf23_ref3__alley_2.parquet,
final/x264_crf23_ref3__alley_2__frames.parquet,
final/x264_crf23_ref3__ambush_2.parquet,
final/x264_crf23_ref3__ambush_2__frames.parquet,
final/x264_crf23_ref3__ambush_4.parquet,
final/x264_crf23_ref3__ambush_4__frames.parquet,
final/x264_crf23_ref3__ambush_5.parquet,
final/x264_crf23_ref3__ambush_5__frames.parquet,
final/x264_crf23_ref3__ambush_6.parquet,
final/x264_crf23_ref3__ambush_6__frames.parquet,
final/x264_crf23_ref3__ambush_7.parquet,
final/x264_crf23_ref3__ambush_7__frames.parquet,
final/x264_crf23_ref3__bamboo_1.parquet,
final/x264_crf23_ref3__bamboo_1__frames.parquet,
final/x264_crf23_ref3__bamboo_2.parquet,
final/x264_crf23_ref3__bamboo_2__frames.parquet,
final/x264_crf23_ref3__bandage_1.parquet,
final/x264_crf23_ref3__bandage_1__frames.parquet,
final/x264_crf23_ref3__bandage_2.parquet,
final/x264_crf23_ref3__bandage_2__frames.parquet,
final/x264_crf23_ref3__cave_2.parquet,
final/x264_crf23_ref3__cave_2__frames.parquet,
final/x264_crf23_ref3__cave_4.parquet,
final/x264_crf23_ref3__cave_4__frames.parquet,
final/x264_crf23_ref3__market_2.parquet,
final/x264_crf23_ref3__market_2__frames.parquet,
final/x264_crf23_ref3__market_5.parquet,
final/x264_crf23_ref3__market_5__frames.parquet,
final/x264_crf23_ref3__market_6.parquet,
final/x264_crf23_ref3__market_6__frames.parquet,
final/x264_crf23_ref3__mountain_1.parquet,
final/x264_crf23_ref3__mountain_1__frames.parquet,
final/x264_crf23_ref3__shaman_2.parquet,
final/x264_crf23_ref3__shaman_2__frames.parquet,
final/x264_crf23_ref3__shaman_3.parquet,
final/x264_crf23_ref3__shaman_3__frames.parquet,
final/x264_crf23_ref3__sleeping_1.parquet,
final/x264_crf23_ref3__sleeping_1__frames.parquet,
final/x264_crf23_ref3__sleeping_2.parquet,
final/x264_crf23_ref3__sleeping_2__frames.parquet,
final/x264_crf23_ref3__temple_2.parquet,
final/x264_crf23_ref3__temple_2__frames.parquet,
final/x264_crf23_ref3__temple_3.parquet,
final/x264_crf23_ref3__temple_3__frames.parquet,
final/x264_crf23_ultrafast__alley_1.parquet,
final/x264_crf23_ultrafast__alley_1__frames.parquet,
final/x264_crf23_ultrafast__alley_2.parquet,
final/x264_crf23_ultrafast__alley_2__frames.parquet,
final/x264_crf23_ultrafast__ambush_2.parquet,
final/x264_crf23_ultrafast__ambush_2__frames.parquet,
final/x264_crf23_ultrafast__ambush_4.parquet,
final/x264_crf23_ultrafast__ambush_4__frames.parquet,
final/x264_crf23_ultrafast__ambush_5.parquet,
final/x264_crf23_ultrafast__ambush_5__frames.parquet,
final/x264_crf23_ultrafast__ambush_6.parquet,
final/x264_crf23_ultrafast__ambush_6__frames.parquet,
final/x264_crf23_ultrafast__ambush_7.parquet,
final/x264_crf23_ultrafast__ambush_7__frames.parquet,
final/x264_crf23_ultrafast__bamboo_1.parquet,
final/x264_crf23_ultrafast__bamboo_1__frames.parquet,
final/x264_crf23_ultrafast__bamboo_2.parquet,
final/x264_crf23_ultrafast__bamboo_2__frames.parquet,
final/x264_crf23_ultrafast__bandage_1.parquet,
final/x264_crf23_ultrafast__bandage_1__frames.parquet,
final/x264_crf23_ultrafast__bandage_2.parquet,
final/x264_crf23_ultrafast__bandage_2__frames.parquet,
final/x264_crf23_ultrafast__cave_2.parquet,
final/x264_crf23_ultrafast__cave_2__frames.parquet,
final/x264_crf23_ultrafast__cave_4.parquet,
final/x264_crf23_ultrafast__cave_4__frames.parquet,
final/x264_crf23_ultrafast__market_2.parquet,
final/x264_crf23_ultrafast__market_2__frames.parquet,
final/x264_crf23_ultrafast__market_5.parquet,
final/x264_crf23_ultrafast__market_5__frames.parquet,
final/x264_crf23_ultrafast__market_6.parquet,
final/x264_crf23_ultrafast__market_6__frames.parquet,
final/x264_crf23_ultrafast__mountain_1.parquet,
final/x264_crf23_ultrafast__mountain_1__frames.parquet,
final/x264_crf23_ultrafast__shaman_2.parquet,
final/x264_crf23_ultrafast__shaman_2__frames.parquet,
final/x264_crf23_ultrafast__shaman_3.parquet,
final/x264_crf23_ultrafast__shaman_3__frames.parquet,
final/x264_crf23_ultrafast__sleeping_1.parquet,
final/x264_crf23_ultrafast__sleeping_1__frames.parquet,
final/x264_crf23_ultrafast__sleeping_2.parquet,
final/x264_crf23_ultrafast__sleeping_2__frames.parquet,
final/x264_crf23_ultrafast__temple_2.parquet,
final/x264_crf23_ultrafast__temple_2__frames.parquet,
final/x264_crf23_ultrafast__temple_3.parquet,
final/x264_crf23_ultrafast__temple_3__frames.parquet,
final/x264_crf23_umh16__alley_1.parquet,
final/x264_crf23_umh16__alley_1__frames.parquet,
final/x264_crf23_umh16__alley_2.parquet,
final/x264_crf23_umh16__alley_2__frames.parquet,
final/x264_crf23_umh16__ambush_2.parquet,
final/x264_crf23_umh16__ambush_2__frames.parquet,
final/x264_crf23_umh16__ambush_4.parquet,
final/x264_crf23_umh16__ambush_4__frames.parquet,
final/x264_crf23_umh16__ambush_5.parquet,
final/x264_crf23_umh16__ambush_5__frames.parquet,
final/x264_crf23_umh16__ambush_6.parquet,
final/x264_crf23_umh16__ambush_6__frames.parquet,
final/x264_crf23_umh16__ambush_7.parquet,
final/x264_crf23_umh16__ambush_7__frames.parquet,
final/x264_crf23_umh16__bamboo_1.parquet,
final/x264_crf23_umh16__bamboo_1__frames.parquet,
final/x264_crf23_umh16__bamboo_2.parquet,
final/x264_crf23_umh16__bamboo_2__frames.parquet,
final/x264_crf23_umh16__bandage_1.parquet,
final/x264_crf23_umh16__bandage_1__frames.parquet,
final/x264_crf23_umh16__bandage_2.parquet,
final/x264_crf23_umh16__bandage_2__frames.parquet,
final/x264_crf23_umh16__cave_2.parquet,
final/x264_crf23_umh16__cave_2__frames.parquet,
final/x264_crf23_umh16__cave_4.parquet,
final/x264_crf23_umh16__cave_4__frames.parquet,
final/x264_crf23_umh16__market_2.parquet,
final/x264_crf23_umh16__market_2__frames.parquet,
final/x264_crf23_umh16__market_5.parquet,
final/x264_crf23_umh16__market_5__frames.parquet,
final/x264_crf23_umh16__market_6.parquet,
final/x264_crf23_umh16__market_6__frames.parquet,
final/x264_crf23_umh16__mountain_1.parquet,
final/x264_crf23_umh16__mountain_1__frames.parquet,
final/x264_crf23_umh16__shaman_2.parquet,
final/x264_crf23_umh16__shaman_2__frames.parquet,
final/x264_crf23_umh16__shaman_3.parquet,
final/x264_crf23_umh16__shaman_3__frames.parquet,
final/x264_crf23_umh16__sleeping_1.parquet,
final/x264_crf23_umh16__sleeping_1__frames.parquet,
final/x264_crf23_umh16__sleeping_2.parquet,
final/x264_crf23_umh16__sleeping_2__frames.parquet,
final/x264_crf23_umh16__temple_2.parquet,
final/x264_crf23_umh16__temple_2__frames.parquet,
final/x264_crf23_umh16__temple_3.parquet,
final/x264_crf23_umh16__temple_3__frames.parquet,
final/x264_crf23_umh32__alley_1.parquet,
final/x264_crf23_umh32__alley_1__frames.parquet,
final/x264_crf23_umh32__alley_2.parquet,
final/x264_crf23_umh32__alley_2__frames.parquet,
final/x264_crf23_umh32__ambush_2.parquet,
final/x264_crf23_umh32__ambush_2__frames.parquet,
final/x264_crf23_umh32__ambush_4.parquet,
final/x264_crf23_umh32__ambush_4__frames.parquet,
final/x264_crf23_umh32__ambush_5.parquet,
final/x264_crf23_umh32__ambush_5__frames.parquet,
final/x264_crf23_umh32__ambush_6.parquet,
final/x264_crf23_umh32__ambush_6__frames.parquet,
final/x264_crf23_umh32__ambush_7.parquet,
final/x264_crf23_umh32__ambush_7__frames.parquet,
final/x264_crf23_umh32__bamboo_1.parquet,
final/x264_crf23_umh32__bamboo_1__frames.parquet,
final/x264_crf23_umh32__bamboo_2.parquet,
final/x264_crf23_umh32__bamboo_2__frames.parquet,
final/x264_crf23_umh32__bandage_1.parquet,
final/x264_crf23_umh32__bandage_1__frames.parquet,
final/x264_crf23_umh32__bandage_2.parquet,
final/x264_crf23_umh32__bandage_2__frames.parquet,
final/x264_crf23_umh32__cave_2.parquet,
final/x264_crf23_umh32__cave_2__frames.parquet,
final/x264_crf23_umh32__cave_4.parquet,
final/x264_crf23_umh32__cave_4__frames.parquet,
final/x264_crf23_umh32__market_2.parquet,
final/x264_crf23_umh32__market_2__frames.parquet,
final/x264_crf23_umh32__market_5.parquet,
final/x264_crf23_umh32__market_5__frames.parquet,
final/x264_crf23_umh32__market_6.parquet,
final/x264_crf23_umh32__market_6__frames.parquet,
final/x264_crf23_umh32__mountain_1.parquet,
final/x264_crf23_umh32__mountain_1__frames.parquet,
final/x264_crf23_umh32__shaman_2.parquet,
final/x264_crf23_umh32__shaman_2__frames.parquet,
final/x264_crf23_umh32__shaman_3.parquet,
final/x264_crf23_umh32__shaman_3__frames.parquet,
final/x264_crf23_umh32__sleeping_1.parquet,
final/x264_crf23_umh32__sleeping_1__frames.parquet,
final/x264_crf23_umh32__sleeping_2.parquet,
final/x264_crf23_umh32__sleeping_2__frames.parquet,
final/x264_crf23_umh32__temple_2.parquet,
final/x264_crf23_umh32__temple_2__frames.parquet,
final/x264_crf23_umh32__temple_3.parquet,
final/x264_crf23_umh32__temple_3__frames.parquet,
final/x264_crf23_umh64__alley_1.parquet,
final/x264_crf23_umh64__alley_1__frames.parquet,
final/x264_crf23_umh64__alley_2.parquet,
final/x264_crf23_umh64__alley_2__frames.parquet,
final/x264_crf23_umh64__ambush_2.parquet,
final/x264_crf23_umh64__ambush_2__frames.parquet,
final/x264_crf23_umh64__ambush_4.parquet,
final/x264_crf23_umh64__ambush_4__frames.parquet,
final/x264_crf23_umh64__ambush_5.parquet,
final/x264_crf23_umh64__ambush_5__frames.parquet,
final/x264_crf23_umh64__ambush_6.parquet,
final/x264_crf23_umh64__ambush_6__frames.parquet,
final/x264_crf23_umh64__ambush_7.parquet,
final/x264_crf23_umh64__ambush_7__frames.parquet,
final/x264_crf23_umh64__bamboo_1.parquet,
final/x264_crf23_umh64__bamboo_1__frames.parquet,
final/x264_crf23_umh64__bamboo_2.parquet,
final/x264_crf23_umh64__bamboo_2__frames.parquet,
final/x264_crf23_umh64__bandage_1.parquet,
final/x264_crf23_umh64__bandage_1__frames.parquet,
final/x264_crf23_umh64__bandage_2.parquet,
final/x264_crf23_umh64__bandage_2__frames.parquet,
final/x264_crf23_umh64__cave_2.parquet,
final/x264_crf23_umh64__cave_2__frames.parquet,
final/x264_crf23_umh64__cave_4.parquet,
final/x264_crf23_umh64__cave_4__frames.parquet,
final/x264_crf23_umh64__market_2.parquet,
final/x264_crf23_umh64__market_2__frames.parquet,
final/x264_crf23_umh64__market_5.parquet,
final/x264_crf23_umh64__market_5__frames.parquet,
final/x264_crf23_umh64__market_6.parquet,
final/x264_crf23_umh64__market_6__frames.parquet,
final/x264_crf23_umh64__mountain_1.parquet,
final/x264_crf23_umh64__mountain_1__frames.parquet,
final/x264_crf23_umh64__shaman_2.parquet,
final/x264_crf23_umh64__shaman_2__frames.parquet,
final/x264_crf23_umh64__shaman_3.parquet,
final/x264_crf23_umh64__shaman_3__frames.parquet,
final/x264_crf23_umh64__sleeping_1.parquet,
final/x264_crf23_umh64__sleeping_1__frames.parquet,
final/x264_crf23_umh64__sleeping_2.parquet,
final/x264_crf23_umh64__sleeping_2__frames.parquet,
final/x264_crf23_umh64__temple_2.parquet,
final/x264_crf23_umh64__temple_2__frames.parquet,
final/x264_crf23_umh64__temple_3.parquet,
final/x264_crf23_umh64__temple_3__frames.parquet,
final/x264_crf23_veryslow__alley_1.parquet,
final/x264_crf23_veryslow__alley_1__frames.parquet,
final/x264_crf23_veryslow__alley_2.parquet,
final/x264_crf23_veryslow__alley_2__frames.parquet,
final/x264_crf23_veryslow__ambush_2.parquet,
final/x264_crf23_veryslow__ambush_2__frames.parquet,
final/x264_crf23_veryslow__ambush_4.parquet,
final/x264_crf23_veryslow__ambush_4__frames.parquet,
final/x264_crf23_veryslow__ambush_5.parquet,
final/x264_crf23_veryslow__ambush_5__frames.parquet,
final/x264_crf23_veryslow__ambush_6.parquet,
final/x264_crf23_veryslow__ambush_6__frames.parquet,
final/x264_crf23_veryslow__ambush_7.parquet,
final/x264_crf23_veryslow__ambush_7__frames.parquet,
final/x264_crf23_veryslow__bamboo_1.parquet,
final/x264_crf23_veryslow__bamboo_1__frames.parquet,
final/x264_crf23_veryslow__bamboo_2.parquet,
final/x264_crf23_veryslow__bamboo_2__frames.parquet,
final/x264_crf23_veryslow__bandage_1.parquet,
final/x264_crf23_veryslow__bandage_1__frames.parquet,
final/x264_crf23_veryslow__bandage_2.parquet,
final/x264_crf23_veryslow__bandage_2__frames.parquet,
final/x264_crf23_veryslow__cave_2.parquet,
final/x264_crf23_veryslow__cave_2__frames.parquet,
final/x264_crf23_veryslow__cave_4.parquet,
final/x264_crf23_veryslow__cave_4__frames.parquet,
final/x264_crf23_veryslow__market_2.parquet,
final/x264_crf23_veryslow__market_2__frames.parquet,
final/x264_crf23_veryslow__market_5.parquet,
final/x264_crf23_veryslow__market_5__frames.parquet,
final/x264_crf23_veryslow__market_6.parquet,
final/x264_crf23_veryslow__market_6__frames.parquet,
final/x264_crf23_veryslow__mountain_1.parquet,
final/x264_crf23_veryslow__mountain_1__frames.parquet,
final/x264_crf23_veryslow__shaman_2.parquet,
final/x264_crf23_veryslow__shaman_2__frames.parquet,
final/x264_crf23_veryslow__shaman_3.parquet,
final/x264_crf23_veryslow__shaman_3__frames.parquet,
final/x264_crf23_veryslow__sleeping_1.parquet,
final/x264_crf23_veryslow__sleeping_1__frames.parquet,
final/x264_crf23_veryslow__sleeping_2.parquet,
final/x264_crf23_veryslow__sleeping_2__frames.parquet,
final/x264_crf23_veryslow__temple_2.parquet,
final/x264_crf23_veryslow__temple_2__frames.parquet,
final/x264_crf23_veryslow__temple_3.parquet,
final/x264_crf23_veryslow__temple_3__frames.parquet,
final/x264_crf28__alley_1.parquet,
final/x264_crf28__alley_1__frames.parquet,
final/x264_crf28__alley_2.parquet,
final/x264_crf28__alley_2__frames.parquet,
final/x264_crf28__ambush_2.parquet,
final/x264_crf28__ambush_2__frames.parquet,
final/x264_crf28__ambush_4.parquet,
final/x264_crf28__ambush_4__frames.parquet,
final/x264_crf28__ambush_5.parquet,
final/x264_crf28__ambush_5__frames.parquet,
final/x264_crf28__ambush_6.parquet,
final/x264_crf28__ambush_6__frames.parquet,
final/x264_crf28__ambush_7.parquet,
final/x264_crf28__ambush_7__frames.parquet,
final/x264_crf28__bamboo_1.parquet,
final/x264_crf28__bamboo_1__frames.parquet,
final/x264_crf28__bamboo_2.parquet,
final/x264_crf28__bamboo_2__frames.parquet,
final/x264_crf28__bandage_1.parquet,
final/x264_crf28__bandage_1__frames.parquet,
final/x264_crf28__bandage_2.parquet,
final/x264_crf28__bandage_2__frames.parquet,
final/x264_crf28__cave_2.parquet,
final/x264_crf28__cave_2__frames.parquet,
final/x264_crf28__cave_4.parquet,
final/x264_crf28__cave_4__frames.parquet,
final/x264_crf28__market_2.parquet,
final/x264_crf28__market_2__frames.parquet,
final/x264_crf28__market_5.parquet,
final/x264_crf28__market_5__frames.parquet,
final/x264_crf28__market_6.parquet,
final/x264_crf28__market_6__frames.parquet,
final/x264_crf28__mountain_1.parquet,
final/x264_crf28__mountain_1__frames.parquet,
final/x264_crf28__shaman_2.parquet,
final/x264_crf28__shaman_2__frames.parquet,
final/x264_crf28__shaman_3.parquet,
final/x264_crf28__shaman_3__frames.parquet,
final/x264_crf28__sleeping_1.parquet,
final/x264_crf28__sleeping_1__frames.parquet,
final/x264_crf28__sleeping_2.parquet,
final/x264_crf28__sleeping_2__frames.parquet,
final/x264_crf28__temple_2.parquet,
final/x264_crf28__temple_2__frames.parquet,
final/x264_crf28__temple_3.parquet,
final/x264_crf28__temple_3__frames.parquet,
final/x264_crf33__alley_1.parquet,
final/x264_crf33__alley_1__frames.parquet,
final/x264_crf33__alley_2.parquet,
final/x264_crf33__alley_2__frames.parquet,
final/x264_crf33__ambush_2.parquet,
final/x264_crf33__ambush_2__frames.parquet,
final/x264_crf33__ambush_4.parquet,
final/x264_crf33__ambush_4__frames.parquet,
final/x264_crf33__ambush_5.parquet,
final/x264_crf33__ambush_5__frames.parquet,
final/x264_crf33__ambush_6.parquet,
final/x264_crf33__ambush_6__frames.parquet,
final/x264_crf33__ambush_7.parquet,
final/x264_crf33__ambush_7__frames.parquet,
final/x264_crf33__bamboo_1.parquet,
final/x264_crf33__bamboo_1__frames.parquet,
final/x264_crf33__bamboo_2.parquet,
final/x264_crf33__bamboo_2__frames.parquet,
final/x264_crf33__bandage_1.parquet,
final/x264_crf33__bandage_1__frames.parquet,
final/x264_crf33__bandage_2.parquet,
final/x264_crf33__bandage_2__frames.parquet,
final/x264_crf33__cave_2.parquet,
final/x264_crf33__cave_2__frames.parquet,
final/x264_crf33__cave_4.parquet,
final/x264_crf33__cave_4__frames.parquet,
final/x264_crf33__market_2.parquet,
final/x264_crf33__market_2__frames.parquet,
final/x264_crf33__market_5.parquet,
final/x264_crf33__market_5__frames.parquet,
final/x264_crf33__market_6.parquet,
final/x264_crf33__market_6__frames.parquet,
final/x264_crf33__mountain_1.parquet,
final/x264_crf33__mountain_1__frames.parquet,
final/x264_crf33__shaman_2.parquet,
final/x264_crf33__shaman_2__frames.parquet,
final/x264_crf33__shaman_3.parquet,
final/x264_crf33__shaman_3__frames.parquet,
final/x264_crf33__sleeping_1.parquet,
final/x264_crf33__sleeping_1__frames.parquet,
final/x264_crf33__sleeping_2.parquet,
final/x264_crf33__sleeping_2__frames.parquet,
final/x264_crf33__temple_2.parquet,
final/x264_crf33__temple_2__frames.parquet,
final/x264_crf33__temple_3.parquet,
final/x264_crf33__temple_3__frames.parquet,
final/x264_crf38__alley_1.parquet,
final/x264_crf38__alley_1__frames.parquet,
final/x264_crf38__alley_2.parquet,
final/x264_crf38__alley_2__frames.parquet,
final/x264_crf38__ambush_2.parquet,
final/x264_crf38__ambush_2__frames.parquet,
final/x264_crf38__ambush_4.parquet,
final/x264_crf38__ambush_4__frames.parquet,
final/x264_crf38__ambush_5.parquet,
final/x264_crf38__ambush_5__frames.parquet,
final/x264_crf38__ambush_6.parquet,
final/x264_crf38__ambush_6__frames.parquet,
final/x264_crf38__ambush_7.parquet,
final/x264_crf38__ambush_7__frames.parquet,
final/x264_crf38__bamboo_1.parquet,
final/x264_crf38__bamboo_1__frames.parquet,
final/x264_crf38__bamboo_2.parquet,
final/x264_crf38__bamboo_2__frames.parquet,
final/x264_crf38__bandage_1.parquet,
final/x264_crf38__bandage_1__frames.parquet,
final/x264_crf38__bandage_2.parquet,
final/x264_crf38__bandage_2__frames.parquet,
final/x264_crf38__cave_2.parquet,
final/x264_crf38__cave_2__frames.parquet,
final/x264_crf38__cave_4.parquet,
final/x264_crf38__cave_4__frames.parquet,
final/x264_crf38__market_2.parquet,
final/x264_crf38__market_2__frames.parquet,
final/x264_crf38__market_5.parquet,
final/x264_crf38__market_5__frames.parquet,
final/x264_crf38__market_6.parquet,
final/x264_crf38__market_6__frames.parquet,
final/x264_crf38__mountain_1.parquet,
final/x264_crf38__mountain_1__frames.parquet,
final/x264_crf38__shaman_2.parquet,
final/x264_crf38__shaman_2__frames.parquet,
final/x264_crf38__shaman_3.parquet,
final/x264_crf38__shaman_3__frames.parquet,
final/x264_crf38__sleeping_1.parquet,
final/x264_crf38__sleeping_1__frames.parquet,
final/x264_crf38__sleeping_2.parquet,
final/x264_crf38__sleeping_2__frames.parquet,
final/x264_crf38__temple_2.parquet,
final/x264_crf38__temple_2__frames.parquet,
final/x264_crf38__temple_3.parquet,
final/x264_crf38__temple_3__frames.parquet,
final/x264_crf45__alley_1.parquet,
final/x264_crf45__alley_1__frames.parquet,
final/x264_crf45__alley_2.parquet,
final/x264_crf45__alley_2__frames.parquet,
final/x264_crf45__ambush_2.parquet,
final/x264_crf45__ambush_2__frames.parquet,
final/x264_crf45__ambush_4.parquet,
final/x264_crf45__ambush_4__frames.parquet,
final/x264_crf45__ambush_5.parquet,
final/x264_crf45__ambush_5__frames.parquet,
final/x264_crf45__ambush_6.parquet,
final/x264_crf45__ambush_6__frames.parquet,
final/x264_crf45__ambush_7.parquet,
final/x264_crf45__ambush_7__frames.parquet,
final/x264_crf45__bamboo_1.parquet,
final/x264_crf45__bamboo_1__frames.parquet,
final/x264_crf45__bamboo_2.parquet,
final/x264_crf45__bamboo_2__frames.parquet,
final/x264_crf45__bandage_1.parquet,
final/x264_crf45__bandage_1__frames.parquet,
final/x264_crf45__bandage_2.parquet,
final/x264_crf45__bandage_2__frames.parquet,
final/x264_crf45__cave_2.parquet,
final/x264_crf45__cave_2__frames.parquet,
final/x264_crf45__cave_4.parquet,
final/x264_crf45__cave_4__frames.parquet,
final/x264_crf45__market_2.parquet,
final/x264_crf45__market_2__frames.parquet,
final/x264_crf45__market_5.parquet,
final/x264_crf45__market_5__frames.parquet,
final/x264_crf45__market_6.parquet,
final/x264_crf45__market_6__frames.parquet,
final/x264_crf45__mountain_1.parquet,
final/x264_crf45__mountain_1__frames.parquet,
final/x264_crf45__shaman_2.parquet,
final/x264_crf45__shaman_2__frames.parquet,
final/x264_crf45__shaman_3.parquet,
final/x264_crf45__shaman_3__frames.parquet,
final/x264_crf45__sleeping_1.parquet,
final/x264_crf45__sleeping_1__frames.parquet,
final/x264_crf45__sleeping_2.parquet,
final/x264_crf45__sleeping_2__frames.parquet,
final/x264_crf45__temple_2.parquet,
final/x264_crf45__temple_2__frames.parquet,
final/x264_crf45__temple_3.parquet,
final/x264_crf45__temple_3__frames.parquet,
final/x264_qp24__alley_1.parquet,
final/x264_qp24__alley_1__frames.parquet,
final/x264_qp24__alley_2.parquet,
final/x264_qp24__alley_2__frames.parquet,
final/x264_qp24__ambush_2.parquet,
final/x264_qp24__ambush_2__frames.parquet,
final/x264_qp24__ambush_4.parquet,
final/x264_qp24__ambush_4__frames.parquet,
final/x264_qp24__ambush_5.parquet,
final/x264_qp24__ambush_5__frames.parquet,
final/x264_qp24__ambush_6.parquet,
final/x264_qp24__ambush_6__frames.parquet,
final/x264_qp24__ambush_7.parquet,
final/x264_qp24__ambush_7__frames.parquet,
final/x264_qp24__bamboo_1.parquet,
final/x264_qp24__bamboo_1__frames.parquet,
final/x264_qp24__bamboo_2.parquet,
final/x264_qp24__bamboo_2__frames.parquet,
final/x264_qp24__bandage_1.parquet,
final/x264_qp24__bandage_1__frames.parquet,
final/x264_qp24__bandage_2.parquet,
final/x264_qp24__bandage_2__frames.parquet,
final/x264_qp24__cave_2.parquet,
final/x264_qp24__cave_2__frames.parquet,
final/x264_qp24__cave_4.parquet,
final/x264_qp24__cave_4__frames.parquet,
final/x264_qp24__market_2.parquet,
final/x264_qp24__market_2__frames.parquet,
final/x264_qp24__market_5.parquet,
final/x264_qp24__market_5__frames.parquet,
final/x264_qp24__market_6.parquet,
final/x264_qp24__market_6__frames.parquet,
final/x264_qp24__mountain_1.parquet,
final/x264_qp24__mountain_1__frames.parquet,
final/x264_qp24__shaman_2.parquet,
final/x264_qp24__shaman_2__frames.parquet,
final/x264_qp24__shaman_3.parquet,
final/x264_qp24__shaman_3__frames.parquet,
final/x264_qp24__sleeping_1.parquet,
final/x264_qp24__sleeping_1__frames.parquet,
final/x264_qp24__sleeping_2.parquet,
final/x264_qp24__sleeping_2__frames.parquet,
final/x264_qp24__temple_2.parquet,
final/x264_qp24__temple_2__frames.parquet,
final/x264_qp24__temple_3.parquet,
final/x264_qp24__temple_3__frames.parquet,
final/x264_qp24_bf2_pb1__alley_1.parquet,49
final/x264_qp24_bf2_pb1__alley_1__frames.parquet,49
final/x264_qp24_bf2_pb1__alley_2.parquet,49
final/x264_qp24_bf2_pb1__alley_2__frames.parquet,49
final/x264_qp24_bf2_pb1__ambush_2.parquet,
final/x264_qp24_bf2_pb1__ambush_2__frames.parquet,
final/x264_qp24_bf2_pb1__ambush_4.parquet,
final/x264_qp24_bf2_pb1__ambush_4__frames.parquet,
final/x264_qp24_bf2_pb1__ambush_5.parquet,49
final/x264_qp24_bf2_pb1__ambush_5__frames.parquet,49
final/x264_qp24_bf2_pb1__ambush_6.parquet,19
final/x264_qp24_bf2_pb1__ambush_6__frames.parquet,19
final/x264_qp24_bf2_pb1__ambush_7.parquet,49
final/x264_qp24_bf2_pb1__ambush_7__frames.parquet,49
final/x264_qp24_bf2_pb1__bamboo_1.parquet,49
final/x264_qp24_bf2_pb1__bamboo_1__frames.parquet,49
final/x264_qp24_bf2_pb1__bamboo_2.parquet,49
final/x264_qp24_bf2_pb1__bamboo_2__frames.parquet,49
final/x264_qp24_bf2_pb1__bandage_1.parquet,49
final/x264_qp24_bf2_pb1__bandage_1__frames.parquet,49
final/x264_qp24_bf2_pb1__bandage_2.parquet,49
final/x264_qp24_bf2_pb1__bandage_2__frames.parquet,49
final/x264_qp24_bf2_pb1__cave_2.parquet,49
final/x264_qp24_bf2_pb1__cave_2__frames.parquet,49
final/x264_qp24_bf2_pb1__cave_4.parquet,49
final/x264_qp24_bf2_pb1__cave_4__frames.parquet,49
final/x264_qp24_bf2_pb1__market_2.parquet,49
final/x264_qp24_bf2_pb1__market_2__frames.parquet,49
final/x264_qp24_bf2_pb1__market_5.parquet,49
final/x264_qp24_bf2_pb1__market_5__frames.parquet,49
final/x264_qp24_bf2_pb1__market_6.parquet,
final/x264_qp24_bf2_pb1__market_6__frames.parquet,
final/x264_qp24_bf2_pb1__mountain_1.parquet,49
final/x264_qp24_bf2_pb1__mountain_1__frames.parquet,49
final/x264_qp24_bf2_pb1__shaman_2.parquet,49
final/x264_qp24_bf2_pb1__shaman_2__frames.parquet,49
final/x264_qp24_bf2_pb1__shaman_3.parquet,49
final/x264_qp24_bf2_pb1__shaman_3__frames.parquet,49
final/x264_qp24_bf2_pb1__sleeping_1.parquet,49
final/x264_qp24_bf2_pb1__sleeping_1__frames.parquet,49
final/x264_qp24_bf2_pb1__sleeping_2.parquet,49
final/x264_qp24_bf2_pb1__sleeping_2__frames.parquet,49
final/x264_qp24_bf2_pb1__temple_2.parquet,49
final/x264_qp24_bf2_pb1__temple_2__frames.parquet,49
final/x264_qp24_bf2_pb1__temple_3.parquet,49
final/x264_qp24_bf2_pb1__temple_3__frames.parquet,49
