data,arm,n,median,min,max
Sintel clean,x264 CRF 12,23,0.0007949256868338,4.472411927028127e-06,0.0970173799485876
Sintel final,x264 CRF 12,23,0.000768653355352,1.7889647708112508e-05,0.4567329412848889
Sintel clean,x264 CRF 18,23,0.0008016814292148,1.7889647708112508e-05,0.0786237196551432
Sintel final,x264 CRF 18,23,0.0007806635640294,1.7889647708112508e-05,0.4541390980288439
Sintel clean,x264 CRF 23,23,0.0008317069509082,1.3417235781084382e-05,0.0770278542203148
Sintel final,x264 CRF 23,23,0.0008684882149827,1.7889647708112508e-05,0.44871690171342
Sintel clean,x264 CRF 28,23,0.0008067490149344,1.3417235781084382e-05,0.087620504698063
Sintel final,x264 CRF 28,23,0.0010071532013867,1.7889647708112508e-05,0.4493792233305037
Sintel clean,x264 CRF 33,23,0.0009002317931248,1.7889647708112508e-05,0.1231491145194534
Sintel final,x264 CRF 33,23,0.0012145323524996,1.7889647708112508e-05,0.408099504082943
Sintel clean,x264 CRF 38,23,0.0015981083921333,4.472411927028127e-06,0.2323902243127476
Sintel final,x264 CRF 38,23,0.0018028519194522,1.616322082192287e-05,0.3287909858327608
Sintel clean,x264 CRF 45,23,0.0036349863326079,8.944823854056254e-06,0.1938916564708597
Sintel final,x264 CRF 45,23,0.0032095027682278,8.944823854056254e-06,0.2118267864140154
Sintel clean,NVENC QP 18,23,0.000951809037682,1.7889647708112508e-05,0.172955100738069
Sintel final,NVENC QP 18,23,0.0009195316018615,1.7889647708112508e-05,0.4387079034299119
Sintel clean,NVENC QP 23,23,0.0009255367062002,8.944823854056254e-06,0.1651698248069414
Sintel final,NVENC QP 23,23,0.0008752439573637,1.3417235781084382e-05,0.3668819711410587
Sintel clean,NVENC QP 28,23,0.0008767452334484,4.472411927028127e-06,0.1613614755087102
Sintel final,NVENC QP 28,23,0.0008662363008557,8.944823854056254e-06,0.3051129880220184
Sintel clean,NVENC QP 33,23,0.0009007656508031,4.472411927028127e-06,0.1609733730226815
Sintel final,NVENC QP 33,23,0.0009157784116499,8.944823854056254e-06,0.2440055772874633
Sintel clean,NVENC QP 38,23,0.0009959228259181,4.472411927028127e-06,0.1441598442794967
Sintel final,NVENC QP 38,23,0.0010681579342441,1.3417235781084382e-05,0.1849825316419657
Sintel clean,NVENC QP 45,23,0.0012196926256809,9.236126183955926e-06,0.0781209845815423
Sintel final,NVENC QP 45,23,0.001606365410599,1.3854189275933888e-05,0.1073388082256748
CCTV confirmatory (all clips),x264 CRF 12,50,0.0060788038652618,0.0019560953337398,0.0743189428520044
CCTV confirmatory (eligible),x264 CRF 12,27,0.0071665489498302,0.0019560953337398,0.0743189428520044
CCTV confirmatory (all clips),x264 CRF 45,50,0.00181033969024365,0.0001861950037285,0.0125321635171481
CCTV confirmatory (eligible),x264 CRF 45,27,0.0034111347515623,0.0009786250507388,0.0125321635171481
CCTV confirmatory (all clips),x264 QP 24,50,0.00641936805795855,0.0018398464619982,0.0230273204469815
CCTV confirmatory (eligible),x264 QP 24,27,0.0074196960889592,0.0018398464619982,0.0230273204469815
CCTV confirmatory (all clips),NVENC QP 18,50,0.0141194722179743,0.0039568684251502,0.0503699762810397
CCTV confirmatory (eligible),NVENC QP 18,27,0.0171245388434711,0.0039568684251502,0.0503699762810397
CCTV confirmatory (all clips),NVENC QP 23,50,0.0072366976846408,0.001969876955178,0.0231414264765058
CCTV confirmatory (eligible),NVENC QP 23,27,0.0079125134087032,0.001969876955178,0.0231414264765058
CCTV confirmatory (all clips),NVENC QP 28,50,0.0046352671301809,0.0014503814197969,0.0210383224711702
CCTV confirmatory (eligible),NVENC QP 28,27,0.0054043916777856,0.0014503814197969,0.0210383224711702
CCTV confirmatory (all clips),NVENC QP 45,50,0.0015480168829678002,0.000148385067114,0.0059280028924589
CCTV confirmatory (eligible),NVENC QP 45,27,0.0025240069926232,0.0008135125465214,0.0059280028924589
