prediction,value_23,threshold_23,verdict_23,value_19,threshold_19,verdict_19,change
P1 x264 CRF 45 vs 12,23/23 with diff > 0.001,>= 18/23 (= 18/23 scaled),PASS,19/19 with diff > 0.001,>= 15/19 (= 18/23 scaled),PASS,
P1 NVENC QP 45 vs 18,23/23 with diff > 0.001,>= 18/23 (= 18/23 scaled),PASS,19/19 with diff > 0.001,>= 15/19 (= 18/23 scaled),PASS,
"P1 mpeg4 q 31 vs 2 (reported, not a kill rule)",19/23 with diff > 0.001,>= 16/23 (= 16/23 scaled),PASS,15/19 with diff > 0.001,>= 14/19 (= 16/23 scaled),PASS,
"P1 Spearman(CRF, stale/valid) >= 0.8",23/23,>= 16/23 (= 16/23 scaled),PASS,19/19,>= 14/19 (= 16/23 scaled),PASS,
P2 x264 QP 24: B naive minus bf0 d1,23/23 with diff > 0.001,>= 18/23,PASS,19/19 with diff > 0.001,>= 15/19,PASS,
P2 NVENC QP 28 B=P: B naive minus bf0 d1,22/23 with diff > 0.001,>= 16/23,PASS,18/19 with diff > 0.001,>= 14/19,PASS,
"P2b abs(B scaled - B naive), x264 QP 24 pair",median 0.0009,< 0.005,PASS,median 0.0009,< 0.005,PASS,
"P2b abs(B scaled - B naive), NVENC QP 28 B=P pair",median 0.0005,< 0.005,PASS,median 0.0005,< 0.005,PASS,
P3 ref 2,median abs diff 0.00073,< 0.5 x 0.01613 = 0.00806,PASS,median abs diff 0.00092,< 0.5 x 0.02003 = 0.01002,PASS,
P3 ref 3,median abs diff 0.00045,< 0.5 x 0.01613 = 0.00806,PASS,median abs diff 0.00071,< 0.5 x 0.02003 = 0.01002,PASS,
P3 keyint 30,median abs diff 0.00012,< 0.5 x 0.01613 = 0.00806,PASS,median abs diff 0.00012,< 0.5 x 0.02003 = 0.01002,PASS,
P3 umh 32,median abs diff 0.00029,< 0.5 x 0.01613 = 0.00806,PASS,median abs diff 0.00048,< 0.5 x 0.02003 = 0.01002,PASS,
P3 umh 64,median abs diff 0.00023,< 0.5 x 0.01613 = 0.00806,PASS,median abs diff 0.00028,< 0.5 x 0.02003 = 0.01002,PASS,
P2c median x264 B effect > every P3 median,0.03859,> 0.00073 (ref 2),PASS,0.03899,> 0.00092 (ref 2),PASS,
