unit,data,frames,cells_per_frame,excluded_share,no_landing_share,partial_cover_share,results_csv_x264_crf12_d1,eligible
alley_1,Sintel,49,27904,0.01827841228234417,0.005784409520689009,0.01249400276165516,0.0182784122823441,
alley_2,Sintel,49,27904,0.018674083739000147,0.01228483079011421,0.006389252948885937,0.0186740837390001,
ambush_2,Sintel,20,27904,0.1987062786697248,0.16853856077981652,0.03016771788990827,0.1987062786697248,
ambush_4,Sintel,32,27904,0.23114741614105505,0.18114674419438073,0.05000067194667432,0.231147416141055,
ambush_5,Sintel,49,27904,0.13566411369593712,0.0854189582943269,0.05024515540161022,0.1356641136959371,
ambush_6,Sintel,19,27904,0.1831354116368904,0.1489014968614196,0.0342339147754708,0.1831354116368904,
ambush_7,Sintel,49,27904,0.023840485161954694,0.018782326577419958,0.005058158584534737,0.0238404851619546,
bamboo_1,Sintel,49,27904,0.025668180116083184,0.004451852415278038,0.021216327700805147,0.0256681801160831,
bamboo_2,Sintel,49,27904,0.03526668695000934,0.012500585096423891,0.02276610185358545,0.0352666869500093,
bandage_1,Sintel,49,27904,0.023919473179179973,0.010420567309492604,0.01349890586968737,0.0239194731791799,
bandage_2,Sintel,49,27904,0.020905495225613135,0.008613350730200336,0.012292144495412799,0.0209054952256131,
cave_2,Sintel,49,27904,0.16848217211196403,0.13860202911439806,0.029880142997565973,0.168482172111964,
cave_4,Sintel,49,27904,0.11500509033888784,0.06993730691818012,0.04506778342070772,0.1150050903388878,
market_2,Sintel,49,27904,0.0318884864725707,0.019017827888035948,0.01287065858453475,0.0318884864725707,
market_5,Sintel,49,27904,0.20732379821194535,0.1700407227111028,0.03728307550084256,0.2073237982119453,
market_6,Sintel,39,27904,0.07859455863326281,0.0381628954951776,0.04043166313808521,0.0785945586332628,
mountain_1,Sintel,49,27904,0.00820963419771581,0.0028157765399737878,0.005393857657742022,0.0082096341977158,
shaman_2,Sintel,49,27904,0.017480487034263192,0.0009800365100168507,0.01650045052424634,0.0174804870342631,
shaman_3,Sintel,49,27904,0.0064046117300130545,0.0030644425201273168,0.0033401692098857377,0.006404611730013,
sleeping_1,Sintel,49,27904,5.558416026962831e-05,0.0,5.558416026962831e-05,5.558416026962831e-05,
sleeping_2,Sintel,49,27904,0.0008754505242464239,0.0,0.0008754505242464239,0.0008754505242464,
temple_2,Sintel,49,27904,0.06541158607938591,0.045015124742557575,0.020396461336828334,0.0654115860793859,
temple_3,Sintel,49,27904,0.1600494699026399,0.11293604310990452,0.04711342679273539,0.1600494699026399,
VIRAT_S_000205_02_000409_000566,CCTV confirmatory,299,57600,0.0,0.0,0.0,,False
VIRAT_S_000206_07_001501_001600,CCTV confirmatory,299,57600,2.9612597547380154e-06,0.0,2.9612597547380154e-06,,True
VIRAT_S_000206_08_001618_001712,CCTV confirmatory,299,57600,9.638610182088443e-06,0.0,9.638610182088443e-06,,True
VIRAT_S_000207_00_000000_000045,CCTV confirmatory,299,57600,7.652824228911185e-05,1.799981419546637e-06,7.472826086956521e-05,,True
VIRAT_S_000207_01_000094_000156,CCTV confirmatory,299,57600,8.790876997398736e-05,2.5548123374210332e-06,8.535395763656633e-05,,True
VIRAT_S_000207_03_000556_000590,CCTV confirmatory,299,57600,4.163182831661093e-05,2.5548123374210332e-06,3.9077015979189894e-05,,True
VIRAT_S_000207_04_000902_000934,CCTV confirmatory,299,57600,6.526384243775548e-05,4.180602006688963e-06,6.108324043106652e-05,,True
VIRAT_S_000207_05_001125_001193,CCTV confirmatory,299,57600,7.647017837235228e-05,1.5096618357487922e-06,7.496051653660349e-05,,True
VIRAT_S_010000_00_000000_000165,CCTV confirmatory,299,57600,9.899897807506503e-05,6.387030843552583e-07,9.836027499070977e-05,,True
VIRAT_S_010000_01_000184_000324,CCTV confirmatory,299,57600,6.979282794500186e-05,2.903195837978447e-07,6.950250836120402e-05,,True
VIRAT_S_010000_02_000388_000421,CCTV confirmatory,291,57600,7.755822833142421e-07,0.0,7.755822833142421e-07,,False
VIRAT_S_010000_03_000442_000528,CCTV confirmatory,299,57600,2.0322370865849125e-06,0.0,2.0322370865849125e-06,,False
VIRAT_S_010000_04_000530_000605,CCTV confirmatory,299,57600,2.670940170940171e-06,0.0,2.670940170940171e-06,,False
VIRAT_S_010000_05_000638_000718,CCTV confirmatory,299,57600,3.483835005574136e-06,0.0,3.483835005574136e-06,,False
VIRAT_S_010000_06_000728_000762,CCTV confirmatory,299,57600,9.928929765886288e-06,1.1612783351913787e-07,9.812801932367149e-06,,True
VIRAT_S_010000_07_000827_000860,CCTV confirmatory,299,57600,5.359299516908213e-05,2.2644927536231883e-06,5.1328502415458934e-05,,True
VIRAT_S_010000_08_000893_001024,CCTV confirmatory,299,57600,6.851542177629134e-06,6.967670011148272e-07,6.154775176514307e-06,,False
VIRAT_S_010001_00_000019_000065,CCTV confirmatory,299,57600,4.761241174284653e-06,0.0,4.761241174284653e-06,,False
VIRAT_S_010001_01_000071_000167,CCTV confirmatory,299,57600,4.4128576737272386e-06,0.0,4.4128576737272386e-06,,False
VIRAT_S_010001_02_000195_000498,CCTV confirmatory,299,57600,5.9805834262356e-06,0.0,5.9805834262356e-06,,False
VIRAT_S_010001_03_000537_000563,CCTV confirmatory,195,57600,8.457977207977209e-06,0.0,8.457977207977209e-06,,False
VIRAT_S_010001_04_000583_000646,CCTV confirmatory,299,57600,1.0451505016722408e-06,0.0,1.0451505016722408e-06,,False
VIRAT_S_010001_05_000649_000684,CCTV confirmatory,299,57600,2.72900408769974e-06,0.0,2.72900408769974e-06,,False
VIRAT_S_010001_06_000685_000722,CCTV confirmatory,299,57600,3.599962839093274e-06,0.0,3.599962839093274e-06,,False
VIRAT_S_010001_07_000741_000810,CCTV confirmatory,299,57600,4.4128576737272386e-06,0.0,4.4128576737272386e-06,,False
VIRAT_S_010001_08_000826_000893,CCTV confirmatory,299,57600,0.0,0.0,0.0,,False
VIRAT_S_010001_09_000921_000952,CCTV confirmatory,269,57600,2.3234200743494424e-06,0.0,2.3234200743494424e-06,,False
VIRAT_S_010001_10_000962_001005,CCTV confirmatory,299,57600,2.9031958379784468e-06,0.0,2.9031958379784468e-06,,False
VIRAT_S_010002_00_000012_000120,CCTV confirmatory,299,57600,1.6257896692679301e-06,0.0,1.6257896692679301e-06,,False
VIRAT_S_010002_01_000123_000148,CCTV confirmatory,247,57600,1.7571974808816915e-06,0.0,1.7571974808816915e-06,,False
VIRAT_S_010002_02_000174_000204,CCTV confirmatory,299,57600,6.729607952434039e-05,2.903195837978447e-07,6.700575994054255e-05,,True
VIRAT_S_010002_03_000236_000261,CCTV confirmatory,206,57600,9.776159654800432e-06,1.348435814455232e-06,8.427723840345199e-06,,False
VIRAT_S_010002_04_000307_000350,CCTV confirmatory,299,57600,4.180602006688963e-06,0.0,4.180602006688963e-06,,False
VIRAT_S_010003_00_000000_000108,CCTV confirmatory,299,57600,0.00012646321070234113,4.064474173169825e-06,0.0001223987365291713,,True
VIRAT_S_010003_01_000111_000137,CCTV confirmatory,233,57600,3.069861707200763e-05,1.5647353361945636e-06,2.9133881735813066e-05,,True
VIRAT_S_010003_02_000165_000202,CCTV confirmatory,299,57600,4.35479375696767e-06,0.0,4.35479375696767e-06,,True
VIRAT_S_010003_03_000219_000259,CCTV confirmatory,299,57600,1.3470828688219992e-05,0.0,1.3470828688219992e-05,,True
VIRAT_S_010003_05_000499_000523,CCTV confirmatory,236,57600,1.647834274952919e-05,0.0,1.647834274952919e-05,,True
VIRAT_S_010003_06_000526_000560,CCTV confirmatory,299,57600,5.5683296172426606e-05,2.0322370865849125e-06,5.365105908584169e-05,,True
VIRAT_S_010003_07_000608_000636,CCTV confirmatory,194,57600,8.770045819014892e-06,8.949026345933562e-08,8.680555555555556e-06,,True
VIRAT_S_010003_10_000901_000934,CCTV confirmatory,299,57600,2.4735228539576365e-05,2.438684503901895e-06,2.229654403567447e-05,,True
VIRAT_S_010003_13_001066_001124,CCTV confirmatory,299,57600,2.1541713117800073e-05,0.0,2.1541713117800073e-05,,True
VIRAT_S_010004_03_000239_000277,CCTV confirmatory,299,57600,0.00014434689706428836,7.548309178743961e-07,0.00014359206614641398,,True
VIRAT_S_010004_06_000547_000715,CCTV confirmatory,299,57600,4.4128576737272386e-06,0.0,4.4128576737272386e-06,,False
VIRAT_S_010004_07_000729_000809,CCTV confirmatory,299,57600,1.5096618357487922e-05,1.2193422519509476e-06,1.3877276105536976e-05,,True
VIRAT_S_010004_08_000811_000920,CCTV confirmatory,299,57600,3.089000371609067e-05,1.3354700854700855e-06,2.9554533630620586e-05,,True
VIRAT_S_010005_00_000048_000075,CCTV confirmatory,247,57600,2.818544759334233e-05,7.028789923526765e-08,2.8115159694107064e-05,,True
VIRAT_S_010005_02_000177_000203,CCTV confirmatory,299,57600,0.00020705592716462282,7.780564845782237e-06,0.00019927536231884057,,True
VIRAT_S_010005_03_000215_000270,CCTV confirmatory,299,57600,8.941843180973616e-06,5.8063916759568937e-08,8.883779264214047e-06,,False
VIRAT_S_010005_04_000299_000323,CCTV confirmatory,192,57600,1.826533564814815e-05,0.0,1.826533564814815e-05,,True
