collection,clip,source_avg_fps,fps_used,run_log_fps,arm_npz_fps,encoded_mp4_avg_rate,start_frame
virat,VIRAT_S_000002,30000/1001,30000/1001,30000/1001,30000/1001,30000/1001 x22,
virat,VIRAT_S_000205_02_000409_000566,30,30,30,30,30 x22,
virat,VIRAT_S_000206_07_001501_001600,30,30,30,30,30 x22,
virat,VIRAT_S_000206_08_001618_001712,30,30,30,30,30 x22,
virat,VIRAT_S_000207_00_000000_000045,30,30,30,30,30 x22,
virat,VIRAT_S_000207_01_000094_000156,30,30,30,30,30 x22,
virat,VIRAT_S_000207_03_000556_000590,30,30,30,30,30 x22,
virat,VIRAT_S_000207_04_000902_000934,30,30,30,30,30 x22,
virat,VIRAT_S_000207_05_001125_001193,30,30,30,30,30 x22,
virat,VIRAT_S_010000_00_000000_000165,2397/100,2397/100,2397/100,2397/100,2397/100 x22,
virat,VIRAT_S_010000_01_000184_000324,2397/100,2397/100,2397/100,2397/100,2397/100 x22,
virat,VIRAT_S_010000_02_000388_000421,2397/100,2397/100,2397/100,2397/100,2397/100 x22,
virat,VIRAT_S_010000_03_000442_000528,2397/100,2397/100,2397/100,2397/100,2397/100 x22,
virat,VIRAT_S_010000_04_000530_000605,2397/100,2397/100,2397/100,2397/100,2397/100 x22,
virat,VIRAT_S_010000_05_000638_000718,2397/100,2397/100,2397/100,2397/100,2397/100 x22,
virat,VIRAT_S_010000_06_000728_000762,2397/100,2397/100,2397/100,2397/100,2397/100 x22,
virat,VIRAT_S_010000_07_000827_000860,2397/100,2397/100,2397/100,2397/100,2397/100 x22,
virat,VIRAT_S_010000_08_000893_001024,2397/100,2397/100,2397/100,2397/100,2397/100 x22,
virat,VIRAT_S_010001_00_000019_000065,2397/100,2397/100,2397/100,2397/100,2397/100 x22,
virat,VIRAT_S_010001_01_000071_000167,2397/100,2397/100,2397/100,2397/100,2397/100 x22,
virat,VIRAT_S_010001_02_000195_000498,2397/100,2397/100,2397/100,2397/100,2397/100 x22,
virat,VIRAT_S_010001_03_000537_000563,2397/100,2397/100,2397/100,2397/100,2397/100 x22,
virat,VIRAT_S_010001_04_000583_000646,2397/100,2397/100,2397/100,2397/100,2397/100 x22,
virat,VIRAT_S_010001_05_000649_000684,2397/100,2397/100,2397/100,2397/100,2397/100 x22,
virat,VIRAT_S_010001_06_000685_000722,2397/100,2397/100,2397/100,2397/100,2397/100 x22,
virat,VIRAT_S_010001_07_000741_000810,2397/100,2397/100,2397/100,2397/100,2397/100 x22,
virat,VIRAT_S_010001_08_000826_000893,2397/100,2397/100,2397/100,2397/100,2397/100 x22,
virat,VIRAT_S_010001_09_000921_000952,2397/100,2397/100,2397/100,2397/100,2397/100 x22,
virat,VIRAT_S_010001_10_000962_001005,2397/100,2397/100,2397/100,2397/100,2397/100 x22,
virat,VIRAT_S_010002_00_000012_000120,2397/100,2397/100,2397/100,2397/100,2397/100 x22,
virat,VIRAT_S_010002_01_000123_000148,2397/100,2397/100,2397/100,2397/100,2397/100 x22,
virat,VIRAT_S_010002_02_000174_000204,2397/100,2397/100,2397/100,2397/100,2397/100 x22,
virat,VIRAT_S_010002_03_000236_000261,2397/100,2397/100,2397/100,2397/100,2397/100 x22,
virat,VIRAT_S_010002_04_000307_000350,2397/100,2397/100,2397/100,2397/100,2397/100 x22,
virat,VIRAT_S_010002_05_000397_000420,2397/100,2397/100,2397/100,2397/100,2397/100 x22,
virat,VIRAT_S_010002_06_000441_000467,2397/100,2397/100,2397/100,2397/100,2397/100 x22,
virat,VIRAT_S_010002_07_000522_000547,2397/100,2397/100,2397/100,2397/100,2397/100 x22,
virat,VIRAT_S_010003_00_000000_000108,2397/100,2397/100,2397/100,2397/100,2397/100 x22,
virat,VIRAT_S_010003_01_000111_000137,2397/100,2397/100,2397/100,2397/100,2397/100 x22,
virat,VIRAT_S_010003_02_000165_000202,2397/100,2397/100,2397/100,2397/100,2397/100 x22,
virat,VIRAT_S_010003_03_000219_000259,2397/100,2397/100,2397/100,2397/100,2397/100 x22,
virat,VIRAT_S_010003_05_000499_000523,2397/100,2397/100,2397/100,2397/100,2397/100 x22,
virat,VIRAT_S_010003_06_000526_000560,2397/100,2397/100,2397/100,2397/100,2397/100 x22,
virat,VIRAT_S_010003_07_000608_000636,2397/100,2397/100,2397/100,2397/100,2397/100 x22,
virat,VIRAT_S_010003_10_000901_000934,2397/100,2397/100,2397/100,2397/100,2397/100 x22,
virat,VIRAT_S_010003_13_001066_001124,2397/100,2397/100,2397/100,2397/100,2397/100 x22,
virat,VIRAT_S_010004_03_000239_000277,2397/100,2397/100,2397/100,2397/100,2397/100 x22,
virat,VIRAT_S_010004_06_000547_000715,2397/100,2397/100,2397/100,2397/100,2397/100 x22,
virat,VIRAT_S_010004_07_000729_000809,2397/100,2397/100,2397/100,2397/100,2397/100 x22,
virat,VIRAT_S_010004_08_000811_000920,2397/100,2397/100,2397/100,2397/100,2397/100 x22,
virat,VIRAT_S_010005_00_000048_000075,2397/100,2397/100,2397/100,2397/100,2397/100 x22,
virat,VIRAT_S_010005_02_000177_000203,2397/100,2397/100,2397/100,2397/100,2397/100 x22,
virat,VIRAT_S_010005_03_000215_000270,2397/100,2397/100,2397/100,2397/100,2397/100 x22,
virat,VIRAT_S_010005_04_000299_000323,2397/100,2397/100,2397/100,2397/100,2397/100 x22,
virat_confirm,VIRAT_S_000205_02_000409_000566,30,30,30,30,30 x9,300
virat_confirm,VIRAT_S_000206_07_001501_001600,30,30,30,30,30 x9,300
virat_confirm,VIRAT_S_000206_08_001618_001712,30,30,30,30,30 x9,300
virat_confirm,VIRAT_S_000207_00_000000_000045,30,30,30,30,30 x9,300
virat_confirm,VIRAT_S_000207_01_000094_000156,30,30,30,30,30 x9,300
virat_confirm,VIRAT_S_000207_03_000556_000590,30,30,30,30,30 x9,300
virat_confirm,VIRAT_S_000207_04_000902_000934,30,30,30,30,30 x9,300
virat_confirm,VIRAT_S_000207_05_001125_001193,30,30,30,30,30 x9,300
virat_confirm,VIRAT_S_010000_00_000000_000165,2397/100,2397/100,2397/100,2397/100,2397/100 x9,300
virat_confirm,VIRAT_S_010000_01_000184_000324,2397/100,2397/100,2397/100,2397/100,2397/100 x9,300
virat_confirm,VIRAT_S_010000_02_000388_000421,2397/100,2397/100,2397/100,2397/100,2397/100 x9,300
virat_confirm,VIRAT_S_010000_03_000442_000528,2397/100,2397/100,2397/100,2397/100,2397/100 x9,300
virat_confirm,VIRAT_S_010000_04_000530_000605,2397/100,2397/100,2397/100,2397/100,2397/100 x9,300
virat_confirm,VIRAT_S_010000_05_000638_000718,2397/100,2397/100,2397/100,2397/100,2397/100 x9,300
virat_confirm,VIRAT_S_010000_06_000728_000762,2397/100,2397/100,2397/100,2397/100,2397/100 x9,300
virat_confirm,VIRAT_S_010000_07_000827_000860,2397/100,2397/100,2397/100,2397/100,2397/100 x9,300
virat_confirm,VIRAT_S_010000_08_000893_001024,2397/100,2397/100,2397/100,2397/100,2397/100 x9,300
virat_confirm,VIRAT_S_010001_00_000019_000065,2397/100,2397/100,2397/100,2397/100,2397/100 x9,300
virat_confirm,VIRAT_S_010001_01_000071_000167,2397/100,2397/100,2397/100,2397/100,2397/100 x9,300
virat_confirm,VIRAT_S_010001_02_000195_000498,2397/100,2397/100,2397/100,2397/100,2397/100 x9,300
virat_confirm,VIRAT_S_010001_03_000537_000563,2397/100,2397/100,2397/100,2397/100,2397/100 x9,300
virat_confirm,VIRAT_S_010001_04_000583_000646,2397/100,2397/100,2397/100,2397/100,2397/100 x9,300
virat_confirm,VIRAT_S_010001_05_000649_000684,2397/100,2397/100,2397/100,2397/100,2397/100 x9,300
virat_confirm,VIRAT_S_010001_06_000685_000722,2397/100,2397/100,2397/100,2397/100,2397/100 x9,300
virat_confirm,VIRAT_S_010001_07_000741_000810,2397/100,2397/100,2397/100,2397/100,2397/100 x9,300
virat_confirm,VIRAT_S_010001_08_000826_000893,2397/100,2397/100,2397/100,2397/100,2397/100 x9,300
virat_confirm,VIRAT_S_010001_09_000921_000952,2397/100,2397/100,2397/100,2397/100,2397/100 x9,300
virat_confirm,VIRAT_S_010001_10_000962_001005,2397/100,2397/100,2397/100,2397/100,2397/100 x9,300
virat_confirm,VIRAT_S_010002_00_000012_000120,2397/100,2397/100,2397/100,2397/100,2397/100 x9,300
virat_confirm,VIRAT_S_010002_01_000123_000148,2397/100,2397/100,2397/100,2397/100,2397/100 x9,300
virat_confirm,VIRAT_S_010002_02_000174_000204,2397/100,2397/100,2397/100,2397/100,2397/100 x9,300
virat_confirm,VIRAT_S_010002_03_000236_000261,2397/100,2397/100,2397/100,2397/100,2397/100 x9,300
virat_confirm,VIRAT_S_010002_04_000307_000350,2397/100,2397/100,2397/100,2397/100,2397/100 x9,300
virat_confirm,VIRAT_S_010003_00_000000_000108,2397/100,2397/100,2397/100,2397/100,2397/100 x9,300
virat_confirm,VIRAT_S_010003_01_000111_000137,2397/100,2397/100,2397/100,2397/100,2397/100 x9,300
virat_confirm,VIRAT_S_010003_02_000165_000202,2397/100,2397/100,2397/100,2397/100,2397/100 x9,300
virat_confirm,VIRAT_S_010003_03_000219_000259,2397/100,2397/100,2397/100,2397/100,2397/100 x9,300
virat_confirm,VIRAT_S_010003_05_000499_000523,2397/100,2397/100,2397/100,2397/100,2397/100 x9,300
virat_confirm,VIRAT_S_010003_06_000526_000560,2397/100,2397/100,2397/100,2397/100,2397/100 x9,300
virat_confirm,VIRAT_S_010003_07_000608_000636,2397/100,2397/100,2397/100,2397/100,2397/100 x9,300
virat_confirm,VIRAT_S_010003_10_000901_000934,2397/100,2397/100,2397/100,2397/100,2397/100 x9,300
virat_confirm,VIRAT_S_010003_13_001066_001124,2397/100,2397/100,2397/100,2397/100,2397/100 x9,300
virat_confirm,VIRAT_S_010004_03_000239_000277,2397/100,2397/100,2397/100,2397/100,2397/100 x9,300
virat_confirm,VIRAT_S_010004_06_000547_000715,2397/100,2397/100,2397/100,2397/100,2397/100 x9,300
virat_confirm,VIRAT_S_010004_07_000729_000809,2397/100,2397/100,2397/100,2397/100,2397/100 x9,300
virat_confirm,VIRAT_S_010004_08_000811_000920,2397/100,2397/100,2397/100,2397/100,2397/100 x9,300
virat_confirm,VIRAT_S_010005_00_000048_000075,2397/100,2397/100,2397/100,2397/100,2397/100 x9,300
virat_confirm,VIRAT_S_010005_02_000177_000203,2397/100,2397/100,2397/100,2397/100,2397/100 x9,300
virat_confirm,VIRAT_S_010005_03_000215_000270,2397/100,2397/100,2397/100,2397/100,2397/100 x9,300
virat_confirm,VIRAT_S_010005_04_000299_000323,2397/100,2397/100,2397/100,2397/100,2397/100 x9,300
