clip,arm,group,mask,moving_cells,stale_cells,valid_cells,stale_mov
VIRAT_S_000206_07_001501_001600,nvenc_qp18,d1,all valid (original),2499,46,17164749,0.01840736294517807
VIRAT_S_000206_07_001501_001600,nvenc_qp18,d1,high texture,965,20,3070572,0.02072538860103627
VIRAT_S_000206_07_001501_001600,nvenc_qp28,d1,all valid (original),2499,46,17164749,0.01840736294517807
VIRAT_S_000206_07_001501_001600,nvenc_qp28,d1,high texture,965,19,3070572,0.019689119170984457
VIRAT_S_000206_07_001501_001600,nvenc_qp28_bf2_bqeq,B,all valid (original),2133,280,11404751,0.13127051101734646
VIRAT_S_000206_07_001501_001600,nvenc_qp28_bf2_bqeq,B,high texture,840,110,2039844,0.13095238095238096
VIRAT_S_000206_07_001501_001600,nvenc_qp45,d1,all valid (original),2499,261,17164749,0.10444177671068428
VIRAT_S_000206_07_001501_001600,nvenc_qp45,d1,high texture,965,77,3070572,0.07979274611398963
VIRAT_S_000206_07_001501_001600,x264_crf12,d1,all valid (original),2499,60,17164749,0.024009603841536616
VIRAT_S_000206_07_001501_001600,x264_crf12,d1,high texture,965,26,3070572,0.02694300518134715
VIRAT_S_000206_07_001501_001600,x264_crf45,d1,all valid (original),2499,519,17164749,0.20768307322929172
VIRAT_S_000206_07_001501_001600,x264_crf45,d1,high texture,965,177,3070572,0.18341968911917098
VIRAT_S_000206_07_001501_001600,x264_qp24,d1,all valid (original),2499,56,17164749,0.022408963585434174
VIRAT_S_000206_07_001501_001600,x264_qp24,d1,high texture,965,21,3070572,0.021761658031088083
VIRAT_S_000206_07_001501_001600,x264_qp24_bf2_pb1,B,all valid (original),2133,303,11404751,0.1420534458509142
VIRAT_S_000206_07_001501_001600,x264_qp24_bf2_pb1,B,high texture,840,129,2039844,0.15357142857142858
VIRAT_S_000206_08_001618_001712,nvenc_qp18,d1,all valid (original),23090,288,17164634,0.012472932005197055
VIRAT_S_000206_08_001618_001712,nvenc_qp18,d1,high texture,12164,97,3277084,0.007974350542584677
VIRAT_S_000206_08_001618_001712,nvenc_qp28,d1,all valid (original),23090,179,17164634,0.0077522737115634476
VIRAT_S_000206_08_001618_001712,nvenc_qp28,d1,high texture,12164,89,3277084,0.007316672147319961
VIRAT_S_000206_08_001618_001712,nvenc_qp28_bf2_bqeq,B,all valid (original),16275,2134,11404687,0.13112135176651304
VIRAT_S_000206_08_001618_001712,nvenc_qp28_bf2_bqeq,B,high texture,8574,1136,2177492,0.132493585257756
VIRAT_S_000206_08_001618_001712,nvenc_qp45,d1,all valid (original),23090,721,17164634,0.03122563880467735
VIRAT_S_000206_08_001618_001712,nvenc_qp45,d1,high texture,12164,290,3277084,0.02384084182834594
VIRAT_S_000206_08_001618_001712,x264_crf12,d1,all valid (original),23090,295,17164634,0.012776093546990039
VIRAT_S_000206_08_001618_001712,x264_crf12,d1,high texture,12164,128,3277084,0.01052285432423545
VIRAT_S_000206_08_001618_001712,x264_crf45,d1,all valid (original),23090,3653,17164634,0.1582070160242529
VIRAT_S_000206_08_001618_001712,x264_crf45,d1,high texture,12164,1832,3277084,0.15060835251561985
VIRAT_S_000206_08_001618_001712,x264_qp24,d1,all valid (original),23090,197,17164634,0.008531831961888264
VIRAT_S_000206_08_001618_001712,x264_qp24,d1,high texture,12164,117,3277084,0.009618546530746465
VIRAT_S_000206_08_001618_001712,x264_qp24_bf2_pb1,B,all valid (original),16275,1831,11404687,0.11250384024577573
VIRAT_S_000206_08_001618_001712,x264_qp24_bf2_pb1,B,high texture,8574,988,2177492,0.1152320970375554
VIRAT_S_000207_00_000000_000045,nvenc_qp18,d1,all valid (original),29092,923,17163482,0.031726935239928505
VIRAT_S_000207_00_000000_000045,nvenc_qp18,d1,high texture,13920,317,3413282,0.022772988505747126
VIRAT_S_000207_00_000000_000045,nvenc_qp28,d1,all valid (original),29092,577,17163482,0.019833631238828545
VIRAT_S_000207_00_000000_000045,nvenc_qp28,d1,high texture,13920,248,3413282,0.017816091954022988
VIRAT_S_000207_00_000000_000045,nvenc_qp28_bf2_bqeq,B,all valid (original),19190,2649,11403883,0.13804064616988015
VIRAT_S_000207_00_000000_000045,nvenc_qp28_bf2_bqeq,B,high texture,9240,1280,2268022,0.13852813852813853
VIRAT_S_000207_00_000000_000045,nvenc_qp45,d1,all valid (original),29092,2250,17163482,0.07734084971813557
VIRAT_S_000207_00_000000_000045,nvenc_qp45,d1,high texture,13920,938,3413282,0.06738505747126437
VIRAT_S_000207_00_000000_000045,x264_crf12,d1,all valid (original),29092,842,17163482,0.02894266465007562
VIRAT_S_000207_00_000000_000045,x264_crf12,d1,high texture,13920,331,3413282,0.023778735632183908
VIRAT_S_000207_00_000000_000045,x264_crf45,d1,all valid (original),29092,7243,17163482,0.24896878867042485
VIRAT_S_000207_00_000000_000045,x264_crf45,d1,high texture,13920,3473,3413282,0.2494971264367816
VIRAT_S_000207_00_000000_000045,x264_qp24,d1,all valid (original),29092,633,17163482,0.021758559054035474
VIRAT_S_000207_00_000000_000045,x264_qp24,d1,high texture,13920,305,3413282,0.021910919540229886
VIRAT_S_000207_00_000000_000045,x264_qp24_bf2_pb1,B,all valid (original),19190,2775,11403883,0.14460656591974988
VIRAT_S_000207_00_000000_000045,x264_qp24_bf2_pb1,B,high texture,9240,1389,2268022,0.15032467532467533
VIRAT_S_000207_01_000094_000156,nvenc_qp18,d1,all valid (original),42796,743,17163292,0.01736143564819142
VIRAT_S_000207_01_000094_000156,nvenc_qp18,d1,high texture,17221,294,3402119,0.017072179315951456
VIRAT_S_000207_01_000094_000156,nvenc_qp28,d1,all valid (original),42796,666,17163292,0.015562202074960277
VIRAT_S_000207_01_000094_000156,nvenc_qp28,d1,high texture,17221,280,3402119,0.01625921839614424
VIRAT_S_000207_01_000094_000156,nvenc_qp28_bf2_bqeq,B,all valid (original),28338,3964,11403811,0.1398828428258875
VIRAT_S_000207_01_000094_000156,nvenc_qp28_bf2_bqeq,B,high texture,11342,1608,2261146,0.14177393757714687
VIRAT_S_000207_01_000094_000156,nvenc_qp45,d1,all valid (original),42796,3006,17163292,0.07024020936536125
VIRAT_S_000207_01_000094_000156,nvenc_qp45,d1,high texture,17221,941,3402119,0.05464258753847047
VIRAT_S_000207_01_000094_000156,x264_crf12,d1,all valid (original),42796,883,17163292,0.02063276941770259
VIRAT_S_000207_01_000094_000156,x264_crf12,d1,high texture,17221,345,3402119,0.020033679809534872
VIRAT_S_000207_01_000094_000156,x264_crf45,d1,all valid (original),42796,14567,17163292,0.34038227871763715
VIRAT_S_000207_01_000094_000156,x264_crf45,d1,high texture,17221,5164,3402119,0.2998664421346031
VIRAT_S_000207_01_000094_000156,x264_qp24,d1,all valid (original),42796,721,17163292,0.01684736891298252
VIRAT_S_000207_01_000094_000156,x264_qp24,d1,high texture,17221,333,3402119,0.01933685616398583
VIRAT_S_000207_01_000094_000156,x264_qp24_bf2_pb1,B,all valid (original),28338,3557,11403811,0.1255205025054697
VIRAT_S_000207_01_000094_000156,x264_qp24_bf2_pb1,B,high texture,11342,1555,2261146,0.1371010403808852
VIRAT_S_000207_03_000556_000590,nvenc_qp18,d1,all valid (original),34805,772,17164083,0.022180721160752766
VIRAT_S_000207_03_000556_000590,nvenc_qp18,d1,high texture,11082,206,3321669,0.018588702400288756
VIRAT_S_000207_03_000556_000590,nvenc_qp28,d1,all valid (original),34805,503,17164083,0.014451946559402384
VIRAT_S_000207_03_000556_000590,nvenc_qp28,d1,high texture,11082,187,3321669,0.016874210431330083
VIRAT_S_000207_03_000556_000590,nvenc_qp28_bf2_bqeq,B,all valid (original),23605,3173,11404266,0.13442067358610463
VIRAT_S_000207_03_000556_000590,nvenc_qp28_bf2_bqeq,B,high texture,7525,1135,2207728,0.15083056478405316
VIRAT_S_000207_03_000556_000590,nvenc_qp45,d1,all valid (original),34805,5136,17164083,0.14756500502801323
VIRAT_S_000207_03_000556_000590,nvenc_qp45,d1,high texture,11082,1182,3321669,0.10665944775311316
VIRAT_S_000207_03_000556_000590,x264_crf12,d1,all valid (original),34805,767,17164083,0.02203706364028157
VIRAT_S_000207_03_000556_000590,x264_crf12,d1,high texture,11082,250,3321669,0.022559104854719365
VIRAT_S_000207_03_000556_000590,x264_crf45,d1,all valid (original),34805,12193,17164083,0.3503232294210602
VIRAT_S_000207_03_000556_000590,x264_crf45,d1,high texture,11082,3470,3321669,0.3131203753835048
VIRAT_S_000207_03_000556_000590,x264_qp24,d1,all valid (original),34805,619,17164083,0.017784801034334146
VIRAT_S_000207_03_000556_000590,x264_qp24,d1,high texture,11082,236,3321669,0.021295794982855082
VIRAT_S_000207_03_000556_000590,x264_qp24_bf2_pb1,B,all valid (original),23605,3364,11404266,0.14251217962296123
VIRAT_S_000207_03_000556_000590,x264_qp24_bf2_pb1,B,high texture,7525,1292,2207728,0.17169435215946843
VIRAT_S_000207_04_000902_000934,nvenc_qp18,d1,all valid (original),19581,255,17163683,0.01302282825187682
VIRAT_S_000207_04_000902_000934,nvenc_qp18,d1,high texture,7289,29,3311024,0.0039785978872273284
VIRAT_S_000207_04_000902_000934,nvenc_qp28,d1,all valid (original),19581,235,17163683,0.012001429957611972
VIRAT_S_000207_04_000902_000934,nvenc_qp28,d1,high texture,7289,32,3311024,0.004390176979009466
VIRAT_S_000207_04_000902_000934,nvenc_qp28_bf2_bqeq,B,all valid (original),12579,1879,11404082,0.14937594403370696
VIRAT_S_000207_04_000902_000934,nvenc_qp28_bf2_bqeq,B,high texture,4581,710,2199849,0.15498799388779744
VIRAT_S_000207_04_000902_000934,nvenc_qp45,d1,all valid (original),19581,857,17163683,0.04376691690924876
VIRAT_S_000207_04_000902_000934,nvenc_qp45,d1,high texture,7289,383,3311024,0.05254493071751955
VIRAT_S_000207_04_000902_000934,x264_crf12,d1,all valid (original),19581,289,17163683,0.014759205352127061
VIRAT_S_000207_04_000902_000934,x264_crf12,d1,high texture,7289,56,3311024,0.007682809713266566
VIRAT_S_000207_04_000902_000934,x264_crf45,d1,all valid (original),19581,5296,17163683,0.2704662683213319
VIRAT_S_000207_04_000902_000934,x264_crf45,d1,high texture,7289,2047,3311024,0.2808341336260118
VIRAT_S_000207_04_000902_000934,x264_qp24,d1,all valid (original),19581,247,17163683,0.01261426893417088
VIRAT_S_000207_04_000902_000934,x264_qp24,d1,high texture,7289,56,3311024,0.007682809713266566
VIRAT_S_000207_04_000902_000934,x264_qp24_bf2_pb1,B,all valid (original),12579,1519,11404082,0.12075681691708402
VIRAT_S_000207_04_000902_000934,x264_qp24_bf2_pb1,B,high texture,4581,566,2199849,0.12355380921196245
VIRAT_S_000207_05_001125_001193,nvenc_qp18,d1,all valid (original),62631,2992,17163484,0.047771870160144336
VIRAT_S_000207_05_001125_001193,nvenc_qp18,d1,high texture,25455,989,3331458,0.03885287762718523
VIRAT_S_000207_05_001125_001193,nvenc_qp28,d1,all valid (original),62631,2686,17163484,0.042886110711947756
VIRAT_S_000207_05_001125_001193,nvenc_qp28,d1,high texture,25455,951,3331458,0.037360047142015324
VIRAT_S_000207_05_001125_001193,nvenc_qp28_bf2_bqeq,B,all valid (original),41094,6417,11403968,0.15615418309242224
VIRAT_S_000207_05_001125_001193,nvenc_qp28_bf2_bqeq,B,high texture,16702,2615,2214073,0.15656807567955933
VIRAT_S_000207_05_001125_001193,nvenc_qp45,d1,all valid (original),62631,11175,17163484,0.17842601906404176
VIRAT_S_000207_05_001125_001193,nvenc_qp45,d1,high texture,25455,3177,3331458,0.12480848556275781
VIRAT_S_000207_05_001125_001193,x264_crf12,d1,all valid (original),62631,3016,17163484,0.048155066979610736
VIRAT_S_000207_05_001125_001193,x264_crf12,d1,high texture,25455,1062,3331458,0.041720683559222156
VIRAT_S_000207_05_001125_001193,x264_crf45,d1,all valid (original),62631,32062,17163484,0.5119190177388194
VIRAT_S_000207_05_001125_001193,x264_crf45,d1,high texture,25455,11439,3331458,0.44938126104890985
VIRAT_S_000207_05_001125_001193,x264_qp24,d1,all valid (original),62631,2841,17163484,0.04536092350433491
VIRAT_S_000207_05_001125_001193,x264_qp24,d1,high texture,25455,1093,3331458,0.04293851895501866
VIRAT_S_000207_05_001125_001193,x264_qp24_bf2_pb1,B,all valid (original),41094,6381,11403968,0.15527814279456856
VIRAT_S_000207_05_001125_001193,x264_qp24_bf2_pb1,B,high texture,16702,2659,2214073,0.1592024907196743
VIRAT_S_010000_00_000000_000165,nvenc_qp18,d1,all valid (original),26252,1941,17163150,0.0739372238305653
VIRAT_S_010000_00_000000_000165,nvenc_qp18,d1,high texture,12337,857,4253663,0.06946583448164059
VIRAT_S_010000_00_000000_000165,nvenc_qp28,d1,all valid (original),26252,1593,17163150,0.06068109096449794
VIRAT_S_010000_00_000000_000165,nvenc_qp28,d1,high texture,12337,671,4253663,0.05438923563264975
VIRAT_S_010000_00_000000_000165,nvenc_qp28_bf2_bqeq,B,all valid (original),17929,4045,11403625,0.22561213676167102
VIRAT_S_010000_00_000000_000165,nvenc_qp28_bf2_bqeq,B,high texture,8457,1968,2826476,0.23270663355799928
VIRAT_S_010000_00_000000_000165,nvenc_qp45,d1,all valid (original),26252,4790,17163150,0.1824622885875362
VIRAT_S_010000_00_000000_000165,nvenc_qp45,d1,high texture,12337,1148,4253663,0.09305341655183594
VIRAT_S_010000_00_000000_000165,x264_crf12,d1,all valid (original),26252,2226,17163150,0.08479353953984459
VIRAT_S_010000_00_000000_000165,x264_crf12,d1,high texture,12337,1067,4253663,0.0864878009240496
VIRAT_S_010000_00_000000_000165,x264_crf45,d1,all valid (original),26252,7213,17163150,0.2747600182843212
VIRAT_S_010000_00_000000_000165,x264_crf45,d1,high texture,12337,2682,4253663,0.21739482856448084
VIRAT_S_010000_00_000000_000165,x264_qp24,d1,all valid (original),26252,2100,17163150,0.07999390522626848
VIRAT_S_010000_00_000000_000165,x264_qp24,d1,high texture,12337,1016,4253663,0.082353894788036
VIRAT_S_010000_00_000000_000165,x264_qp24_bf2_pb1,B,all valid (original),17929,4510,11403625,0.25154777176641197
VIRAT_S_010000_00_000000_000165,x264_qp24_bf2_pb1,B,high texture,8457,2210,2826476,0.2613219817902329
VIRAT_S_010000_01_000184_000324,nvenc_qp18,d1,all valid (original),21886,685,17163598,0.03129854701635749
VIRAT_S_010000_01_000184_000324,nvenc_qp18,d1,high texture,14218,337,4357877,0.023702349134899423
VIRAT_S_010000_01_000184_000324,nvenc_qp28,d1,all valid (original),21886,603,17163598,0.027551859636297176
VIRAT_S_010000_01_000184_000324,nvenc_qp28,d1,high texture,14218,284,4357877,0.01997467998311999
VIRAT_S_010000_01_000184_000324,nvenc_qp28_bf2_bqeq,B,all valid (original),14938,3303,11404016,0.22111393760878298
VIRAT_S_010000_01_000184_000324,nvenc_qp28_bf2_bqeq,B,high texture,9696,1940,2894461,0.20008250825082508
VIRAT_S_010000_01_000184_000324,nvenc_qp45,d1,all valid (original),21886,1034,17163598,0.047244814036370285
VIRAT_S_010000_01_000184_000324,nvenc_qp45,d1,high texture,14218,469,4357877,0.03298635532423688
VIRAT_S_010000_01_000184_000324,x264_crf12,d1,all valid (original),21886,995,17163598,0.04546285296536599
VIRAT_S_010000_01_000184_000324,x264_crf12,d1,high texture,14218,545,4357877,0.038331692221128144
VIRAT_S_010000_01_000184_000324,x264_crf45,d1,all valid (original),21886,2539,17163598,0.1160102348533309
VIRAT_S_010000_01_000184_000324,x264_crf45,d1,high texture,14218,1430,4357877,0.10057673371782248
VIRAT_S_010000_01_000184_000324,x264_qp24,d1,all valid (original),21886,950,17163598,0.04340674403728411
VIRAT_S_010000_01_000184_000324,x264_qp24,d1,high texture,14218,514,4357877,0.036151357434238286
VIRAT_S_010000_01_000184_000324,x264_qp24_bf2_pb1,B,all valid (original),14938,3491,11404016,0.23369929040032134
VIRAT_S_010000_01_000184_000324,x264_qp24_bf2_pb1,B,high texture,9696,2099,2894461,0.21648102310231024
VIRAT_S_010000_06_000728_000762,nvenc_qp18,d1,all valid (original),2899,263,17164629,0.09072093825457055
VIRAT_S_010000_06_000728_000762,nvenc_qp18,d1,high texture,725,93,4170319,0.12827586206896552
VIRAT_S_010000_06_000728_000762,nvenc_qp28,d1,all valid (original),2899,267,17164629,0.0921007243877199
VIRAT_S_010000_06_000728_000762,nvenc_qp28,d1,high texture,725,89,4170319,0.12275862068965518
VIRAT_S_010000_06_000728_000762,nvenc_qp28_bf2_bqeq,B,all valid (original),1763,667,11404703,0.37833238797504254
VIRAT_S_010000_06_000728_000762,nvenc_qp28_bf2_bqeq,B,high texture,332,104,2771693,0.3132530120481928
VIRAT_S_010000_06_000728_000762,nvenc_qp45,d1,all valid (original),2899,1481,17164629,0.5108658157985512
VIRAT_S_010000_06_000728_000762,nvenc_qp45,d1,high texture,725,198,4170319,0.2731034482758621
VIRAT_S_010000_06_000728_000762,x264_crf12,d1,all valid (original),2899,364,17164629,0.12556053811659193
VIRAT_S_010000_06_000728_000762,x264_crf12,d1,high texture,725,162,4170319,0.22344827586206897
VIRAT_S_010000_06_000728_000762,x264_crf45,d1,all valid (original),2899,2304,17164629,0.7947568126940324
VIRAT_S_010000_06_000728_000762,x264_crf45,d1,high texture,725,407,4170319,0.5613793103448276
VIRAT_S_010000_06_000728_000762,x264_qp24,d1,all valid (original),2899,303,17164629,0.10451879958606416
VIRAT_S_010000_06_000728_000762,x264_qp24,d1,high texture,725,129,4170319,0.17793103448275863
VIRAT_S_010000_06_000728_000762,x264_qp24_bf2_pb1,B,all valid (original),1763,637,11404703,0.36131593874078277
VIRAT_S_010000_06_000728_000762,x264_qp24_bf2_pb1,B,high texture,332,130,2771693,0.39156626506024095
VIRAT_S_010000_07_000827_000860,nvenc_qp18,d1,all valid (original),3491,368,17163877,0.10541392151246061
VIRAT_S_010000_07_000827_000860,nvenc_qp18,d1,high texture,2472,220,4344498,0.0889967637540453
VIRAT_S_010000_07_000827_000860,nvenc_qp28,d1,all valid (original),3491,336,17163877,0.09624749355485535
VIRAT_S_010000_07_000827_000860,nvenc_qp28,d1,high texture,2472,211,4344498,0.08535598705501618
VIRAT_S_010000_07_000827_000860,nvenc_qp28_bf2_bqeq,B,all valid (original),2349,659,11404170,0.28054491272882076
VIRAT_S_010000_07_000827_000860,nvenc_qp28_bf2_bqeq,B,high texture,1689,452,2886471,0.2676139727649497
VIRAT_S_010000_07_000827_000860,nvenc_qp45,d1,all valid (original),3491,694,17163877,0.19879690633056432
VIRAT_S_010000_07_000827_000860,nvenc_qp45,d1,high texture,2472,359,4344498,0.1452265372168285
VIRAT_S_010000_07_000827_000860,x264_crf12,d1,all valid (original),3491,577,17163877,0.16528215411057004
VIRAT_S_010000_07_000827_000860,x264_crf12,d1,high texture,2472,368,4344498,0.1488673139158576
VIRAT_S_010000_07_000827_000860,x264_crf45,d1,all valid (original),3491,1312,17163877,0.3758235462618161
VIRAT_S_010000_07_000827_000860,x264_crf45,d1,high texture,2472,831,4344498,0.33616504854368934
VIRAT_S_010000_07_000827_000860,x264_qp24,d1,all valid (original),3491,491,17163877,0.14064737897450588
VIRAT_S_010000_07_000827_000860,x264_qp24,d1,high texture,2472,344,4344498,0.13915857605177995
VIRAT_S_010000_07_000827_000860,x264_qp24_bf2_pb1,B,all valid (original),2349,708,11404170,0.30140485312899107
VIRAT_S_010000_07_000827_000860,x264_qp24_bf2_pb1,B,high texture,1689,514,2886471,0.3043220840734162
VIRAT_S_010002_02_000174_000204,nvenc_qp18,d1,all valid (original),23647,774,17163641,0.03273142470503658
VIRAT_S_010002_02_000174_000204,nvenc_qp18,d1,high texture,11748,365,4537674,0.031069118147769834
VIRAT_S_010002_02_000174_000204,nvenc_qp28,d1,all valid (original),23647,689,17163641,0.029136888400219902
VIRAT_S_010002_02_000174_000204,nvenc_qp28,d1,high texture,11748,331,4537674,0.028175008512087162
VIRAT_S_010002_02_000174_000204,nvenc_qp28_bf2_bqeq,B,all valid (original),16977,3452,11403949,0.2033339223655534
VIRAT_S_010002_02_000174_000204,nvenc_qp28_bf2_bqeq,B,high texture,8427,1631,3015762,0.19354455915509672
VIRAT_S_010002_02_000174_000204,nvenc_qp45,d1,all valid (original),23647,1554,17163641,0.0657165813845308
VIRAT_S_010002_02_000174_000204,nvenc_qp45,d1,high texture,11748,536,4537674,0.045624787197820905
VIRAT_S_010002_02_000174_000204,x264_crf12,d1,all valid (original),23647,1077,17163641,0.045544889415147796
VIRAT_S_010002_02_000174_000204,x264_crf12,d1,high texture,11748,518,4537674,0.044092611508341845
VIRAT_S_010002_02_000174_000204,x264_crf45,d1,all valid (original),23647,3384,17163641,0.1431048335941134
VIRAT_S_010002_02_000174_000204,x264_crf45,d1,high texture,11748,1286,4537674,0.10946544092611508
VIRAT_S_010002_02_000174_000204,x264_qp24,d1,all valid (original),23647,857,17163641,0.036241383685034045
VIRAT_S_010002_02_000174_000204,x264_qp24,d1,high texture,11748,433,4537674,0.036857337419135175
VIRAT_S_010002_02_000174_000204,x264_qp24_bf2_pb1,B,all valid (original),16977,3675,11403949,0.21646934087294575
VIRAT_S_010002_02_000174_000204,x264_qp24_bf2_pb1,B,high texture,8427,1768,3015762,0.20980182745935683
VIRAT_S_010003_00_000000_000108,nvenc_qp18,d1,all valid (original),41193,1423,17162654,0.034544704197315076
VIRAT_S_010003_00_000000_000108,nvenc_qp18,d1,high texture,24114,775,4643913,0.03213900638633159
VIRAT_S_010003_00_000000_000108,nvenc_qp28,d1,all valid (original),41193,1258,17162654,0.030539169276333357
VIRAT_S_010003_00_000000_000108,nvenc_qp28,d1,high texture,24114,651,4643913,0.026996765364518536
VIRAT_S_010003_00_000000_000108,nvenc_qp28_bf2_bqeq,B,all valid (original),27740,3633,11403252,0.1309661139149243
VIRAT_S_010003_00_000000_000108,nvenc_qp28_bf2_bqeq,B,high texture,16325,1885,3085652,0.11546707503828484
VIRAT_S_010003_00_000000_000108,nvenc_qp45,d1,all valid (original),41193,3238,17162654,0.078605588328114
VIRAT_S_010003_00_000000_000108,nvenc_qp45,d1,high texture,24114,967,4643913,0.04010118603300987
VIRAT_S_010003_00_000000_000108,x264_crf12,d1,all valid (original),41193,1448,17162654,0.03515160342776685
VIRAT_S_010003_00_000000_000108,x264_crf12,d1,high texture,24114,787,4643913,0.032636642614248985
VIRAT_S_010003_00_000000_000108,x264_crf45,d1,all valid (original),41193,5642,17162654,0.13696501832835675
VIRAT_S_010003_00_000000_000108,x264_crf45,d1,high texture,24114,2237,4643913,0.09276768682093389
VIRAT_S_010003_00_000000_000108,x264_qp24,d1,all valid (original),41193,1453,17162654,0.03527298327385721
VIRAT_S_010003_00_000000_000108,x264_qp24,d1,high texture,24114,811,4643913,0.03363191507008377
VIRAT_S_010003_00_000000_000108,x264_qp24_bf2_pb1,B,all valid (original),27740,3674,11403252,0.13244412400865177
VIRAT_S_010003_00_000000_000108,x264_qp24_bf2_pb1,B,high texture,16325,1822,3085652,0.11160796324655436
VIRAT_S_010003_01_000111_000137,nvenc_qp18,d1,all valid (original),7263,425,13420388,0.058515764835467436
VIRAT_S_010003_01_000111_000137,nvenc_qp18,d1,high texture,4560,273,3642911,0.05986842105263158
VIRAT_S_010003_01_000111_000137,nvenc_qp28,d1,all valid (original),7263,347,13420388,0.04777640093625224
VIRAT_S_010003_01_000111_000137,nvenc_qp28,d1,high texture,4560,224,3642911,0.04912280701754386
VIRAT_S_010003_01_000111_000137,nvenc_qp28_bf2_bqeq,B,all valid (original),4922,766,8927716,0.1556277935798456
VIRAT_S_010003_01_000111_000137,nvenc_qp28_bf2_bqeq,B,high texture,3103,449,2423458,0.14469867869803416
VIRAT_S_010003_01_000111_000137,nvenc_qp45,d1,all valid (original),7263,730,13420388,0.10050943136444995
VIRAT_S_010003_01_000111_000137,nvenc_qp45,d1,high texture,4560,349,3642911,0.07653508771929825
VIRAT_S_010003_01_000111_000137,x264_crf12,d1,all valid (original),7263,519,13420388,0.0714580751755473
VIRAT_S_010003_01_000111_000137,x264_crf12,d1,high texture,4560,339,3642911,0.07434210526315789
VIRAT_S_010003_01_000111_000137,x264_crf45,d1,all valid (original),7263,1488,13420388,0.20487401900041305
VIRAT_S_010003_01_000111_000137,x264_crf45,d1,high texture,4560,874,3642911,0.19166666666666668
VIRAT_S_010003_01_000111_000137,x264_qp24,d1,all valid (original),7263,518,13420388,0.07132039102299326
VIRAT_S_010003_01_000111_000137,x264_qp24,d1,high texture,4560,340,3642911,0.07456140350877193
VIRAT_S_010003_01_000111_000137,x264_qp24_bf2_pb1,B,all valid (original),4922,852,8927716,0.17310036570499795
VIRAT_S_010003_01_000111_000137,x264_qp24_bf2_pb1,B,high texture,3103,512,2423458,0.1650016113438608
VIRAT_S_010003_02_000165_000202,nvenc_qp18,d1,all valid (original),3417,189,17164725,0.0553116769095698
VIRAT_S_010003_02_000165_000202,nvenc_qp18,d1,high texture,1160,85,4583268,0.07327586206896551
VIRAT_S_010003_02_000165_000202,nvenc_qp28,d1,all valid (original),3417,257,17164725,0.0752121744220076
VIRAT_S_010003_02_000165_000202,nvenc_qp28,d1,high texture,1160,69,4583268,0.059482758620689656
VIRAT_S_010003_02_000165_000202,nvenc_qp28_bf2_bqeq,B,all valid (original),2465,580,11404742,0.23529411764705882
VIRAT_S_010003_02_000165_000202,nvenc_qp28_bf2_bqeq,B,high texture,923,232,3046115,0.2513542795232936
VIRAT_S_010003_02_000165_000202,nvenc_qp45,d1,all valid (original),3417,1693,17164725,0.4954638571846649
VIRAT_S_010003_02_000165_000202,nvenc_qp45,d1,high texture,1160,282,4583268,0.24310344827586206
VIRAT_S_010003_02_000165_000202,x264_crf12,d1,all valid (original),3417,211,17164725,0.061750073163593794
VIRAT_S_010003_02_000165_000202,x264_crf12,d1,high texture,1160,99,4583268,0.0853448275862069
VIRAT_S_010003_02_000165_000202,x264_crf45,d1,all valid (original),3417,2343,17164725,0.6856892010535558
VIRAT_S_010003_02_000165_000202,x264_crf45,d1,high texture,1160,615,4583268,0.5301724137931034
VIRAT_S_010003_02_000165_000202,x264_qp24,d1,all valid (original),3417,212,17164725,0.0620427275387767
VIRAT_S_010003_02_000165_000202,x264_qp24,d1,high texture,1160,99,4583268,0.0853448275862069
VIRAT_S_010003_02_000165_000202,x264_qp24_bf2_pb1,B,all valid (original),2465,518,11404742,0.2101419878296146
VIRAT_S_010003_02_000165_000202,x264_qp24_bf2_pb1,B,high texture,923,246,3046115,0.26652221018418204
VIRAT_S_010003_03_000219_000259,nvenc_qp18,d1,all valid (original),4085,301,17164568,0.07368421052631578
VIRAT_S_010003_03_000219_000259,nvenc_qp18,d1,high texture,1680,141,4524987,0.08392857142857142
VIRAT_S_010003_03_000219_000259,nvenc_qp28,d1,all valid (original),4085,286,17164568,0.07001223990208079
VIRAT_S_010003_03_000219_000259,nvenc_qp28,d1,high texture,1680,125,4524987,0.0744047619047619
VIRAT_S_010003_03_000219_000259,nvenc_qp28_bf2_bqeq,B,all valid (original),3224,1208,11404590,0.3746898263027295
VIRAT_S_010003_03_000219_000259,nvenc_qp28_bf2_bqeq,B,high texture,1402,489,3006670,0.3487874465049929
VIRAT_S_010003_03_000219_000259,nvenc_qp45,d1,all valid (original),4085,1671,17164568,0.4090575275397797
VIRAT_S_010003_03_000219_000259,nvenc_qp45,d1,high texture,1680,462,4524987,0.275
VIRAT_S_010003_03_000219_000259,x264_crf12,d1,all valid (original),4085,301,17164568,0.07368421052631578
VIRAT_S_010003_03_000219_000259,x264_crf12,d1,high texture,1680,139,4524987,0.08273809523809524
VIRAT_S_010003_03_000219_000259,x264_crf45,d1,all valid (original),4085,2347,17164568,0.5745410036719706
VIRAT_S_010003_03_000219_000259,x264_crf45,d1,high texture,1680,791,4524987,0.4708333333333333
VIRAT_S_010003_03_000219_000259,x264_qp24,d1,all valid (original),4085,333,17164568,0.08151774785801713
VIRAT_S_010003_03_000219_000259,x264_qp24,d1,high texture,1680,148,4524987,0.0880952380952381
VIRAT_S_010003_03_000219_000259,x264_qp24_bf2_pb1,B,all valid (original),3224,1228,11404590,0.38089330024813894
VIRAT_S_010003_03_000219_000259,x264_qp24_bf2_pb1,B,high texture,1402,485,3006670,0.3459343794579173
VIRAT_S_010003_05_000499_000523,nvenc_qp18,d1,all valid (original),3292,205,13593376,0.06227217496962333
VIRAT_S_010003_05_000499_000523,nvenc_qp18,d1,high texture,2109,154,3713075,0.07302038880986249
VIRAT_S_010003_05_000499_000523,nvenc_qp28,d1,all valid (original),3292,180,13593376,0.054678007290400975
VIRAT_S_010003_05_000499_000523,nvenc_qp28,d1,high texture,2109,130,3713075,0.06164058795637743
VIRAT_S_010003_05_000499_000523,nvenc_qp28_bf2_bqeq,B,all valid (original),2338,507,9043034,0.21685201026518391
VIRAT_S_010003_05_000499_000523,nvenc_qp28_bf2_bqeq,B,high texture,1500,315,2470236,0.21
VIRAT_S_010003_05_000499_000523,nvenc_qp45,d1,all valid (original),3292,292,13593376,0.08869987849331713
VIRAT_S_010003_05_000499_000523,nvenc_qp45,d1,high texture,2109,171,3713075,0.08108108108108109
VIRAT_S_010003_05_000499_000523,x264_crf12,d1,all valid (original),3292,247,13593376,0.0750303766707169
VIRAT_S_010003_05_000499_000523,x264_crf12,d1,high texture,2109,181,3713075,0.0858226647700332
VIRAT_S_010003_05_000499_000523,x264_crf45,d1,all valid (original),3292,742,13593376,0.22539489671931956
VIRAT_S_010003_05_000499_000523,x264_crf45,d1,high texture,2109,448,3713075,0.21242294926505453
VIRAT_S_010003_05_000499_000523,x264_qp24,d1,all valid (original),3292,217,13593376,0.06591737545565006
VIRAT_S_010003_05_000499_000523,x264_qp24,d1,high texture,2109,157,3713075,0.07444286391654813
VIRAT_S_010003_05_000499_000523,x264_qp24_bf2_pb1,B,all valid (original),2338,589,9043034,0.25192472198460225
VIRAT_S_010003_05_000499_000523,x264_qp24_bf2_pb1,B,high texture,1500,374,2470236,0.24933333333333332
VIRAT_S_010003_06_000526_000560,nvenc_qp18,d1,all valid (original),11201,385,17163841,0.03437193107758236
VIRAT_S_010003_06_000526_000560,nvenc_qp18,d1,high texture,4937,192,4650224,0.038890014178651004
VIRAT_S_010003_06_000526_000560,nvenc_qp28,d1,all valid (original),11201,280,17163841,0.024997768056423533
VIRAT_S_010003_06_000526_000560,nvenc_qp28,d1,high texture,4937,144,4650224,0.02916751063398825
VIRAT_S_010003_06_000526_000560,nvenc_qp28_bf2_bqeq,B,all valid (original),7182,884,11404212,0.12308549150654413
VIRAT_S_010003_06_000526_000560,nvenc_qp28_bf2_bqeq,B,high texture,3176,381,3089798,0.11996221662468513
VIRAT_S_010003_06_000526_000560,nvenc_qp45,d1,all valid (original),11201,982,17163841,0.08767074368359967
VIRAT_S_010003_06_000526_000560,nvenc_qp45,d1,high texture,4937,379,4650224,0.07676726757139964
VIRAT_S_010003_06_000526_000560,x264_crf12,d1,all valid (original),11201,416,17163841,0.03713954111240068
VIRAT_S_010003_06_000526_000560,x264_crf12,d1,high texture,4937,216,4650224,0.04375126595098238
VIRAT_S_010003_06_000526_000560,x264_crf45,d1,all valid (original),11201,1782,17163841,0.15909293813052405
VIRAT_S_010003_06_000526_000560,x264_crf45,d1,high texture,4937,682,4650224,0.13814057119708326
VIRAT_S_010003_06_000526_000560,x264_qp24,d1,all valid (original),11201,375,17163841,0.0334791536469958
VIRAT_S_010003_06_000526_000560,x264_qp24,d1,high texture,4937,185,4650224,0.03747214907838768
VIRAT_S_010003_06_000526_000560,x264_qp24_bf2_pb1,B,all valid (original),7182,770,11404212,0.10721247563352826
VIRAT_S_010003_06_000526_000560,x264_qp24_bf2_pb1,B,high texture,3176,369,3089798,0.116183879093199
VIRAT_S_010003_07_000608_000636,nvenc_qp18,d1,all valid (original),4167,203,11174302,0.04871610271178306
VIRAT_S_010003_07_000608_000636,nvenc_qp18,d1,high texture,2020,124,3035404,0.061386138613861385
VIRAT_S_010003_07_000608_000636,nvenc_qp28,d1,all valid (original),4167,162,11174302,0.038876889848812095
VIRAT_S_010003_07_000608_000636,nvenc_qp28,d1,high texture,2020,89,3035404,0.04405940594059406
VIRAT_S_010003_07_000608_000636,nvenc_qp28_bf2_bqeq,B,all valid (original),2299,298,7430330,0.12962157459765114
VIRAT_S_010003_07_000608_000636,nvenc_qp28_bf2_bqeq,B,high texture,1094,139,2018326,0.12705667276051189
VIRAT_S_010003_07_000608_000636,nvenc_qp45,d1,all valid (original),4167,396,11174302,0.09503239740820735
VIRAT_S_010003_07_000608_000636,nvenc_qp45,d1,high texture,2020,120,3035404,0.0594059405940594
VIRAT_S_010003_07_000608_000636,x264_crf12,d1,all valid (original),4167,228,11174302,0.054715622750179986
VIRAT_S_010003_07_000608_000636,x264_crf12,d1,high texture,2020,135,3035404,0.06683168316831684
VIRAT_S_010003_07_000608_000636,x264_crf45,d1,all valid (original),4167,277,11174302,0.06647468202543796
VIRAT_S_010003_07_000608_000636,x264_crf45,d1,high texture,2020,166,3035404,0.08217821782178218
VIRAT_S_010003_07_000608_000636,x264_qp24,d1,all valid (original),4167,223,11174302,0.0535157187425006
VIRAT_S_010003_07_000608_000636,x264_qp24,d1,high texture,2020,116,3035404,0.05742574257425743
VIRAT_S_010003_07_000608_000636,x264_qp24_bf2_pb1,B,all valid (original),2299,341,7430330,0.14832535885167464
VIRAT_S_010003_07_000608_000636,x264_qp24_bf2_pb1,B,high texture,1094,160,2018326,0.14625228519195613
VIRAT_S_010003_10_000901_000934,nvenc_qp18,d1,all valid (original),5740,546,17164374,0.0951219512195122
VIRAT_S_010003_10_000901_000934,nvenc_qp18,d1,high texture,2942,300,4670376,0.10197144799456152
VIRAT_S_010003_10_000901_000934,nvenc_qp28,d1,all valid (original),5740,422,17164374,0.0735191637630662
VIRAT_S_010003_10_000901_000934,nvenc_qp28,d1,high texture,2942,235,4670376,0.07987763426240653
VIRAT_S_010003_10_000901_000934,nvenc_qp28_bf2_bqeq,B,all valid (original),2963,504,11404649,0.17009787377657778
VIRAT_S_010003_10_000901_000934,nvenc_qp28_bf2_bqeq,B,high texture,1458,221,3103102,0.15157750342935528
VIRAT_S_010003_10_000901_000934,nvenc_qp45,d1,all valid (original),5740,614,17164374,0.10696864111498258
VIRAT_S_010003_10_000901_000934,nvenc_qp45,d1,high texture,2942,305,4670376,0.10367097212780421
VIRAT_S_010003_10_000901_000934,x264_crf12,d1,all valid (original),5740,611,17164374,0.10644599303135889
VIRAT_S_010003_10_000901_000934,x264_crf12,d1,high texture,2942,351,4670376,0.11930659415363698
VIRAT_S_010003_10_000901_000934,x264_crf45,d1,all valid (original),5740,1442,17164374,0.25121951219512195
VIRAT_S_010003_10_000901_000934,x264_crf45,d1,high texture,2942,759,4670376,0.25798776342624063
VIRAT_S_010003_10_000901_000934,x264_qp24,d1,all valid (original),5740,556,17164374,0.09686411149825784
VIRAT_S_010003_10_000901_000934,x264_qp24,d1,high texture,2942,312,4670376,0.10605030591434399
VIRAT_S_010003_10_000901_000934,x264_qp24_bf2_pb1,B,all valid (original),2963,570,11404649,0.1923725953425582
VIRAT_S_010003_10_000901_000934,x264_qp24_bf2_pb1,B,high texture,1458,279,3103102,0.19135802469135801
VIRAT_S_010003_13_001066_001124,nvenc_qp18,d1,all valid (original),5129,774,17164429,0.1509066094755313
VIRAT_S_010003_13_001066_001124,nvenc_qp18,d1,high texture,3848,558,4633133,0.145010395010395
VIRAT_S_010003_13_001066_001124,nvenc_qp28,d1,all valid (original),5129,657,17164429,0.12809514525248586
VIRAT_S_010003_13_001066_001124,nvenc_qp28,d1,high texture,3848,489,4633133,0.12707900207900208
VIRAT_S_010003_13_001066_001124,nvenc_qp28_bf2_bqeq,B,all valid (original),4595,1162,11404470,0.2528835690968444
VIRAT_S_010003_13_001066_001124,nvenc_qp28_bf2_bqeq,B,high texture,3464,873,3078007,0.2520207852193995
VIRAT_S_010003_13_001066_001124,nvenc_qp45,d1,all valid (original),5129,857,17164429,0.16708910118931566
VIRAT_S_010003_13_001066_001124,nvenc_qp45,d1,high texture,3848,519,4633133,0.13487525987525986
VIRAT_S_010003_13_001066_001124,x264_crf12,d1,all valid (original),5129,845,17164429,0.16474946383310587
VIRAT_S_010003_13_001066_001124,x264_crf12,d1,high texture,3848,613,4633133,0.1593035343035343
VIRAT_S_010003_13_001066_001124,x264_crf45,d1,all valid (original),5129,1827,17164429,0.35620978748294013
VIRAT_S_010003_13_001066_001124,x264_crf45,d1,high texture,3848,1243,4633133,0.323024948024948
VIRAT_S_010003_13_001066_001124,x264_qp24,d1,all valid (original),5129,807,17164429,0.1573406122051082
VIRAT_S_010003_13_001066_001124,x264_qp24,d1,high texture,3848,596,4633133,0.1548856548856549
VIRAT_S_010003_13_001066_001124,x264_qp24_bf2_pb1,B,all valid (original),4595,1217,11404470,0.2648531011969532
VIRAT_S_010003_13_001066_001124,x264_qp24_bf2_pb1,B,high texture,3464,904,3078007,0.26096997690531176
VIRAT_S_010004_03_000239_000277,nvenc_qp18,d1,all valid (original),29851,1077,17162314,0.036079193326856725
VIRAT_S_010004_03_000239_000277,nvenc_qp18,d1,high texture,16109,613,4651811,0.03805326215159228
VIRAT_S_010004_03_000239_000277,nvenc_qp28,d1,all valid (original),29851,869,17162314,0.02911125255435329
VIRAT_S_010004_03_000239_000277,nvenc_qp28,d1,high texture,16109,529,4651811,0.03283878577192874
VIRAT_S_010004_03_000239_000277,nvenc_qp28_bf2_bqeq,B,all valid (original),20015,2662,11403148,0.13300024981264053
VIRAT_S_010004_03_000239_000277,nvenc_qp28_bf2_bqeq,B,high texture,10765,1410,3090612,0.13098002786809104
VIRAT_S_010004_03_000239_000277,nvenc_qp45,d1,all valid (original),29851,1759,17162314,0.0589259991290074
VIRAT_S_010004_03_000239_000277,nvenc_qp45,d1,high texture,16109,657,4651811,0.040784654540939845
VIRAT_S_010004_03_000239_000277,x264_crf12,d1,all valid (original),29851,1150,17162314,0.038524672540283404
VIRAT_S_010004_03_000239_000277,x264_crf12,d1,high texture,16109,660,4651811,0.04097088584021354
VIRAT_S_010004_03_000239_000277,x264_crf45,d1,all valid (original),29851,2891,17162314,0.09684767679474725
VIRAT_S_010004_03_000239_000277,x264_crf45,d1,high texture,16109,1339,4651811,0.08312123657582718
VIRAT_S_010004_03_000239_000277,x264_qp24,d1,all valid (original),29851,1115,17162314,0.03735218250644869
VIRAT_S_010004_03_000239_000277,x264_qp24,d1,high texture,16109,648,4651811,0.04022596064311875
VIRAT_S_010004_03_000239_000277,x264_qp24_bf2_pb1,B,all valid (original),20015,2786,11403148,0.13919560329752687
VIRAT_S_010004_03_000239_000277,x264_qp24_bf2_pb1,B,high texture,10765,1503,3090612,0.1396191360891779
VIRAT_S_010004_07_000729_000809,nvenc_qp18,d1,all valid (original),3200,236,17164543,0.07375
VIRAT_S_010004_07_000729_000809,nvenc_qp18,d1,high texture,2047,162,4604933,0.07914020517830972
VIRAT_S_010004_07_000729_000809,nvenc_qp28,d1,all valid (original),3200,202,17164543,0.063125
VIRAT_S_010004_07_000729_000809,nvenc_qp28,d1,high texture,2047,132,4604933,0.06448461162677088
VIRAT_S_010004_07_000729_000809,nvenc_qp28_bf2_bqeq,B,all valid (original),2710,653,11404584,0.24095940959409595
VIRAT_S_010004_07_000729_000809,nvenc_qp28_bf2_bqeq,B,high texture,1816,478,3059555,0.263215859030837
VIRAT_S_010004_07_000729_000809,nvenc_qp45,d1,all valid (original),3200,564,17164543,0.17625
VIRAT_S_010004_07_000729_000809,nvenc_qp45,d1,high texture,2047,224,4604933,0.10942843185148998
VIRAT_S_010004_07_000729_000809,x264_crf12,d1,all valid (original),3200,320,17164543,0.1
VIRAT_S_010004_07_000729_000809,x264_crf12,d1,high texture,2047,234,4604933,0.11431362970200293
VIRAT_S_010004_07_000729_000809,x264_crf45,d1,all valid (original),3200,1171,17164543,0.3659375
VIRAT_S_010004_07_000729_000809,x264_crf45,d1,high texture,2047,543,4604933,0.265266243282853
VIRAT_S_010004_07_000729_000809,x264_qp24,d1,all valid (original),3200,265,17164543,0.0828125
VIRAT_S_010004_07_000729_000809,x264_qp24,d1,high texture,2047,182,4604933,0.08891060087933561
VIRAT_S_010004_07_000729_000809,x264_qp24_bf2_pb1,B,all valid (original),2710,716,11404584,0.26420664206642064
VIRAT_S_010004_07_000729_000809,x264_qp24_bf2_pb1,B,high texture,1816,523,3059555,0.2879955947136564
VIRAT_S_010004_08_000811_000920,nvenc_qp18,d1,all valid (original),7793,713,17164268,0.09149236494289748
VIRAT_S_010004_08_000811_000920,nvenc_qp18,d1,high texture,5580,520,4643481,0.0931899641577061
VIRAT_S_010004_08_000811_000920,nvenc_qp28,d1,all valid (original),7793,605,17164268,0.07763377389965354
VIRAT_S_010004_08_000811_000920,nvenc_qp28,d1,high texture,5580,440,4643481,0.07885304659498207
VIRAT_S_010004_08_000811_000920,nvenc_qp28_bf2_bqeq,B,all valid (original),5432,1171,11404422,0.21557437407952873
VIRAT_S_010004_08_000811_000920,nvenc_qp28_bf2_bqeq,B,high texture,3922,831,3085523,0.2118816930137685
VIRAT_S_010004_08_000811_000920,nvenc_qp45,d1,all valid (original),7793,845,17164268,0.10843064288464006
VIRAT_S_010004_08_000811_000920,nvenc_qp45,d1,high texture,5580,510,4643481,0.0913978494623656
VIRAT_S_010004_08_000811_000920,x264_crf12,d1,all valid (original),7793,818,17164268,0.10496599512382908
VIRAT_S_010004_08_000811_000920,x264_crf12,d1,high texture,5580,612,4643481,0.10967741935483871
VIRAT_S_010004_08_000811_000920,x264_crf45,d1,all valid (original),7793,1879,17164268,0.24111382009495702
VIRAT_S_010004_08_000811_000920,x264_crf45,d1,high texture,5580,1233,4643481,0.22096774193548388
VIRAT_S_010004_08_000811_000920,x264_qp24,d1,all valid (original),7793,779,17164268,0.09996150391376876
VIRAT_S_010004_08_000811_000920,x264_qp24,d1,high texture,5580,572,4643481,0.1025089605734767
VIRAT_S_010004_08_000811_000920,x264_qp24_bf2_pb1,B,all valid (original),5432,1185,11404422,0.2181516936671576
VIRAT_S_010004_08_000811_000920,x264_qp24_bf2_pb1,B,high texture,3922,850,3085523,0.21672616012238655
VIRAT_S_010005_00_000048_000075,nvenc_qp18,d1,all valid (original),6913,201,14226799,0.029075654563865183
VIRAT_S_010005_00_000048_000075,nvenc_qp18,d1,high texture,4343,119,3728937,0.027400414460050655
VIRAT_S_010005_00_000048_000075,nvenc_qp28,d1,all valid (original),6913,159,14226799,0.02300014465499783
VIRAT_S_010005_00_000048_000075,nvenc_qp28,d1,high texture,4343,87,3728937,0.020032235781717707
VIRAT_S_010005_00_000048_000075,nvenc_qp28_bf2_bqeq,B,all valid (original),4241,641,9446201,0.15114359820796983
VIRAT_S_010005_00_000048_000075,nvenc_qp28_bf2_bqeq,B,high texture,2622,394,2475915,0.15026697177726925
VIRAT_S_010005_00_000048_000075,nvenc_qp45,d1,all valid (original),6913,463,14226799,0.06697526399537104
VIRAT_S_010005_00_000048_000075,nvenc_qp45,d1,high texture,4343,196,3728937,0.045130094404789316
VIRAT_S_010005_00_000048_000075,x264_crf12,d1,all valid (original),6913,228,14226799,0.03298133950527991
VIRAT_S_010005_00_000048_000075,x264_crf12,d1,high texture,4343,139,3728937,0.03200552613400875
VIRAT_S_010005_00_000048_000075,x264_crf45,d1,all valid (original),6913,596,14226799,0.08621437870678432
VIRAT_S_010005_00_000048_000075,x264_crf45,d1,high texture,4343,345,3728937,0.07943817637577712
VIRAT_S_010005_00_000048_000075,x264_qp24,d1,all valid (original),6913,218,14226799,0.031534789526978156
VIRAT_S_010005_00_000048_000075,x264_qp24,d1,high texture,4343,135,3728937,0.03108450379921713
VIRAT_S_010005_00_000048_000075,x264_qp24_bf2_pb1,B,all valid (original),4241,521,9446201,0.12284838481490215
VIRAT_S_010005_00_000048_000075,x264_qp24_bf2_pb1,B,high texture,2622,300,2475915,0.11441647597254005
VIRAT_S_010005_02_000177_000203,nvenc_qp18,d1,all valid (original),10674,754,17161234,0.07063893573168446
VIRAT_S_010005_02_000177_000203,nvenc_qp18,d1,high texture,6297,454,4531596,0.07209782436080674
VIRAT_S_010005_02_000177_000203,nvenc_qp28,d1,all valid (original),10674,667,17161234,0.06248828930110549
VIRAT_S_010005_02_000177_000203,nvenc_qp28,d1,high texture,6297,398,4531596,0.0632047006511037
VIRAT_S_010005_02_000177_000203,nvenc_qp28_bf2_bqeq,B,all valid (original),6773,1435,11402403,0.21187066292632512
VIRAT_S_010005_02_000177_000203,nvenc_qp28_bf2_bqeq,B,high texture,4035,779,3010856,0.19306071871127634
VIRAT_S_010005_02_000177_000203,nvenc_qp45,d1,all valid (original),10674,964,17161234,0.0903129098744613
VIRAT_S_010005_02_000177_000203,nvenc_qp45,d1,high texture,6297,486,4531596,0.0771796093377799
VIRAT_S_010005_02_000177_000203,x264_crf12,d1,all valid (original),10674,819,17161234,0.07672849915682968
VIRAT_S_010005_02_000177_000203,x264_crf12,d1,high texture,6297,503,4531596,0.07987930760679689
VIRAT_S_010005_02_000177_000203,x264_crf45,d1,all valid (original),10674,1868,17161234,0.17500468427955782
VIRAT_S_010005_02_000177_000203,x264_crf45,d1,high texture,6297,980,4531596,0.15562966491980307
VIRAT_S_010005_02_000177_000203,x264_qp24,d1,all valid (original),10674,765,17161234,0.07166947723440135
VIRAT_S_010005_02_000177_000203,x264_qp24,d1,high texture,6297,460,4531596,0.0730506590439892
VIRAT_S_010005_02_000177_000203,x264_qp24_bf2_pb1,B,all valid (original),6773,1536,11402403,0.22678281411486786
VIRAT_S_010005_02_000177_000203,x264_qp24_bf2_pb1,B,high texture,4035,881,3010856,0.21833952912019827
VIRAT_S_010005_04_000299_000323,nvenc_qp18,d1,all valid (original),2063,187,11058998,0.09064469219583131
VIRAT_S_010005_04_000299_000323,nvenc_qp18,d1,high texture,1410,115,2916136,0.08156028368794327
VIRAT_S_010005_04_000299_000323,nvenc_qp28,d1,all valid (original),2063,182,11058998,0.08822103732428502
VIRAT_S_010005_04_000299_000323,nvenc_qp28,d1,high texture,1410,110,2916136,0.07801418439716312
VIRAT_S_010005_04_000299_000323,nvenc_qp28_bf2_bqeq,B,all valid (original),1524,673,7372651,0.4416010498687664
VIRAT_S_010005_04_000299_000323,nvenc_qp28_bf2_bqeq,B,high texture,1044,450,1943964,0.43103448275862066
VIRAT_S_010005_04_000299_000323,nvenc_qp45,d1,all valid (original),2063,263,11058998,0.12748424624333496
VIRAT_S_010005_04_000299_000323,nvenc_qp45,d1,high texture,1410,128,2916136,0.09078014184397164
VIRAT_S_010005_04_000299_000323,x264_crf12,d1,all valid (original),2063,281,11058998,0.1362094037809016
VIRAT_S_010005_04_000299_000323,x264_crf12,d1,high texture,1410,174,2916136,0.12340425531914893
VIRAT_S_010005_04_000299_000323,x264_crf45,d1,all valid (original),2063,513,11058998,0.24866698982064955
VIRAT_S_010005_04_000299_000323,x264_crf45,d1,high texture,1410,318,2916136,0.225531914893617
VIRAT_S_010005_04_000299_000323,x264_qp24,d1,all valid (original),2063,218,11058998,0.10567135239941833
VIRAT_S_010005_04_000299_000323,x264_qp24,d1,high texture,1410,146,2916136,0.10354609929078014
VIRAT_S_010005_04_000299_000323,x264_qp24_bf2_pb1,B,all valid (original),1524,659,7372651,0.43241469816272965
VIRAT_S_010005_04_000299_000323,x264_qp24_bf2_pb1,B,high texture,1044,439,1943964,0.42049808429118773
