clip,valid_cells,consistent_of_valid,moving_cells,consistent_of_moving
VIRAT_S_000206_07_001501_001600,17222349,0.9995800805105041,2499,0.9419767907162865
VIRAT_S_000206_08_001618_001712,17222234,0.9993985100887608,23300,0.974206008583691
VIRAT_S_000207_00_000000_000045,17221082,0.9996031608234605,29092,0.9149594390210367
VIRAT_S_000207_01_000094_000156,17220886,0.9995101878033453,43315,0.9388202701142792
VIRAT_S_000207_03_000556_000590,17221683,0.9996147298728004,34805,0.9305559546042236
VIRAT_S_000207_04_000902_000934,17221276,0.9995808092269121,19893,0.9044890162368673
VIRAT_S_000207_05_001125_001193,17221083,0.9990535438450648,62821,0.8860890466563729
VIRAT_S_010000_00_000000_000165,17220695,0.9983652227741099,26708,0.6945484499026509
VIRAT_S_010000_01_000184_000324,17221198,0.9991887904662614,21886,0.7860732888604587
VIRAT_S_010000_06_000728_000762,17222229,0.9992484131990116,2899,0.6702311141773025
VIRAT_S_010000_07_000827_000860,17221477,0.9995937630668961,3491,0.49727871670008594
VIRAT_S_010002_02_000174_000204,17221241,0.9992633515784374,23647,0.8497906711210724
VIRAT_S_010003_00_000000_000108,17220222,0.9986931643506106,41690,0.8461021827776445
VIRAT_S_010003_01_000111_000137,13420388,0.9994698364905694,7263,0.7920969296433981
VIRAT_S_010003_02_000165_000202,17222325,0.9994475774902634,3417,0.8217734855136084
VIRAT_S_010003_03_000219_000259,17222168,0.9994709725279651,4102,0.7771818625060946
VIRAT_S_010003_05_000499_000523,13593376,0.9997502460021704,3292,0.8229040097205347
VIRAT_S_010003_06_000526_000560,17221441,0.9997347492582067,11201,0.8347468975984287
VIRAT_S_010003_07_000608_000636,11174302,0.9997894275633503,4167,0.8521718262538996
VIRAT_S_010003_10_000901_000934,17221974,0.9996363947593928,5740,0.7935540069686411
VIRAT_S_010003_13_001066_001124,17222029,0.9992609465470067,5129,0.540651199064145
VIRAT_S_010004_03_000239_000277,17219914,0.9992284514312906,29851,0.841177849988275
VIRAT_S_010004_07_000729_000809,17222140,0.9996357014865749,3221,0.6038497361067992
VIRAT_S_010004_08_000811_000920,17221868,0.99921175798119,7793,0.6960092390606955
VIRAT_S_010005_00_000048_000075,14226799,0.9997739477446754,6913,0.866917401996239
VIRAT_S_010005_02_000177_000203,17218834,0.9993537889963978,10674,0.48838298669664604
VIRAT_S_010005_04_000299_000323,11058998,0.9997193235770546,2063,0.6034900630150266
