baseline_rss_bytes,duration_s_meta,error,fps,frames_retained_full_feature,frames_skipped_pixelwork,frames_total_decoded,n_scored_frames,nb_frames_meta,nn_forward_pass_calls_during_ingest,path,peak_rss_bytes,per_frame_action_score_csv,retention_pct,size_bytes,torch_available_for_monitor,wall_time_s,wall_time_s_per_1000_frames
110596096,4.566666666666666,,30.0,15,122,137,137,137,0,eval\data\ucf\videos\Anomaly-Videos-Part-1\Assault\Assault038_x264.mp4,302075904,tuning\ucfcrime_vad_exp1\per_frame_action_scores\Assault038_x264.csv,10.94890510948905,1139915,True,1.0827149999968242,7.90302919705711
284577792,12.033333333333333,,30.0,38,323,361,361,361,0,eval\data\ucf\videos\Anomaly-Videos-Part-1\Assault\Assault018_x264.mp4,329670656,tuning\ucfcrime_vad_exp1\per_frame_action_scores\Assault018_x264.csv,10.526315789473685,1060732,True,0.3366962000000058,0.9326764542936449
291627008,16.0,,30.0,50,430,480,480,480,0,eval\data\ucf\videos\Testing_Normal_Videos_Anomaly\Normal_Videos_015_x264.mp4,337432576,tuning\ucfcrime_vad_exp1\per_frame_action_scores\Normal_Videos_015_x264.csv,10.416666666666666,2895415,True,0.482316699999501,1.004826458332294
305123328,20.766666666666666,,30.0,66,557,623,623,623,0,eval\data\ucf\videos\Anomaly-Videos-Part-1\Assault\Assault050_x264.mp4,349327360,tuning\ucfcrime_vad_exp1\per_frame_action_scores\Assault050_x264.csv,10.593900481540931,4371386,True,0.5875550999917323,0.9431060995051882
304300032,26.1,,30.0,83,700,783,783,783,0,eval\data\ucf\videos\Anomaly-Videos-Part-1\Assault\Assault012_x264.mp4,362348544,tuning\ucfcrime_vad_exp1\per_frame_action_scores\Assault012_x264.csv,10.600255427841635,4989936,True,0.7520482999971136,0.960470370366684
317071360,29.166666666666668,,30.0,92,783,875,875,875,0,eval\data\ucf\videos\Testing_Normal_Videos_Anomaly\Normal_Videos_897_x264.mp4,374120448,tuning\ucfcrime_vad_exp1\per_frame_action_scores\Normal_Videos_897_x264.csv,10.514285714285714,5757108,True,0.832028699995135,0.9508899428515828
319557632,30.966666666666665,,30.0,97,832,929,929,929,0,eval\data\ucf\videos\Testing_Normal_Videos_Anomaly\Normal_Videos_317_x264.mp4,370552832,tuning\ucfcrime_vad_exp1\per_frame_action_scores\Normal_Videos_317_x264.csv,10.441334768568353,8176693,True,0.90862630000629,0.9780692142155973
318025728,34.0,,30.0,107,913,1020,1020,1020,0,eval\data\ucf\videos\Testing_Normal_Videos_Anomaly\Normal_Videos_943_x264.mp4,376778752,tuning\ucfcrime_vad_exp1\per_frame_action_scores\Normal_Videos_943_x264.csv,10.490196078431373,8388120,True,0.9467162000073586,0.9281531372621162
323137536,38.0,,30.0,119,1021,1140,1140,1140,0,eval\data\ucf\videos\Testing_Normal_Videos_Anomaly\Normal_Videos_248_x264.mp4,389586944,tuning\ucfcrime_vad_exp1\per_frame_action_scores\Normal_Videos_248_x264.csv,10.43859649122807,10198556,True,1.0600085000041872,0.9298320175475328
333316096,39.86666666666667,,30.0,126,1070,1196,1196,1196,0,eval\data\ucf\videos\Testing_Normal_Videos_Anomaly\Normal_Videos_905_x264.mp4,400109568,tuning\ucfcrime_vad_exp1\per_frame_action_scores\Normal_Videos_905_x264.csv,10.535117056856187,7725041,True,1.1064220999978716,0.9251020902992237
362074112,42.6,,30.0,134,1144,1278,1278,1278,0,eval\data\ucf\videos\Anomaly-Videos-Part-1\Assault\Assault033_x264.mp4,400158720,tuning\ucfcrime_vad_exp1\per_frame_action_scores\Assault033_x264.csv,10.485133020344287,11223003,True,1.2618527000013273,0.9873651799697397
359972864,47.06666666666667,,30.0,148,1264,1412,1412,1412,0,eval\data\ucf\videos\Anomaly-Videos-Part-1\Abuse\Abuse028_x264.mp4,411308032,tuning\ucfcrime_vad_exp1\per_frame_action_scores\Abuse028_x264.csv,10.48158640226629,8899758,True,1.2448430999938864,0.8816169263412794
350633984,52.4,,30.0,165,1407,1572,1572,1572,0,eval\data\ucf\videos\Testing_Normal_Videos_Anomaly\Normal_Videos_056_x264.mp4,416313344,tuning\ucfcrime_vad_exp1\per_frame_action_scores\Normal_Videos_056_x264.csv,10.49618320610687,13075096,True,1.5479961999953957,0.984730407121753
350879744,56.46666666666667,,30.0,178,1516,1694,1694,1694,0,eval\data\ucf\videos\Testing_Normal_Videos_Anomaly\Normal_Videos_704_x264.mp4,430645248,tuning\ucfcrime_vad_exp1\per_frame_action_scores\Normal_Videos_704_x264.csv,10.50767414403778,11191850,True,1.5701992000103928,0.9269180637605625
357855232,59.46666666666667,,30.0,187,1597,1784,1784,1784,0,eval\data\ucf\videos\Testing_Normal_Videos_Anomaly\Normal_Videos_932_x264.mp4,438149120,tuning\ucfcrime_vad_exp1\per_frame_action_scores\Normal_Videos_932_x264.csv,10.48206278026906,11902950,True,1.6266812999965623,0.9118168721953824
390139904,60.56666666666667,,30.0,190,1627,1817,1817,1817,0,eval\data\ucf\videos\Testing_Normal_Videos_Anomaly\Normal_Videos_217_x264.mp4,440057856,tuning\ucfcrime_vad_exp1\per_frame_action_scores\Normal_Videos_217_x264.csv,10.456796917996698,13371912,True,1.6948562000034144,0.9327772151917526
362446848,67.7,,30.0,212,1819,2031,2031,2031,0,eval\data\ucf\videos\Anomaly-Videos-Part-1\Abuse\Abuse025_x264.mp4,471298048,tuning\ucfcrime_vad_exp1\per_frame_action_scores\Abuse025_x264.csv,10.438207779419006,16802570,True,1.870590300008189,0.9210193500778872
400781312,79.13333333333334,,30.0,248,2126,2374,2374,2374,0,eval\data\ucf\videos\Anomaly-Videos-Part-1\Arrest\Arrest001_x264.mp4,473649152,tuning\ucfcrime_vad_exp1\per_frame_action_scores\Arrest001_x264.csv,10.446503791069924,13982812,True,2.1542153999907896,0.9074201347897176
388681728,83.16666666666667,,30.0,261,2234,2495,2495,2495,0,eval\data\ucf\videos\Anomaly-Videos-Part-1\Arrest\Arrest028_x264.mp4,502194176,tuning\ucfcrime_vad_exp1\per_frame_action_scores\Arrest028_x264.csv,10.460921843687375,20702974,True,2.3478017000015825,0.9410026853713757
396701696,87.8,,30.0,275,2359,2634,2634,2634,0,eval\data\ucf\videos\Anomaly-Videos-Part-1\Arson\Arson014_x264.mp4,501301248,tuning\ucfcrime_vad_exp1\per_frame_action_scores\Arson014_x264.csv,10.44039483675019,16957057,True,2.332652999990387,0.8855933940737991
428052480,94.4,,30.0,296,2536,2832,2832,2832,0,eval\data\ucf\videos\Anomaly-Videos-Part-1\Abuse\Abuse022_x264.mp4,517603328,tuning\ucfcrime_vad_exp1\per_frame_action_scores\Abuse022_x264.csv,10.451977401129943,19462399,True,2.68862810000428,0.9493743290975566
419074048,105.3,,30.0,336,2823,3159,3159,3159,0,eval\data\ucf\videos\Anomaly-Videos-Part-1\Arson\Arson010_x264.mp4,541818880,tuning\ucfcrime_vad_exp1\per_frame_action_scores\Arson010_x264.csv,10.63627730294397,12694369,True,2.752610099996673,0.871354890787171
470466560,114.4,,30.0,358,3074,3432,3432,3432,0,eval\data\ucf\videos\Anomaly-Videos-Part-1\Arrest\Arrest017_x264.mp4,563441664,tuning\ucfcrime_vad_exp1\per_frame_action_scores\Arrest017_x264.csv,10.43123543123543,24625746,True,3.0760125999950105,0.8962740675976139
441401344,125.13333333333334,,30.0,394,3360,3754,3754,3754,0,eval\data\ucf\videos\Anomaly-Videos-Part-1\Arson\Arson041_x264.mp4,584118272,tuning\ucfcrime_vad_exp1\per_frame_action_scores\Arson041_x264.csv,10.495471497069792,15253202,True,3.2583499000029406,0.8679674746944435
458838016,139.56666666666666,,30.0,440,3747,4187,4187,4187,0,eval\data\ucf\videos\Anomaly-Videos-Part-1\Arson\Arson001_x264.mp4,620953600,tuning\ucfcrime_vad_exp1\per_frame_action_scores\Arson001_x264.csv,10.508717458801051,29013622,True,3.800269700004719,0.9076354669225505
578289664,156.76666666666668,,30.0,496,4207,4703,4703,4703,0,eval\data\ucf\videos\Anomaly-Videos-Part-1\Abuse\Abuse036_x264.mp4,605642752,tuning\ucfcrime_vad_exp1\per_frame_action_scores\Abuse036_x264.csv,10.546459706570275,40961654,True,4.345936000012443,0.9240773974085569
530145280,169.5,,30.0,530,4555,5085,5085,5085,0,eval\data\ucf\videos\Anomaly-Videos-Part-1\Abuse\Abuse045_x264.mp4,667074560,tuning\ucfcrime_vad_exp1\per_frame_action_scores\Abuse045_x264.csv,10.422812192723697,21650729,True,3.940346799994586,0.774896125859309
513843200,208.4,,30.0,652,5600,6252,6252,6252,0,eval\data\ucf\videos\Anomaly-Videos-Part-1\Arson\Arson007_x264.mp4,732446720,tuning\ucfcrime_vad_exp1\per_frame_action_scores\Arson007_x264.csv,10.428662827895074,58767696,True,5.4200815000076545,0.866935620602632
557654016,251.2,,30.0,785,6751,7536,7536,7536,0,eval\data\ucf\videos\Anomaly-Videos-Part-1\Assault\Assault008_x264.mp4,874647552,tuning\ucfcrime_vad_exp1\per_frame_action_scores\Assault008_x264.csv,10.416666666666666,64507217,True,6.54451040001004,0.8684329087062156
624689152,288.06666666666666,,30.0,903,7739,8642,8642,8642,0,eval\data\ucf\videos\Anomaly-Videos-Part-1\Arrest\Arrest030_x264.mp4,938426368,tuning\ucfcrime_vad_exp1\per_frame_action_scores\Arrest030_x264.csv,10.448970145799583,48931788,True,7.087430800005677,0.820114649387373
779644928,360.0,,30.0,1125,9675,10800,10800,10800,0,eval\data\ucf\videos\Anomaly-Videos-Part-1\Arrest\Arrest051_x264.mp4,958214144,tuning\ucfcrime_vad_exp1\per_frame_action_scores\Arrest051_x264.csv,10.416666666666666,91839785,True,10.096616400012863,0.9348718888900799
777695232,607.4666666666667,,30.0,1896,16328,18224,18224,18224,0,eval\data\ucf\videos\Testing_Normal_Videos_Anomaly\Normal_Videos_923_x264.mp4,1291190272,tuning\ucfcrime_vad_exp1\per_frame_action_scores\Normal_Videos_923_x264.csv,10.403863037752414,107835500,True,15.473844399995869,0.8490915496046899
