auc_all_frames_propagated,class,n_frames_decoded,n_positive_frames,n_spans,per_frame_csv,retention_pct,video_name
0.5877422786006933,Abuse,1412,76,1,tuning\ucfcrime_vad_exp1\per_frame_ground_truth_scores\Abuse028_x264.csv,10.48158640226629,Abuse028_x264.mp4
0.5919705234950714,Abuse,1544,86,1,tuning\ucfcrime_vad_exp1\per_frame_ground_truth_scores\Abuse030_x264.csv,10.492227979274611,Abuse030_x264.mp4
0.5920881191974652,Arrest,2374,301,1,tuning\ucfcrime_vad_exp1\per_frame_ground_truth_scores\Arrest001_x264.csv,10.446503791069924,Arrest001_x264.mp4
0.33389575475356986,Arrest,3144,631,1,tuning\ucfcrime_vad_exp1\per_frame_ground_truth_scores\Arrest007_x264.csv,10.591603053435115,Arrest007_x264.mp4
0.4717620754016412,Arrest,3629,2101,1,tuning\ucfcrime_vad_exp1\per_frame_ground_truth_scores\Arrest024_x264.csv,10.416092587489667,Arrest024_x264.mp4
0.5430544924391775,Arrest,8642,1666,1,tuning\ucfcrime_vad_exp1\per_frame_ground_truth_scores\Arrest030_x264.csv,10.448970145799583,Arrest030_x264.mp4
0.38723772500847653,Arrest,15835,3121,1,tuning\ucfcrime_vad_exp1\per_frame_ground_truth_scores\Arrest039_x264.csv,10.407325544679507,Arrest039_x264.mp4
0.829314953646455,Arson,6252,3451,1,tuning\ucfcrime_vad_exp1\per_frame_ground_truth_scores\Arson007_x264.csv,10.428662827895074,Arson007_x264.mp4
0.491016228748068,Arson,743,96,1,tuning\ucfcrime_vad_exp1\per_frame_ground_truth_scores\Arson009_x264.csv,11.036339165545087,Arson009_x264.mp4
0.5636259398457615,Arson,3159,346,1,tuning\ucfcrime_vad_exp1\per_frame_ground_truth_scores\Arson010_x264.csv,10.63627730294397,Arson010_x264.mp4
0.5307977164898305,Arson,1266,857,2,tuning\ucfcrime_vad_exp1\per_frame_ground_truth_scores\Arson011_x264.csv,11.137440758293838,Arson011_x264.mp4
0.5119220125786164,Arson,1795,795,1,tuning\ucfcrime_vad_exp1\per_frame_ground_truth_scores\Arson016_x264.csv,10.473537604456824,Arson016_x264.mp4
0.5419265583152517,Arson,842,331,1,tuning\ucfcrime_vad_exp1\per_frame_ground_truth_scores\Arson018_x264.csv,10.570071258907364,Arson018_x264.mp4
0.7037031723504704,Arson,8640,501,1,tuning\ucfcrime_vad_exp1\per_frame_ground_truth_scores\Arson022_x264.csv,10.416666666666666,Arson022_x264.mp4
0.6896890061298021,Arson,1437,301,1,tuning\ucfcrime_vad_exp1\per_frame_ground_truth_scores\Arson035_x264.csv,10.57759220598469,Arson035_x264.mp4
0.6549755388920934,Arson,3754,1486,1,tuning\ucfcrime_vad_exp1\per_frame_ground_truth_scores\Arson041_x264.csv,10.495471497069792,Arson041_x264.mp4
0.34515506680171704,Assault,8096,6911,1,tuning\ucfcrime_vad_exp1\per_frame_ground_truth_scores\Assault006_x264.csv,10.424901185770752,Assault006_x264.mp4
0.8037672039931794,Assault,16177,1022,2,tuning\ucfcrime_vad_exp1\per_frame_ground_truth_scores\Assault010_x264.csv,10.409841132472028,Assault010_x264.mp4
0.5619598304343816,Assault,2288,586,1,tuning\ucfcrime_vad_exp1\per_frame_ground_truth_scores\Assault011_x264.csv,10.445804195804195,Assault011_x264.mp4
,Normal,2822,0,0,tuning\ucfcrime_vad_exp1\per_frame_ground_truth_scores\Normal_Videos_003_x264.csv,10.453579021970233,Normal_Videos_003_x264.mp4
,Normal,450,0,0,tuning\ucfcrime_vad_exp1\per_frame_ground_truth_scores\Normal_Videos_006_x264.csv,10.444444444444445,Normal_Videos_006_x264.mp4
,Normal,1053,0,0,tuning\ucfcrime_vad_exp1\per_frame_ground_truth_scores\Normal_Videos_010_x264.csv,10.54131054131054,Normal_Videos_010_x264.mp4
,Normal,1499,0,0,tuning\ucfcrime_vad_exp1\per_frame_ground_truth_scores\Normal_Videos_014_x264.csv,10.406937958639093,Normal_Videos_014_x264.mp4
,Normal,480,0,0,tuning\ucfcrime_vad_exp1\per_frame_ground_truth_scores\Normal_Videos_015_x264.csv,10.416666666666666,Normal_Videos_015_x264.mp4
,Normal,1181,0,0,tuning\ucfcrime_vad_exp1\per_frame_ground_truth_scores\Normal_Videos_018_x264.csv,10.414902624894157,Normal_Videos_018_x264.mp4
,Normal,2843,0,0,tuning\ucfcrime_vad_exp1\per_frame_ground_truth_scores\Normal_Videos_019_x264.csv,10.446711220541681,Normal_Videos_019_x264.mp4
,Normal,1076,0,0,tuning\ucfcrime_vad_exp1\per_frame_ground_truth_scores\Normal_Videos_024_x264.csv,10.50185873605948,Normal_Videos_024_x264.mp4
,Normal,602,0,0,tuning\ucfcrime_vad_exp1\per_frame_ground_truth_scores\Normal_Videos_025_x264.csv,10.631229235880399,Normal_Videos_025_x264.mp4
,Normal,4922,0,0,tuning\ucfcrime_vad_exp1\per_frame_ground_truth_scores\Normal_Videos_027_x264.csv,10.42259244209671,Normal_Videos_027_x264.mp4
,Normal,1680,0,0,tuning\ucfcrime_vad_exp1\per_frame_ground_truth_scores\Normal_Videos_033_x264.csv,10.416666666666666,Normal_Videos_033_x264.mp4
,Normal,1318,0,0,tuning\ucfcrime_vad_exp1\per_frame_ground_truth_scores\Normal_Videos_034_x264.csv,10.47040971168437,Normal_Videos_034_x264.mp4
,Normal,1269,0,0,tuning\ucfcrime_vad_exp1\per_frame_ground_truth_scores\Normal_Videos_041_x264.csv,10.480693459416864,Normal_Videos_041_x264.mp4
,Normal,3154,0,0,tuning\ucfcrime_vad_exp1\per_frame_ground_truth_scores\Normal_Videos_042_x264.csv,10.431198478123019,Normal_Videos_042_x264.mp4
,Normal,1650,0,0,tuning\ucfcrime_vad_exp1\per_frame_ground_truth_scores\Normal_Videos_048_x264.csv,10.424242424242424,Normal_Videos_048_x264.mp4
,Normal,4198,0,0,tuning\ucfcrime_vad_exp1\per_frame_ground_truth_scores\Normal_Videos_050_x264.csv,10.433539780848022,Normal_Videos_050_x264.mp4
,Normal,2358,0,0,tuning\ucfcrime_vad_exp1\per_frame_ground_truth_scores\Normal_Videos_051_x264.csv,10.432569974554708,Normal_Videos_051_x264.mp4
,Normal,1572,0,0,tuning\ucfcrime_vad_exp1\per_frame_ground_truth_scores\Normal_Videos_056_x264.csv,10.49618320610687,Normal_Videos_056_x264.mp4
,Normal,1835,0,0,tuning\ucfcrime_vad_exp1\per_frame_ground_truth_scores\Normal_Videos_059_x264.csv,10.626702997275205,Normal_Videos_059_x264.mp4
,Normal,355,0,0,tuning\ucfcrime_vad_exp1\per_frame_ground_truth_scores\Normal_Videos_063_x264.csv,10.704225352112676,Normal_Videos_063_x264.mp4
,Normal,1068,0,0,tuning\ucfcrime_vad_exp1\per_frame_ground_truth_scores\Normal_Videos_067_x264.csv,10.486891385767791,Normal_Videos_067_x264.mp4
,Normal,993,0,0,tuning\ucfcrime_vad_exp1\per_frame_ground_truth_scores\Normal_Videos_070_x264.csv,10.574018126888218,Normal_Videos_070_x264.mp4
,Normal,627,0,0,tuning\ucfcrime_vad_exp1\per_frame_ground_truth_scores\Normal_Videos_100_x264.csv,10.526315789473685,Normal_Videos_100_x264.mp4
,Normal,467,0,0,tuning\ucfcrime_vad_exp1\per_frame_ground_truth_scores\Normal_Videos_129_x264.csv,10.492505353319057,Normal_Videos_129_x264.mp4
,Normal,864,0,0,tuning\ucfcrime_vad_exp1\per_frame_ground_truth_scores\Normal_Videos_150_x264.csv,10.532407407407407,Normal_Videos_150_x264.mp4
,Normal,1740,0,0,tuning\ucfcrime_vad_exp1\per_frame_ground_truth_scores\Normal_Videos_168_x264.csv,10.402298850574713,Normal_Videos_168_x264.mp4
,Normal,8847,0,0,tuning\ucfcrime_vad_exp1\per_frame_ground_truth_scores\Normal_Videos_175_x264.csv,10.410308579179382,Normal_Videos_175_x264.mp4
,Normal,4094,0,0,tuning\ucfcrime_vad_exp1\per_frame_ground_truth_scores\Normal_Videos_182_x264.csv,10.42989741084514,Normal_Videos_182_x264.mp4
,Normal,737,0,0,tuning\ucfcrime_vad_exp1\per_frame_ground_truth_scores\Normal_Videos_189_x264.csv,10.447761194029852,Normal_Videos_189_x264.mp4
,Normal,2004,0,0,tuning\ucfcrime_vad_exp1\per_frame_ground_truth_scores\Normal_Videos_196_x264.csv,10.479041916167665,Normal_Videos_196_x264.mp4
,Normal,2571,0,0,tuning\ucfcrime_vad_exp1\per_frame_ground_truth_scores\Normal_Videos_203_x264.csv,10.423959548813691,Normal_Videos_203_x264.mp4
,Normal,5408,0,0,tuning\ucfcrime_vad_exp1\per_frame_ground_truth_scores\Normal_Videos_210_x264.csv,10.410502958579881,Normal_Videos_210_x264.mp4
,Normal,1817,0,0,tuning\ucfcrime_vad_exp1\per_frame_ground_truth_scores\Normal_Videos_217_x264.csv,10.456796917996698,Normal_Videos_217_x264.mp4
,Normal,6958,0,0,tuning\ucfcrime_vad_exp1\per_frame_ground_truth_scores\Normal_Videos_224_x264.csv,10.41966082207531,Normal_Videos_224_x264.mp4
,Normal,4993,0,0,tuning\ucfcrime_vad_exp1\per_frame_ground_truth_scores\Normal_Videos_246_x264.csv,10.414580412577608,Normal_Videos_246_x264.mp4
,Normal,8211,0,0,tuning\ucfcrime_vad_exp1\per_frame_ground_truth_scores\Normal_Videos_247_x264.csv,10.400682011935208,Normal_Videos_247_x264.mp4
,Normal,1140,0,0,tuning\ucfcrime_vad_exp1\per_frame_ground_truth_scores\Normal_Videos_248_x264.csv,10.43859649122807,Normal_Videos_248_x264.mp4
,Normal,405,0,0,tuning\ucfcrime_vad_exp1\per_frame_ground_truth_scores\Normal_Videos_251_x264.csv,10.617283950617283,Normal_Videos_251_x264.mp4
,Normal,863,0,0,tuning\ucfcrime_vad_exp1\per_frame_ground_truth_scores\Normal_Videos_289_x264.csv,10.544611819235225,Normal_Videos_289_x264.mp4
,Normal,2518,0,0,tuning\ucfcrime_vad_exp1\per_frame_ground_truth_scores\Normal_Videos_310_x264.csv,10.444797458300238,Normal_Videos_310_x264.mp4
,Normal,1261,0,0,tuning\ucfcrime_vad_exp1\per_frame_ground_truth_scores\Normal_Videos_312_x264.csv,10.467882632831087,Normal_Videos_312_x264.mp4
,Normal,929,0,0,tuning\ucfcrime_vad_exp1\per_frame_ground_truth_scores\Normal_Videos_317_x264.csv,10.441334768568353,Normal_Videos_317_x264.mp4
,Normal,209,0,0,tuning\ucfcrime_vad_exp1\per_frame_ground_truth_scores\Normal_Videos_345_x264.csv,10.526315789473685,Normal_Videos_345_x264.mp4
,Normal,5403,0,0,tuning\ucfcrime_vad_exp1\per_frame_ground_truth_scores\Normal_Videos_352_x264.csv,10.420136960947621,Normal_Videos_352_x264.mp4
,Normal,984,0,0,tuning\ucfcrime_vad_exp1\per_frame_ground_truth_scores\Normal_Videos_360_x264.csv,10.467479674796747,Normal_Videos_360_x264.mp4
,Normal,6626,0,0,tuning\ucfcrime_vad_exp1\per_frame_ground_truth_scores\Normal_Videos_365_x264.csv,10.413522487171747,Normal_Videos_365_x264.mp4
,Normal,1626,0,0,tuning\ucfcrime_vad_exp1\per_frame_ground_truth_scores\Normal_Videos_401_x264.csv,10.45510455104551,Normal_Videos_401_x264.mp4
,Normal,1077,0,0,tuning\ucfcrime_vad_exp1\per_frame_ground_truth_scores\Normal_Videos_417_x264.csv,10.492107706592387,Normal_Videos_417_x264.mp4
,Normal,4226,0,0,tuning\ucfcrime_vad_exp1\per_frame_ground_truth_scores\Normal_Videos_439_x264.csv,10.411736867013724,Normal_Videos_439_x264.mp4
,Normal,443,0,0,tuning\ucfcrime_vad_exp1\per_frame_ground_truth_scores\Normal_Videos_452_x264.csv,10.835214446952596,Normal_Videos_452_x264.mp4
,Normal,5322,0,0,tuning\ucfcrime_vad_exp1\per_frame_ground_truth_scores\Normal_Videos_453_x264.csv,10.428410372040586,Normal_Videos_453_x264.mp4
,Normal,4502,0,0,tuning\ucfcrime_vad_exp1\per_frame_ground_truth_scores\Normal_Videos_478_x264.csv,10.439804531319414,Normal_Videos_478_x264.mp4
,Normal,11275,0,0,tuning\ucfcrime_vad_exp1\per_frame_ground_truth_scores\Normal_Videos_576_x264.csv,10.412416851441241,Normal_Videos_576_x264.mp4
,Normal,2229,0,0,tuning\ucfcrime_vad_exp1\per_frame_ground_truth_scores\Normal_Videos_597_x264.csv,10.40825482279049,Normal_Videos_597_x264.mp4
,Normal,3277,0,0,tuning\ucfcrime_vad_exp1\per_frame_ground_truth_scores\Normal_Videos_603_x264.csv,10.436374732987488,Normal_Videos_603_x264.mp4
,Normal,1233,0,0,tuning\ucfcrime_vad_exp1\per_frame_ground_truth_scores\Normal_Videos_606_x264.csv,10.46228710462287,Normal_Videos_606_x264.mp4
,Normal,4802,0,0,tuning\ucfcrime_vad_exp1\per_frame_ground_truth_scores\Normal_Videos_621_x264.csv,10.433152852977926,Normal_Videos_621_x264.mp4
,Normal,13459,0,0,tuning\ucfcrime_vad_exp1\per_frame_ground_truth_scores\Normal_Videos_634_x264.csv,10.401961512742403,Normal_Videos_634_x264.mp4
,Normal,3600,0,0,tuning\ucfcrime_vad_exp1\per_frame_ground_truth_scores\Normal_Videos_641_x264.csv,10.416666666666666,Normal_Videos_641_x264.mp4
,Normal,1815,0,0,tuning\ucfcrime_vad_exp1\per_frame_ground_truth_scores\Normal_Videos_656_x264.csv,10.46831955922865,Normal_Videos_656_x264.mp4
,Normal,2410,0,0,tuning\ucfcrime_vad_exp1\per_frame_ground_truth_scores\Normal_Videos_686_x264.csv,10.4149377593361,Normal_Videos_686_x264.mp4
,Normal,3625,0,0,tuning\ucfcrime_vad_exp1\per_frame_ground_truth_scores\Normal_Videos_696_x264.csv,10.455172413793104,Normal_Videos_696_x264.mp4
,Normal,2523,0,0,tuning\ucfcrime_vad_exp1\per_frame_ground_truth_scores\Normal_Videos_702_x264.csv,10.463733650416172,Normal_Videos_702_x264.mp4
,Normal,1694,0,0,tuning\ucfcrime_vad_exp1\per_frame_ground_truth_scores\Normal_Videos_704_x264.csv,10.50767414403778,Normal_Videos_704_x264.mp4
,Normal,1797,0,0,tuning\ucfcrime_vad_exp1\per_frame_ground_truth_scores\Normal_Videos_710_x264.csv,10.461880912632164,Normal_Videos_710_x264.mp4
,Normal,1255,0,0,tuning\ucfcrime_vad_exp1\per_frame_ground_truth_scores\Normal_Videos_717_x264.csv,10.51792828685259,Normal_Videos_717_x264.mp4
,Normal,8731,0,0,tuning\ucfcrime_vad_exp1\per_frame_ground_truth_scores\Normal_Videos_722_x264.csv,10.445538884434773,Normal_Videos_722_x264.mp4
,Normal,920,0,0,tuning\ucfcrime_vad_exp1\per_frame_ground_truth_scores\Normal_Videos_725_x264.csv,10.434782608695652,Normal_Videos_725_x264.mp4
,Normal,305,0,0,tuning\ucfcrime_vad_exp1\per_frame_ground_truth_scores\Normal_Videos_745_x264.csv,10.819672131147541,Normal_Videos_745_x264.mp4
,Normal,1589,0,0,tuning\ucfcrime_vad_exp1\per_frame_ground_truth_scores\Normal_Videos_758_x264.csv,10.446821900566395,Normal_Videos_758_x264.mp4
,Normal,1262,0,0,tuning\ucfcrime_vad_exp1\per_frame_ground_truth_scores\Normal_Videos_778_x264.csv,11.251980982567353,Normal_Videos_778_x264.mp4
,Normal,2021,0,0,tuning\ucfcrime_vad_exp1\per_frame_ground_truth_scores\Normal_Videos_780_x264.csv,10.440376051459673,Normal_Videos_780_x264.mp4
,Normal,3975,0,0,tuning\ucfcrime_vad_exp1\per_frame_ground_truth_scores\Normal_Videos_781_x264.csv,10.415094339622641,Normal_Videos_781_x264.mp4
,Normal,5543,0,0,tuning\ucfcrime_vad_exp1\per_frame_ground_truth_scores\Normal_Videos_782_x264.csv,10.427566299837633,Normal_Videos_782_x264.mp4
,Normal,9590,0,0,tuning\ucfcrime_vad_exp1\per_frame_ground_truth_scores\Normal_Videos_783_x264.csv,10.40667361835245,Normal_Videos_783_x264.mp4
,Normal,6001,0,0,tuning\ucfcrime_vad_exp1\per_frame_ground_truth_scores\Normal_Videos_798_x264.csv,10.41493084485919,Normal_Videos_798_x264.mp4
,Normal,2744,0,0,tuning\ucfcrime_vad_exp1\per_frame_ground_truth_scores\Normal_Videos_801_x264.csv,10.459183673469388,Normal_Videos_801_x264.mp4
,Normal,930,0,0,tuning\ucfcrime_vad_exp1\per_frame_ground_truth_scores\Normal_Videos_828_x264.csv,10.43010752688172,Normal_Videos_828_x264.mp4
,Normal,448,0,0,tuning\ucfcrime_vad_exp1\per_frame_ground_truth_scores\Normal_Videos_831_x264.csv,10.491071428571429,Normal_Videos_831_x264.mp4
,Normal,1198,0,0,tuning\ucfcrime_vad_exp1\per_frame_ground_truth_scores\Normal_Videos_866_x264.csv,10.601001669449081,Normal_Videos_866_x264.mp4
,Normal,624,0,0,tuning\ucfcrime_vad_exp1\per_frame_ground_truth_scores\Normal_Videos_867_x264.csv,10.576923076923077,Normal_Videos_867_x264.mp4
,Normal,2401,0,0,tuning\ucfcrime_vad_exp1\per_frame_ground_truth_scores\Normal_Videos_868_x264.csv,10.412328196584756,Normal_Videos_868_x264.mp4
,Normal,2401,0,0,tuning\ucfcrime_vad_exp1\per_frame_ground_truth_scores\Normal_Videos_869_x264.csv,10.453977509371095,Normal_Videos_869_x264.mp4
,Normal,601,0,0,tuning\ucfcrime_vad_exp1\per_frame_ground_truth_scores\Normal_Videos_870_x264.csv,10.482529118136439,Normal_Videos_870_x264.mp4
,Normal,4358,0,0,tuning\ucfcrime_vad_exp1\per_frame_ground_truth_scores\Normal_Videos_871_x264.csv,10.509407985314365,Normal_Videos_871_x264.mp4
,Normal,530,0,0,tuning\ucfcrime_vad_exp1\per_frame_ground_truth_scores\Normal_Videos_872_x264.csv,10.566037735849056,Normal_Videos_872_x264.mp4
,Normal,1799,0,0,tuning\ucfcrime_vad_exp1\per_frame_ground_truth_scores\Normal_Videos_873_x264.csv,10.450250138966092,Normal_Videos_873_x264.mp4
,Normal,4226,0,0,tuning\ucfcrime_vad_exp1\per_frame_ground_truth_scores\Normal_Videos_874_x264.csv,10.45906294368197,Normal_Videos_874_x264.mp4
,Normal,2565,0,0,tuning\ucfcrime_vad_exp1\per_frame_ground_truth_scores\Normal_Videos_875_x264.csv,10.448343079922028,Normal_Videos_875_x264.mp4
,Normal,351,0,0,tuning\ucfcrime_vad_exp1\per_frame_ground_truth_scores\Normal_Videos_876_x264.csv,10.54131054131054,Normal_Videos_876_x264.mp4
,Normal,10025,0,0,tuning\ucfcrime_vad_exp1\per_frame_ground_truth_scores\Normal_Videos_877_x264.csv,10.413965087281795,Normal_Videos_877_x264.mp4
,Normal,265,0,0,tuning\ucfcrime_vad_exp1\per_frame_ground_truth_scores\Normal_Videos_878_x264.csv,10.943396226415095,Normal_Videos_878_x264.mp4
,Normal,1143,0,0,tuning\ucfcrime_vad_exp1\per_frame_ground_truth_scores\Normal_Videos_879_x264.csv,10.498687664041995,Normal_Videos_879_x264.mp4
,Normal,18054,0,0,tuning\ucfcrime_vad_exp1\per_frame_ground_truth_scores\Normal_Videos_880_x264.csv,10.418743768693918,Normal_Videos_880_x264.mp4
,Normal,224,0,0,tuning\ucfcrime_vad_exp1\per_frame_ground_truth_scores\Normal_Videos_881_x264.csv,10.714285714285714,Normal_Videos_881_x264.mp4
,Normal,1654,0,0,tuning\ucfcrime_vad_exp1\per_frame_ground_truth_scores\Normal_Videos_882_x264.csv,10.459492140266022,Normal_Videos_882_x264.mp4
,Normal,326,0,0,tuning\ucfcrime_vad_exp1\per_frame_ground_truth_scores\Normal_Videos_883_x264.csv,10.736196319018404,Normal_Videos_883_x264.mp4
,Normal,9029,0,0,tuning\ucfcrime_vad_exp1\per_frame_ground_truth_scores\Normal_Videos_884_x264.csv,10.410898216856795,Normal_Videos_884_x264.mp4
,Normal,474,0,0,tuning\ucfcrime_vad_exp1\per_frame_ground_truth_scores\Normal_Videos_885_x264.csv,10.548523206751055,Normal_Videos_885_x264.mp4
,Normal,2747,0,0,tuning\ucfcrime_vad_exp1\per_frame_ground_truth_scores\Normal_Videos_886_x264.csv,10.411357844921733,Normal_Videos_886_x264.mp4
,Normal,7630,0,0,tuning\ucfcrime_vad_exp1\per_frame_ground_truth_scores\Normal_Videos_887_x264.csv,10.511140235910878,Normal_Videos_887_x264.mp4
,Normal,574,0,0,tuning\ucfcrime_vad_exp1\per_frame_ground_truth_scores\Normal_Videos_888_x264.csv,10.627177700348431,Normal_Videos_888_x264.mp4
,Normal,314,0,0,tuning\ucfcrime_vad_exp1\per_frame_ground_truth_scores\Normal_Videos_889_x264.csv,10.828025477707007,Normal_Videos_889_x264.mp4
,Normal,3579,0,0,tuning\ucfcrime_vad_exp1\per_frame_ground_truth_scores\Normal_Videos_890_x264.csv,10.42190556021235,Normal_Videos_890_x264.mp4
,Normal,1800,0,0,tuning\ucfcrime_vad_exp1\per_frame_ground_truth_scores\Normal_Videos_891_x264.csv,10.444444444444445,Normal_Videos_891_x264.mp4
,Normal,1770,0,0,tuning\ucfcrime_vad_exp1\per_frame_ground_truth_scores\Normal_Videos_892_x264.csv,10.451977401129943,Normal_Videos_892_x264.mp4
,Normal,6374,0,0,tuning\ucfcrime_vad_exp1\per_frame_ground_truth_scores\Normal_Videos_893_x264.csv,10.417320363978662,Normal_Videos_893_x264.mp4
,Normal,2575,0,0,tuning\ucfcrime_vad_exp1\per_frame_ground_truth_scores\Normal_Videos_894_x264.csv,10.446601941747574,Normal_Videos_894_x264.mp4
,Normal,3030,0,0,tuning\ucfcrime_vad_exp1\per_frame_ground_truth_scores\Normal_Videos_895_x264.csv,10.429042904290428,Normal_Videos_895_x264.mp4
,Normal,2303,0,0,tuning\ucfcrime_vad_exp1\per_frame_ground_truth_scores\Normal_Videos_896_x264.csv,10.46461137646548,Normal_Videos_896_x264.mp4
,Normal,875,0,0,tuning\ucfcrime_vad_exp1\per_frame_ground_truth_scores\Normal_Videos_897_x264.csv,10.514285714285714,Normal_Videos_897_x264.mp4
,Normal,1005,0,0,tuning\ucfcrime_vad_exp1\per_frame_ground_truth_scores\Normal_Videos_898_x264.csv,10.54726368159204,Normal_Videos_898_x264.mp4
,Normal,1380,0,0,tuning\ucfcrime_vad_exp1\per_frame_ground_truth_scores\Normal_Videos_899_x264.csv,10.434782608695652,Normal_Videos_899_x264.mp4
,Normal,1455,0,0,tuning\ucfcrime_vad_exp1\per_frame_ground_truth_scores\Normal_Videos_900_x264.csv,10.446735395189004,Normal_Videos_900_x264.mp4
,Normal,1170,0,0,tuning\ucfcrime_vad_exp1\per_frame_ground_truth_scores\Normal_Videos_901_x264.csv,10.598290598290598,Normal_Videos_901_x264.mp4
,Normal,1384,0,0,tuning\ucfcrime_vad_exp1\per_frame_ground_truth_scores\Normal_Videos_902_x264.csv,10.476878612716764,Normal_Videos_902_x264.mp4
,Normal,790,0,0,tuning\ucfcrime_vad_exp1\per_frame_ground_truth_scores\Normal_Videos_903_x264.csv,10.50632911392405,Normal_Videos_903_x264.mp4
,Normal,908,0,0,tuning\ucfcrime_vad_exp1\per_frame_ground_truth_scores\Normal_Videos_904_x264.csv,10.462555066079295,Normal_Videos_904_x264.mp4
,Normal,1196,0,0,tuning\ucfcrime_vad_exp1\per_frame_ground_truth_scores\Normal_Videos_905_x264.csv,10.535117056856187,Normal_Videos_905_x264.mp4
,Normal,676,0,0,tuning\ucfcrime_vad_exp1\per_frame_ground_truth_scores\Normal_Videos_906_x264.csv,10.502958579881657,Normal_Videos_906_x264.mp4
,Normal,598,0,0,tuning\ucfcrime_vad_exp1\per_frame_ground_truth_scores\Normal_Videos_907_x264.csv,10.535117056856187,Normal_Videos_907_x264.mp4
,Normal,889,0,0,tuning\ucfcrime_vad_exp1\per_frame_ground_truth_scores\Normal_Videos_908_x264.csv,10.46119235095613,Normal_Videos_908_x264.mp4
,Normal,870,0,0,tuning\ucfcrime_vad_exp1\per_frame_ground_truth_scores\Normal_Videos_909_x264.csv,10.459770114942529,Normal_Videos_909_x264.mp4
,Normal,567,0,0,tuning\ucfcrime_vad_exp1\per_frame_ground_truth_scores\Normal_Videos_910_x264.csv,10.582010582010582,Normal_Videos_910_x264.mp4
,Normal,776,0,0,tuning\ucfcrime_vad_exp1\per_frame_ground_truth_scores\Normal_Videos_911_x264.csv,10.56701030927835,Normal_Videos_911_x264.mp4
,Normal,746,0,0,tuning\ucfcrime_vad_exp1\per_frame_ground_truth_scores\Normal_Videos_912_x264.csv,10.455764075067025,Normal_Videos_912_x264.mp4
,Normal,609,0,0,tuning\ucfcrime_vad_exp1\per_frame_ground_truth_scores\Normal_Videos_913_x264.csv,10.50903119868637,Normal_Videos_913_x264.mp4
,Normal,880,0,0,tuning\ucfcrime_vad_exp1\per_frame_ground_truth_scores\Normal_Videos_914_x264.csv,10.454545454545455,Normal_Videos_914_x264.mp4
,Normal,1245,0,0,tuning\ucfcrime_vad_exp1\per_frame_ground_truth_scores\Normal_Videos_915_x264.csv,10.441767068273093,Normal_Videos_915_x264.mp4
,Normal,18224,0,0,tuning\ucfcrime_vad_exp1\per_frame_ground_truth_scores\Normal_Videos_923_x264.csv,10.403863037752414,Normal_Videos_923_x264.mp4
,Normal,107997,0,0,tuning\ucfcrime_vad_exp1\per_frame_ground_truth_scores\Normal_Videos_924_x264.csv,10.401214848560608,Normal_Videos_924_x264.mp4
,Normal,7726,0,0,tuning\ucfcrime_vad_exp1\per_frame_ground_truth_scores\Normal_Videos_925_x264.csv,10.432306497540772,Normal_Videos_925_x264.mp4
,Normal,1796,0,0,tuning\ucfcrime_vad_exp1\per_frame_ground_truth_scores\Normal_Videos_926_x264.csv,10.46770601336303,Normal_Videos_926_x264.mp4
,Normal,1633,0,0,tuning\ucfcrime_vad_exp1\per_frame_ground_truth_scores\Normal_Videos_927_x264.csv,10.471524800979791,Normal_Videos_927_x264.mp4
,Normal,918,0,0,tuning\ucfcrime_vad_exp1\per_frame_ground_truth_scores\Normal_Videos_928_x264.csv,10.457516339869281,Normal_Videos_928_x264.mp4
,Normal,924,0,0,tuning\ucfcrime_vad_exp1\per_frame_ground_truth_scores\Normal_Videos_929_x264.csv,10.497835497835498,Normal_Videos_929_x264.mp4
,Normal,3187,0,0,tuning\ucfcrime_vad_exp1\per_frame_ground_truth_scores\Normal_Videos_930_x264.csv,10.417320363978662,Normal_Videos_930_x264.mp4
,Normal,1765,0,0,tuning\ucfcrime_vad_exp1\per_frame_ground_truth_scores\Normal_Videos_931_x264.csv,10.48158640226629,Normal_Videos_931_x264.mp4
,Normal,1784,0,0,tuning\ucfcrime_vad_exp1\per_frame_ground_truth_scores\Normal_Videos_932_x264.csv,10.48206278026906,Normal_Videos_932_x264.mp4
,Normal,1771,0,0,tuning\ucfcrime_vad_exp1\per_frame_ground_truth_scores\Normal_Videos_933_x264.csv,10.446075663466967,Normal_Videos_933_x264.mp4
,Normal,1765,0,0,tuning\ucfcrime_vad_exp1\per_frame_ground_truth_scores\Normal_Videos_934_x264.csv,10.48158640226629,Normal_Videos_934_x264.mp4
,Normal,107994,0,0,tuning\ucfcrime_vad_exp1\per_frame_ground_truth_scores\Normal_Videos_935_x264.csv,10.400577809878326,Normal_Videos_935_x264.mp4
,Normal,1150,0,0,tuning\ucfcrime_vad_exp1\per_frame_ground_truth_scores\Normal_Videos_936_x264.csv,10.434782608695652,Normal_Videos_936_x264.mp4
,Normal,1150,0,0,tuning\ucfcrime_vad_exp1\per_frame_ground_truth_scores\Normal_Videos_937_x264.csv,10.434782608695652,Normal_Videos_937_x264.mp4
,Normal,4827,0,0,tuning\ucfcrime_vad_exp1\per_frame_ground_truth_scores\Normal_Videos_938_x264.csv,10.420551066915268,Normal_Videos_938_x264.mp4
,Normal,801,0,0,tuning\ucfcrime_vad_exp1\per_frame_ground_truth_scores\Normal_Videos_939_x264.csv,10.486891385767791,Normal_Videos_939_x264.mp4
,Normal,36017,0,0,tuning\ucfcrime_vad_exp1\per_frame_ground_truth_scores\Normal_Videos_940_x264.csv,10.403420606935613,Normal_Videos_940_x264.mp4
,Normal,2020,0,0,tuning\ucfcrime_vad_exp1\per_frame_ground_truth_scores\Normal_Videos_941_x264.csv,10.445544554455445,Normal_Videos_941_x264.mp4
,Normal,1020,0,0,tuning\ucfcrime_vad_exp1\per_frame_ground_truth_scores\Normal_Videos_943_x264.csv,10.490196078431373,Normal_Videos_943_x264.mp4
,Normal,7170,0,0,tuning\ucfcrime_vad_exp1\per_frame_ground_truth_scores\Normal_Videos_944_x264.csv,10.404463040446304,Normal_Videos_944_x264.mp4
