frame_idx,action_score,is_peak,persistence_value
0,0.8997851610183716,False,0.0
1,0.03626181557774544,False,0.0
2,0.025240406394004822,False,0.0
3,0.028181282803416252,False,0.0
4,0.0,False,0.0
5,0.02240946888923645,False,0.0
6,9.343898454972077e-06,False,0.0
7,0.0,False,0.0
8,0.05830463767051697,False,0.0
9,0.06839156150817871,False,0.0
10,0.04266577959060669,False,0.0
11,0.16664978861808777,False,0.0
12,0.148427352309227,False,0.0
13,0.15452897548675537,False,0.0
14,0.12338868528604507,False,0.0
15,0.6109311580657959,True,1.0
16,0.037636056542396545,False,0.0
17,0.1689859926700592,False,0.0
18,0.23099175095558167,False,0.0
19,0.20444141328334808,False,0.0
20,0.18520203232765198,False,0.0
21,0.12223432213068008,False,0.0
22,0.0,False,0.0
23,0.13759832084178925,False,0.23790854215621948
24,0.13644397258758545,False,0.0
25,0.12415825575590134,False,0.0
26,0.1236085519194603,False,0.0
27,0.13430015742778778,False,0.0
28,0.018644049763679504,False,0.0
29,0.13212884962558746,False,0.0
30,0.12808857858181,False,0.0
31,0.18206876516342163,False,0.35834703082218766
32,0.1486472338438034,False,0.0
33,0.14119884371757507,False,0.0
34,0.02903330884873867,False,0.0
35,0.1308370679616928,False,0.0
36,0.1599709838628769,False,0.0
37,0.12542256712913513,False,0.0
38,0.16087797284126282,False,0.2636893279850483
39,0.14007197320461273,False,0.0
40,0.020403077825903893,False,0.0
41,0.12712661921977997,False,0.0
42,0.12198694795370102,False,0.0
43,0.13248614966869354,False,0.2241661436855793
44,0.1268792599439621,False,0.0
45,0.13034234941005707,False,0.0
46,0.01037111971527338,False,0.0
47,0.1225091740489006,False,0.0
48,0.12965522706508636,False,0.0
49,0.1261371672153473,False,0.0
50,0.13344812393188477,False,0.0
51,0.13740593194961548,False,0.2368641272187233
52,0.01897386834025383,False,0.0
53,0.13726851344108582,False,0.0
54,0.13045227527618408,False,0.0
55,0.12011798471212387,False,0.0
56,0.13759832084178925,False,0.0
57,0.14562390744686127,False,0.0
58,0.0028952497523278,False,0.0
59,0.13168910145759583,False,0.0
60,0.929809033870697,True,1.0
61,0.26053792238235474,False,0.0
62,0.17448295652866364,False,0.0
63,0.16469836235046387,False,0.0
64,0.011333088390529156,False,0.0
65,0.14809753000736237,False,0.0
66,0.1333656758069992,False,0.0
67,0.1321563422679901,False,0.0
68,0.21807387471199036,False,0.0
69,0.7410205006599426,False,0.0
70,0.04129153862595558,False,0.0
71,0.5773012638092041,False,0.0
72,0.7565451860427856,True,1.0
73,0.5014353394508362,False,0.0
74,0.2755446135997772,False,0.0
75,0.2545737028121948,False,0.0
76,0.011278118006885052,False,0.0
77,0.2301671952009201,True,0.4377781543880701
78,0.1830032467842102,False,0.0
79,0.16884855926036835,False,0.0
80,0.17695657908916473,False,0.0
81,0.17286135256290436,False,0.0
82,0.0,False,0.0
83,0.21373127400875092,False,0.0
84,0.1683538407087326,False,0.0
85,0.25278720259666443,False,0.0
86,0.5436519980430603,False,0.0
87,0.6346542835235596,True,1.0
88,0.025625193491578102,False,0.0
89,0.6813234686851501,False,0.0
90,0.674892008304596,False,0.0
91,0.7082585692405701,False,0.0
92,0.7847488522529602,True,1.0
93,0.6431195735931396,False,0.0
94,0.05346731096506119,False,0.0
95,0.5608850121498108,False,0.0
96,0.5572569966316223,False,0.0
97,0.4912109673023224,False,0.0
98,0.22532986104488373,False,0.0
99,0.19440944492816925,False,0.0
100,0.019386140629649162,False,0.0
101,0.17481277883052826,False,0.0
102,0.1358942836523056,False,0.0
103,0.18792302906513214,False,0.33707377687096596
104,0.15304480493068695,False,0.0
105,0.12712661921977997,False,0.0
106,0.010536029003560543,False,0.0
107,0.08969229459762573,False,0.0
108,0.0918910801410675,False,0.0
109,0.07353122532367706,False,0.0
110,0.15966863930225372,False,0.28930517099797726
111,0.14886711537837982,False,0.0
112,0.015016053803265095,False,0.0
113,0.12319628149271011,False,0.0
114,0.09964179992675781,False,0.0
115,0.15576580166816711,False,0.27440841495990753
116,0.1052761897444725,False,0.0
117,0.0855146050453186,False,0.0
118,0.01856159418821335,False,0.0
119,0.13702115416526794,False,0.0
120,0.9182050228118896,True,1.0
121,0.26466065645217896,False,0.0
122,0.17044268548488617,False,0.0
123,0.1480150669813156,False,0.0
124,0.031259577721357346,False,0.0
125,0.12022792547941208,False,0.17793669551610947
126,0.08966480940580368,False,0.0
127,0.08018254488706589,False,0.0
128,0.07485049217939377,False,0.0
129,0.10816209763288498,False,0.0
130,0.017517171800136566,False,0.0
131,0.09777282923460007,False,0.0
132,0.10818957537412643,False,0.0
133,0.10975620895624161,False,0.0
134,0.2435523122549057,True,0.45207028090953827
135,0.15191791951656342,False,0.0
136,0.02265683375298977,False,0.0
137,0.10884921997785568,False,0.0
138,0.10409434139728546,False,0.0
139,0.12226179987192154,False,0.19920993223786354
140,0.09920204430818558,False,0.0
141,0.08870284259319305,False,0.0
142,0.012377510778605938,False,0.0
143,0.09024199098348618,False,0.0
144,0.6059212684631348,True,1.0
145,0.13218383491039276,False,0.0
146,0.09015953540802002,False,0.0
147,0.07556509971618652,False,0.0
148,0.018918897956609726,False,0.0
149,0.07273416966199875,False,0.0
150,0.0637466311454773,False,0.0
151,0.0689137801527977,False,0.0
152,0.06267472356557846,False,0.0
153,0.08889523893594742,False,0.13995268195867538
154,0.009409151040017605,False,0.0
155,0.06660505384206772,False,0.0
156,0.06995820254087448,False,0.0
157,0.07366865128278732,False,0.0
158,0.0759223997592926,False,0.0
159,0.08023752272129059,False,0.14165674336254597
160,0.0,False,0.0
161,0.07732412964105606,False,0.0
162,0.07026053220033646,False,0.0
163,0.06976580619812012,False,0.0
164,0.07130495458841324,False,0.0
165,0.07812118530273438,False,0.0
166,0.0,False,0.0
167,0.07968782633543015,False,0.0
168,0.07059034705162048,False,0.0
169,0.08433275669813156,False,0.0
170,0.07798375934362411,False,0.0
171,0.0777638852596283,False,0.0
172,0.0,False,0.0
173,0.09081917256116867,False,0.18163834512233734
174,0.08631166070699692,False,0.0
175,0.084882453083992,False,0.0
176,0.07869836688041687,False,0.0
177,0.07853346318006516,False,0.0
178,0.0,False,0.0
179,0.07707676291465759,False,0.0
180,0.9075242280960083,True,1.0
181,0.4425928592681885,False,0.0
182,0.21944811940193176,False,0.0
183,0.20056605339050293,False,0.0
184,0.01693999022245407,False,0.0
185,0.18718093633651733,False,0.3404818922281265
186,0.17258650064468384,False,0.0
187,0.1606580913066864,False,0.0
188,0.15529856085777283,False,0.0
189,0.14254559576511383,False,0.0
190,0.014383903704583645,False,0.0
191,0.13754336535930634,False,0.0
192,0.3946152329444885,True,0.7604626584798098
193,0.18138164281845093,False,0.0
194,0.13941232860088348,False,0.0
195,0.13259609043598175,False,0.0
196,0.011195664294064045,False,0.0
197,0.12231677025556564,False,0.2222422119230032
198,0.10953634232282639,False,0.0
199,0.10304991155862808,False,0.0
200,0.10612821578979492,False,0.0
201,0.10678785294294357,False,0.0
202,0.015235932543873787,False,0.0
203,0.10211542993783951,False,0.0
204,0.09780031442642212,False,0.0
205,0.09576644003391266,False,0.0
206,0.1116526648402214,False,0.19283346459269524
207,0.09601380676031113,False,0.0
208,0.006385821383446455,False,0.0
209,0.08216145634651184,False,0.0
210,0.09714068472385406,False,0.0
211,0.15705758333206177,False,0.2984851021319628
212,0.11390642076730728,False,0.0
213,0.10467151552438736,False,0.0
214,0.00781503226608038,False,0.0
215,0.09529919922351837,False,0.0
216,0.6984938979148865,True,1.0
217,0.13971465826034546,False,0.0
218,0.08622920513153076,False,0.0
219,0.07399846613407135,False,0.0
220,0.0035548850428313017,False,0.0
221,0.07864340394735336,False,0.0
222,0.08521227538585663,False,0.16331478068605065
223,0.0816117599606514,False,0.0
224,0.08466257899999619,False,0.0
225,0.08059482276439667,False,0.0
226,0.0019332809606567025,False,0.0
227,0.08600933104753494,False,0.0
228,0.08249127119779587,False,0.0
229,0.08474502712488174,False,0.0
230,0.11464851349592209,False,0.22543046507053077
231,0.10035640001296997,False,0.0
232,0.004929126240313053,False,0.0
233,0.09549158811569214,False,0.0
234,0.10054879635572433,False,0.0
235,0.0931553840637207,False,0.0
236,0.10156573355197906,False,0.0
237,0.09730558842420578,False,0.0
238,0.0002841920650098473,False,0.0
239,0.09299047291278839,False,0.0
240,0.911524772644043,True,1.0
241,0.4794173240661621,False,0.0
242,0.24088625609874725,False,0.0
243,0.2124669849872589,False,0.0
244,0.01617041602730751,False,0.0
245,0.1924305409193039,False,0.0
246,0.19597607851028442,False,0.0
247,0.18839026987552643,False,0.0
248,0.17811094224452972,False,0.0
249,0.4273463487625122,False,0.0
250,0.899358868598938,True,1.0
251,0.1613452136516571,False,0.0
252,0.15837685763835907,False,0.0
253,0.15323719382286072,False,0.0
254,0.14952674508094788,False,0.0
255,0.14999398589134216,False,0.0
256,0.0,False,0.0
257,0.14062166213989258,False,0.0
258,0.1496916562318802,False,0.0
259,0.1446894258260727,False,0.0
260,0.14614610373973846,False,0.0
261,0.1606031209230423,False,0.3206378577160649
262,0.0020981898996979,False,0.0
263,0.15326468646526337,False,0.0
264,0.14941680431365967,False,0.0
265,0.15714003145694733,False,0.0
266,0.1542266458272934,False,0.0
267,0.15131326019763947,False,0.0
268,0.0002841920650098473,False,0.0
269,0.19072648882865906,False,0.0
270,0.23530685901641846,False,0.0
271,0.6244560480117798,False,0.0
272,0.7528650164604187,False,0.0
273,0.9883155226707458,True,1.0
274,0.054731614887714386,False,0.0
275,0.5684463977813721,False,0.0
276,0.37542444467544556,False,0.0
277,0.3255944848060608,False,0.0
278,0.27977728843688965,False,0.0
279,0.2455586940050125,False,0.0
280,0.008749515749514103,False,0.0
281,0.20548582077026367,False,0.0
282,0.20925123989582062,False,0.0
283,0.21070794761180878,True,0.40391686372458935
284,0.21007578074932098,False,0.0
285,0.20364435017108917,False,0.0
286,0.008007424883544445,False,0.0
287,0.19578368961811066,False,0.0
288,0.8255639672279358,True,1.0
289,0.22186677157878876,False,0.0
290,0.17162452638149261,False,0.0
291,0.16409370303153992,False,0.0
292,0.002647886285558343,False,0.0
293,0.1496916562318802,False,0.0
294,0.15620554983615875,False,0.0
295,0.16087797284126282,False,0.0
296,0.18819788098335266,False,0.0
297,0.16453345119953156,False,0.0
298,0.0018508265493437648,False,0.0
299,0.16052065789699554,False,0.0
300,0.9505528807640076,True,1.0
301,0.5975141525268555,False,0.0
302,0.2789252698421478,False,0.0
303,0.23739568889141083,False,0.0
304,0.009574060328304768,False,0.0
305,0.21634232997894287,False,0.0
306,0.2096085548400879,False,0.0
307,0.3309814929962158,True,0.6428148653358221
308,0.25058841705322266,False,0.0
309,0.22846312820911407,False,0.0
310,0.005781155079603195,False,0.0
311,0.21285176277160645,False,0.0
312,0.30803167819976807,False,0.0
313,0.6196656227111816,False,0.0
314,0.7645401358604431,False,0.0
315,0.8020935654640198,True,1.0
316,0.03172682225704193,False,0.0
317,0.5897991061210632,False,0.0
318,0.347005158662796,False,0.0
319,0.31314384937286377,False,0.0
320,0.28007960319519043,False,0.0
321,0.25185272097587585,False,0.0
322,0.0,False,0.0
323,0.2229936569929123,False,0.0
324,0.2358015775680542,False,0.0
325,0.6678847074508667,False,0.0
326,0.6356160640716553,False,0.0
327,0.7443599700927734,True,1.0
328,0.03032509796321392,False,0.0
329,0.41076990962028503,False,0.0
330,0.35228225588798523,False,0.0
331,0.3094334006309509,False,0.0
332,0.2984119951725006,False,0.0
333,0.29679039120674133,False,0.0
334,0.0,False,0.0
335,0.25891631841659546,False,0.0
336,0.24467916786670685,False,0.0
337,0.2607303261756897,False,0.0
338,0.26655706763267517,True,0.5331141352653503
339,0.2584215998649597,False,0.0
340,0.0,False,0.0
341,0.24410200119018555,False,0.0
342,0.22991982102394104,False,0.0
343,0.23882491886615753,False,0.0
344,0.23363028466701508,False,0.0
345,0.2783205807209015,True,0.556641161441803
346,0.0,False,0.0
347,0.24484407901763916,False,0.0
348,0.24940656125545502,False,0.0
349,0.2422879934310913,False,0.0
350,0.24638323485851288,False,0.0
351,0.3169092833995819,False,0.0
352,0.0,False,0.0
353,0.2776884436607361,False,0.0
354,0.6915203332901001,True,1.0
355,0.350138396024704,False,0.0
356,0.6728306412696838,False,0.0
357,0.36536499857902527,False,0.0
358,0.012927207164466381,False,0.0
359,0.3224886953830719,False,0.0
360,1.0,True,1.0
361,0.3177338242530823,False,0.0
362,0.2807117700576782,False,0.0
363,0.2563602328300476,False,0.0
364,0.004681762773543596,False,0.0
365,0.35387635231018066,True,0.6983891790732741
366,0.3028920292854309,False,0.0
367,0.2559204697608948,False,0.0
368,0.21903584897518158,False,0.0
369,0.17615953087806702,False,0.0
370,0.0,False,0.0
371,0.14809753000736237,False,0.0
372,0.12899558246135712,False,0.0
373,0.6695874333381653,True,1.0
374,0.5523815751075745,False,0.0
375,0.5945705771446228,False,0.0
376,0.017132384702563286,False,0.0
377,0.3803442418575287,False,0.0
378,0.385786235332489,True,0.7373077012598515
379,0.3353515863418579,False,0.0
380,0.04841010645031929,False,0.0
381,0.25100070238113403,False,0.0
382,0.006413306575268507,False,0.0
383,0.21991534531116486,False,0.0
384,0.2699102461338043,False,0.0
385,0.18833529949188232,False,0.0
386,0.27614930272102356,True,0.5394719922915101
387,0.27551713585853577,False,0.0
388,0.007540183607488871,False,0.0
389,0.2210422307252884,False,0.0
390,0.18778561055660248,False,0.0
391,0.1675567775964737,False,0.0
392,0.16087797284126282,False,0.0
393,0.15287987887859344,False,0.0
394,0.0,False,0.0
395,0.1419958919286728,False,0.0
396,0.14892207086086273,False,0.0
397,0.13218383491039276,False,0.0
398,0.12602722644805908,False,0.0
399,0.21265935897827148,False,0.0
400,0.00517648970708251,False,0.0
401,0.20427648723125458,False,0.0
402,0.2065577358007431,False,0.0
403,0.2370109111070633,True,0.4740218222141266
404,0.18654878437519073,False,0.0
405,0.16730941832065582,False,0.0
406,0.0011087366146966815,False,0.0
407,0.14834488928318024,False,0.0
408,0.13339315354824066,False,0.0
409,0.12971018254756927,False,0.0
410,0.13218383491039276,False,0.0
411,0.12501029670238495,False,0.0
412,0.0,False,0.0
413,0.19078145921230316,False,0.36593285389244556
414,0.18017230927944183,False,0.0
415,0.18399269878864288,False,0.0
416,0.18206876516342163,False,0.0
417,0.18448743224143982,False,0.0
418,0.00781503226608038,False,0.0
419,0.16068558394908905,False,0.0
420,0.14677827060222626,False,0.0
421,0.950242817401886,True,1.0
422,0.5621469020843506,False,0.0
423,0.26358872652053833,False,0.0
424,0.01834171637892723,False,0.0
425,0.20938865840435028,False,0.0
426,0.18885751068592072,False,0.0
427,0.1740431934595108,False,0.0
428,0.17412565648555756,False,0.0
429,0.16615505516529083,False,0.0
430,0.007760062348097563,False,0.0
431,0.15615057945251465,False,0.0
432,0.7619410753250122,True,1.0
433,0.2128792256116867,False,0.0
434,0.16469836235046387,False,0.0
435,0.15730494260787964,False,0.0
436,0.0036648244131356478,False,0.0
437,0.1423257291316986,False,0.0
438,0.14556893706321716,False,0.0
439,0.14562390744686127,False,0.0
440,0.14587126672267914,False,0.0
441,0.160135880112648,False,0.3129421113990247
442,0.009711484424769878,False,0.0
443,0.14260056614875793,False,0.0
444,0.1516430824995041,False,0.0
445,0.15150564908981323,False,0.0
446,0.1416386067867279,False,0.0
447,0.13597671687602997,False,0.0
448,0.006056003272533417,False,0.0
449,0.1340527981519699,False,0.255993589758873
450,0.12841840088367462,False,0.0
451,0.10829951614141464,False,0.0
452,0.09480447322130203,False,0.0
453,0.10860184580087662,False,0.0
454,0.0,False,0.0
455,0.07880830764770508,False,0.15761661529541016
456,0.07798375934362411,False,0.0
457,0.06435129791498184,False,0.0
458,0.0,False,0.0
459,0.0,False,0.0
460,0.7959270477294922,True,1.0
461,0.07493295520544052,False,0.0
462,0.09928449243307114,False,0.0
463,0.1020054966211319,False,0.0
464,0.09980671107769012,False,0.0
465,0.09648104757070541,False,0.0
466,0.0028952497523278,False,0.0
467,0.08661399781703949,False,0.0
468,0.0880432054400444,False,0.0
469,0.09485944360494614,False,0.18392838770523667
470,0.08881278336048126,False,0.0
471,0.08114451915025711,False,0.0
472,0.0,False,0.0
473,0.08436024188995361,False,0.0
474,0.0893624797463417,False,0.0
475,0.09211095422506332,False,0.0
476,0.09862486273050308,False,0.1803003903478384
477,0.09263317286968231,False,0.0
478,0.008474667556583881,False,0.0
479,0.09312789887189865,False,0.0
480,0.12792368233203888,False,0.0
481,0.9082638621330261,True,1.0
482,0.397907018661499,False,0.0
483,0.2619946002960205,False,0.0
484,0.02724679745733738,False,0.0
485,0.1906440258026123,False,0.0
486,0.19086390733718872,False,0.3272342197597027
487,0.17132221162319183,False,0.0
488,0.18033722043037415,False,0.0
489,0.1664024144411087,False,0.0
490,0.011855299584567547,False,0.0
491,0.15197288990020752,False,0.0
492,0.23412500321865082,True,0.4386026859283447
493,0.1910562962293625,False,0.0
494,0.17154207825660706,False,0.0
495,0.16403871774673462,False,0.0
496,0.014823660254478455,False,0.0
497,0.16156509518623352,False,0.0
498,0.16769419610500336,False,0.0
499,0.31328126788139343,False,0.0
500,0.9000000357627869,True,1.0
501,0.14551395177841187,False,0.0
502,0.0,False,0.0
503,0.13850532472133636,False,0.0
504,0.15150564908981323,False,0.0
505,0.14892207086086273,False,0.0
506,0.14282044768333435,False,0.0
507,0.1402643620967865,False,0.0
508,0.0,False,0.0
509,0.12459801882505417,False,0.0
510,0.13218383491039276,False,0.24956215173006058
511,0.12828098237514496,False,0.0
512,0.116709865629673,False,0.0
513,0.12278401851654053,False,0.0
514,0.0074027590453624725,False,0.0
515,0.10659545660018921,False,0.0
516,0.10926149040460587,False,0.0
517,0.11585783958435059,False,0.0
518,0.1614551544189453,False,0.31431635841727257
519,0.13289843499660492,False,0.0
520,0.012762299738824368,False,0.0
521,0.12448807060718536,False,0.0
522,0.10118094831705093,False,0.0
523,0.10571594536304474,False,0.0
524,0.10695276409387589,False,0.0
525,0.10489139705896378,False,0.0
526,0.004351945128291845,False,0.0
527,0.08485496789216995,False,0.0
528,0.09796522557735443,False,0.0
529,0.1025826707482338,False,0.0
530,0.09444716572761536,False,0.0
531,0.10796970129013062,False,0.0
532,0.004296975210309029,False,0.0
533,0.7683250904083252,True,1.0
534,0.14691568911075592,False,0.0
535,0.09727811068296432,False,0.0
536,0.08644908666610718,False,0.0
537,0.10343470424413681,False,0.0
538,0.0009987972443923354,False,0.0
539,0.08958235383033752,False,0.0
540,0.08686136454343796,False,0.0
541,0.9211465120315552,True,1.0
542,0.5122215747833252,False,0.0
543,0.37724706530570984,False,0.0
544,0.01985338144004345,False,0.0
545,0.22211413085460663,False,0.0
546,0.2083442509174347,False,0.0
547,0.1873183697462082,False,0.0
548,0.19614098966121674,False,0.0
549,0.18987445533275604,False,0.0
550,0.013971629552543163,False,0.0
551,0.18586167693138123,False,0.0
552,0.18998439610004425,False,0.0
553,0.1682438999414444,False,0.0
554,0.1811067909002304,False,0.0
555,0.46151384711265564,False,0.0
556,0.02510298229753971,False,0.0
557,0.6649828553199768,False,0.0
558,0.7606381773948669,True,1.0
559,0.5336859822273254,False,0.0
560,0.46023181080818176,False,0.0
561,0.41573211550712585,False,0.0
562,0.028456127271056175,False,0.0
563,0.36978965997695923,True,0.6826670654118061
564,0.36069998145103455,False,0.0
565,0.32243335247039795,False,0.0
566,0.19528895616531372,False,0.0
567,0.17506013810634613,False,0.0
568,0.012432481162250042,False,0.0
569,0.15026883780956268,False,0.0
570,0.15848678350448608,False,0.2900747302919626
571,0.14301283657550812,False,0.0
572,0.1283084601163864,False,0.0
573,0.11558299511671066,False,0.0
574,0.013449418358504772,False,0.0
575,0.10140082985162735,False,0.0
576,0.33659863471984863,True,0.6483323071151972
577,0.14823494851589203,False,0.0
578,0.11305438727140427,False,0.0
579,0.09994413703680038,False,0.0
580,0.009491605684161186,False,0.0
581,0.06731965392827988,False,0.0
582,0.07210201025009155,False,0.0
583,0.07199207693338394,False,0.0
584,0.0727616474032402,False,0.12654008343815804
585,0.057754941284656525,False,0.0
586,0.0,False,0.0
587,0.04549671337008476,False,0.0
588,0.048465073108673096,False,0.0
589,0.04164884239435196,False,0.0
590,0.0402471162378788,False,0.0
591,0.048492562025785446,False,0.0
592,0.006248397286981344,False,0.0
593,0.04640371352434158,False,0.0
594,0.04398505017161369,False,0.0
595,0.1051662489771843,False,0.19910000544041395
596,0.07287158817052841,False,0.0
597,0.03606942296028137,False,0.0
598,0.00561624625697732,False,0.0
599,0.03678403049707413,False,0.0
600,0.03282621502876282,False,0.0
601,0.9068821668624878,True,1.0
602,0.42270106077194214,False,0.0
603,0.21037812530994415,False,0.0
604,0.029830370098352432,False,0.0
605,0.7550031542778015,False,0.0
606,0.1567552536725998,False,0.0
607,0.08705375343561172,False,0.0
608,0.08279360830783844,False,0.0
609,0.0764995813369751,False,0.0
610,0.009134302847087383,False,0.0
611,0.061053115874528885,False,0.0
612,0.0771867036819458,False,0.0
613,0.0485200434923172,False,0.0
614,0.11203745752573013,False,0.2058063093572855
615,0.06990322470664978,False,0.0
616,0.0,False,0.0
617,0.054099466651678085,False,0.0
618,0.068858802318573,False,0.0
619,0.053797125816345215,False,0.0
620,0.05794733390212059,False,0.0
621,0.05676548555493355,False,0.0
622,0.009381665848195553,False,0.0
623,0.052807677537202835,False,0.0
624,0.054181914776563644,False,0.0
625,0.04890483245253563,False,0.0
626,0.055885978043079376,False,0.0
627,0.05033404380083084,False,0.0
628,0.01163542177528143,False,0.0
629,0.04431486874818802,False,0.0
630,0.04868495091795921,False,0.0
631,0.04838262125849724,False,0.0
632,0.05121355876326561,False,0.0
633,0.0752352848649025,False,0.13143238797783852
634,0.014603781513869762,False,0.0
635,0.04703586548566818,False,0.0
636,0.05264277011156082,False,0.0
637,0.043380383402109146,False,0.0
638,0.04588150233030319,False,0.0
639,0.04519438371062279,False,0.0
640,0.011882784776389599,False,0.0
641,0.040961720049381256,False,0.0
642,0.03453027456998825,False,0.0
643,0.03785593435168266,False,0.0
644,0.03604193776845932,False,0.0
645,0.03617936000227928,False,0.0
646,0.009519090875983238,False,0.0
647,0.03617936000227928,False,0.0
648,0.03400806337594986,False,0.0
649,0.03934011608362198,False,0.0
650,0.036509182304143906,False,0.0
651,0.03999974951148033,False,0.0
652,0.010590998455882072,False,0.0
653,0.05767248198390007,False,0.0
654,0.04494702070951462,False,0.0
655,0.03862551227211952,False,0.0
656,0.0440400205552578,False,0.0
657,0.03659163415431976,False,0.0
658,0.013174571096897125,False,0.0
659,0.03340339660644531,False,0.0
660,0.033925607800483704,False,0.0
661,0.9032788276672363,True,1.0
662,0.4207190275192261,False,0.0
663,0.21142254769802094,False,0.0
664,0.03018767200410366,False,0.0
665,0.17717646062374115,False,0.0
666,0.15892654657363892,False,0.0
667,0.13166160881519318,False,0.0
668,0.12259161472320557,False,0.0
669,0.11110296100378036,False,0.0
670,0.01693999022245407,False,0.0
671,0.09529919922351837,False,0.0
672,0.39002037048339844,True,0.7461057901382446
673,0.18756572902202606,False,0.0
674,0.10799717903137207,False,0.0
675,0.09321035444736481,False,0.0
676,0.016967475414276123,False,0.0
677,0.7346407771110535,True,1.0
678,0.12534010410308838,False,0.0
679,0.05929408594965935,False,0.0
680,0.049866799265146255,False,0.0
681,0.05506142973899841,False,0.0
682,0.009134302847087383,False,0.0
683,0.056463152170181274,False,0.0
684,0.059541452676057816,False,0.0
685,0.05629824474453926,False,0.0
686,0.059898752719163895,False,0.10026459768414497
687,0.05860697105526924,False,0.0
688,0.009766453877091408,False,0.0
689,0.050911225378513336,False,0.0
690,0.05162582919001579,False,0.0
691,0.08730112016201019,False,0.1508916411548853
692,0.06022857502102852,False,0.0
693,0.053934551775455475,False,0.0
694,0.011855299584567547,False,0.0
695,0.053164977580308914,False,0.0
696,0.05791984871029854,False,0.0
697,0.052148040384054184,False,0.0
698,0.05456670746207237,False,0.0
699,0.057370152324438095,False,0.0
700,0.013641811907291412,False,0.0
701,0.050004225224256516,False,0.0
702,0.048355136066675186,False,0.0
703,0.052670251578092575,False,0.0
704,0.05121355876326561,False,0.0
705,0.051928162574768066,False,0.0
706,0.014466357417404652,False,0.0
707,0.05118607357144356,False,0.0
708,0.04939955845475197,False,0.0
709,0.05060889199376106,False,0.0
710,0.07625222206115723,False,0.1285739652812481
711,0.05676548555493355,False,0.0
712,0.013779236935079098,False,0.0
713,0.05283516272902489,False,0.0
714,0.050636377185583115,False,0.0
715,0.046431198716163635,False,0.0
716,0.0497843436896801,False,0.0
717,0.044534746557474136,False,0.0
718,0.01196523942053318,False,0.0
719,0.04563413932919502,False,0.0
720,0.05080128461122513,False,0.0
721,0.9053784608840942,True,1.0
722,0.4206024408340454,False,0.0
723,0.21353888511657715,False,0.0
724,0.025432799011468887,False,0.0
725,0.16401124000549316,False,0.0
726,0.17385080456733704,False,0.0
727,0.14501923322677612,False,0.0
728,0.12792368233203888,False,0.0
729,0.3911781311035156,True,0.7314906641840935
730,0.04390259459614754,False,0.0
731,0.16989299654960632,False,0.0
732,0.12121738493442535,False,0.0
733,0.10700773447751999,False,0.0
734,0.10752993822097778,False,0.0
735,0.09675589203834534,False,0.0
736,0.02150247059762478,False,0.0
737,0.08251875638961792,False,0.0
738,0.07487797737121582,False,0.0
739,0.07922058552503586,False,0.0
740,0.07685688883066177,False,0.0
741,0.072019562125206,False,0.0
742,0.016362808644771576,False,0.0
743,0.06363669037818909,False,0.0
744,0.0593215711414814,False,0.0
745,0.055831003934144974,False,0.0
746,0.06547816842794418,False,0.0
747,0.05456670746207237,False,0.0
748,0.013724267482757568,False,0.0
749,0.7363593578338623,False,0.0
750,0.8998201489448547,True,1.0
751,0.005698700901120901,False,0.0
752,0.0032525521237403154,False,0.0
753,0.012487450614571571,False,0.0
754,0.0,False,0.0
755,0.012185118161141872,False,0.0
756,0.010481058619916439,False,0.0
757,0.01042608916759491,False,0.0
758,0.011497996747493744,False,0.0
759,0.013696782290935516,False,0.0
760,0.0,False,0.0
761,0.014823660254478455,False,0.0
762,0.013834207318723202,False,0.0
763,0.01380672212690115,False,0.0
764,0.01617041602730751,False,0.0
765,0.01655520312488079,False,0.0
766,0.0,False,0.0
767,0.020430563017725945,False,0.0
768,0.04291314259171486,False,0.0
769,0.025295374915003777,False,0.0
770,0.02342640794813633,False,0.0
771,0.021584926173090935,False,0.0
772,0.0,False,0.0
773,0.019633501768112183,False,0.0
774,0.02455328404903412,False,0.0
775,0.024910587817430496,False,0.0
776,0.029500549659132957,False,0.0
777,0.023976104333996773,False,0.0
778,0.0,False,0.0
779,0.022986650466918945,False,0.0
780,0.02048553340137005,False,0.0
781,0.9044923186302185,True,1.0
782,0.41647735238075256,False,0.0
783,0.3144450783729553,False,0.0
784,0.027823979035019875,False,0.0
785,0.2710200250148773,False,0.0
786,0.2676071226596832,False,0.0
787,0.41730937361717224,True,0.7789707891643047
788,0.27561914920806885,False,0.0
789,0.13289843499660492,False,0.0
790,0.021777318790555,False,0.0
791,0.11277955025434494,False,0.0
792,0.11093806475400925,False,0.0
793,0.10750246047973633,False,0.0
794,0.09560152888298035,False,0.0
795,0.08383803069591522,False,0.0
796,0.017352262511849403,False,0.0
797,0.08045739680528641,False,0.0
798,0.07410840690135956,False,0.0
799,0.08328833431005478,False,0.131157536059618
800,0.06770443916320801,False,0.0
801,0.07331135123968124,False,0.0
802,0.01770956628024578,False,0.0
803,0.07097513973712921,False,0.0
804,0.068858802318573,False,0.0
805,0.06874886900186539,False,0.0
806,0.12421321868896484,False,0.21372191235423088
807,0.09145132452249527,False,0.0
808,0.018671533092856407,False,0.0
809,0.07320141047239304,False,0.0
810,0.06503841280937195,False,0.0
811,0.06011863425374031,False,0.0
812,0.06264723837375641,False,0.0
813,0.05511639639735222,False,0.0
814,0.015125992707908154,False,0.0
815,0.05519885569810867,False,0.0
816,0.058112241327762604,False,0.0
817,0.053687192499637604,False,0.0
818,0.05140594765543938,False,0.0
819,0.053962040692567825,False,0.0
820,0.015263417735695839,False,0.0
821,0.7258302569389343,True,1.0
822,0.10593582689762115,False,0.0
823,0.040934234857559204,False,0.0
824,0.0377185121178627,False,0.0
825,0.049097225069999695,False,0.0
826,0.00781503226608038,False,0.0
827,0.03620684891939163,False,0.0
828,0.04305056855082512,False,0.0
829,0.0338706374168396,False,0.0
830,0.03540978953242302,False,0.0
831,0.03172682225704193,False,0.0
832,0.0072928196750581264,False,0.0
833,0.033183518797159195,False,0.0
834,0.03422794118523598,False,0.0
835,0.03436536714434624,False,0.0
836,0.04186872020363808,False,0.0
837,0.03464021161198616,False,0.0
838,0.009326696395874023,False,0.0
839,0.03716881573200226,False,0.0
840,0.03285370022058487,False,0.0
841,0.9040461778640747,True,1.0
842,0.4225780963897705,False,0.0
843,0.31053805351257324,False,0.0
844,0.02405855804681778,False,0.0
845,0.4542197287082672,False,0.0
846,0.29641634225845337,False,0.0
847,0.15389682352542877,False,0.0
848,0.1331457942724228,False,0.0
849,0.1236635372042656,False,0.0
850,0.018011897802352905,False,0.0
851,0.10156573355197906,False,0.16710767149925232
852,0.09939443320035934,False,0.0
853,0.09048935025930405,False,0.0
854,0.0874110609292984,False,0.0
855,0.07652707397937775,False,0.0
856,0.01641777902841568,False,0.0
857,0.07990770041942596,False,0.12697984278202057
858,0.07922058552503586,False,0.0
859,0.07883579283952713,False,0.0
860,0.07146986573934555,False,0.0
861,0.06786935776472092,False,0.0
862,0.016142932698130608,False,0.0
863,0.06217999383807182,False,0.0
864,0.14356254041194916,False,0.2548392154276371
865,0.10785975307226181,False,0.0
866,0.0721295028924942,False,0.0
867,0.06973832100629807,False,0.0
868,0.015180962160229683,False,0.0
869,0.05728770047426224,False,0.0
870,0.053192462772130966,False,0.0
871,0.05440179631114006,False,0.0
872,0.053687192499637604,False,0.0
873,0.04956446588039398,False,0.0
874,0.01023369561880827,False,0.0
875,0.04343535378575325,False,0.0
876,0.046953409910202026,False,0.0
877,0.04494702070951462,False,0.0
878,0.042226023972034454,False,0.0
879,0.04057693108916283,False,0.0
880,0.009436636231839657,False,0.0
881,0.040192145854234695,False,0.0
882,0.04819022864103317,False,0.0
883,0.06622026115655899,False,0.11356724984943867
884,0.047558076679706573,False,0.0
885,0.04192368686199188,False,0.0
886,0.009326696395874023,False,0.0
887,0.03939508646726608,False,0.0
888,0.04203362762928009,False,0.0
889,0.035849545150995255,False,0.0
890,0.03670157119631767,False,0.0
891,0.037251271307468414,False,0.0
892,0.011058240197598934,False,0.0
893,0.7505338788032532,True,1.0
894,0.10994859784841537,False,0.0
895,0.0319741852581501,False,0.0
896,0.0345027856528759,False,0.0
897,0.02903330884873867,False,0.0
898,0.004351945128291845,False,0.0
899,0.028621036559343338,False,0.0
900,0.030544975772500038,False,0.0
901,0.8713396191596985,True,1.0
902,0.5159162282943726,False,0.0
903,0.29626673460006714,False,0.0
904,0.023096589371562004,False,0.0
905,0.1324586719274521,False,0.0
906,0.09730558842420578,False,0.0
907,0.08807069063186646,False,0.0
908,0.07152482867240906,False,0.0
909,0.06874886900186539,False,0.0
910,0.013119600713253021,False,0.0
911,0.053027551621198654,False,0.0
912,0.054978977888822556,False,0.0
913,0.04673353210091591,False,0.0
914,0.039532508701086044,False,0.0
915,0.03557469695806503,False,0.0
916,0.012047693133354187,False,0.0
917,0.029060794040560722,False,0.0
918,0.025048011913895607,False,0.0
919,0.010590998455882072,False,0.0
920,0.0099863326177001,False,0.0
921,0.8470324277877808,True,1.0
922,0.08537717908620834,False,0.0
923,0.06459865719079971,False,0.0
924,0.057095300406217575,False,0.0
925,0.056738000363111496,False,0.0
926,0.05651811882853508,False,0.0
927,0.054346825927495956,False,0.0
928,0.009051848202943802,False,0.0
929,0.04895980283617973,False,0.0
930,0.04945452883839607,False,0.0
931,0.046293776482343674,False,0.0
932,0.050911225378513336,False,0.0
933,0.05170828104019165,False,0.0
934,0.009766453877091408,False,0.0
935,0.05841457471251488,False,0.0
936,0.059156663715839386,False,0.0
937,0.06396650522947311,False,0.0
938,0.06883131712675095,False,0.0
939,0.0752352848649025,False,0.0
940,0.01278978306800127,False,0.0
941,0.10335224866867065,False,0.18431316874921322
942,0.09172617644071579,False,0.0
943,0.09164371341466904,False,0.0
944,0.09606876969337463,False,0.0
945,0.09532668441534042,False,0.0
946,0.013669297099113464,False,0.0
947,0.08587190508842468,False,0.14440521597862244
948,0.07622473686933517,False,0.0
949,0.07573001086711884,False,0.0
950,0.07048040628433228,False,0.0
951,0.068226657807827,False,0.0
952,0.011195664294064045,False,0.0
953,0.10511127859354019,False,0.18332372047007084
954,0.07479552924633026,False,0.0
955,0.06770443916320801,False,0.0
956,0.06270220130681992,False,0.0
957,0.056353211402893066,False,0.0
958,0.013449418358504772,False,0.0
959,0.052285462617874146,False,0.0
960,0.07993518561124802,False,0.0
961,0.9053910970687866,True,1.0
962,0.43637728691101074,False,0.0
963,0.32983389496803284,False,0.0
964,0.005149004515260458,False,0.0
965,0.28925150632858276,False,0.0
966,0.28427743911743164,False,0.0
967,0.16596266627311707,False,0.0
968,0.15367695689201355,False,0.0
969,0.13965968787670135,False,0.0
970,0.018644049763679504,False,0.0
971,0.1110205203294754,False,0.0
972,0.128940612077713,False,0.22059312462806702
973,0.11758937686681747,False,0.0
974,0.11423623561859131,False,0.0
975,0.11162518709897995,False,0.0
976,0.01191026996821165,False,0.0
977,0.1046440377831459,False,0.0
978,0.10623814910650253,False,0.0
979,0.3923346996307373,True,0.7596944980323315
980,0.1612352728843689,False,0.0
981,0.1154455691576004,False,0.0
982,0.01856159418821335,False,0.0
983,0.09334778040647507,False,0.0
984,0.09087414294481277,False,0.0
985,0.08809817582368851,False,0.0
986,0.08262869715690613,False,0.0
987,0.06784186512231827,False,0.0
988,0.012487450614571571,False,0.0
989,0.0694909617304802,False,0.0
990,0.07004065066576004,False,0.0
991,0.07254176586866379,False,0.0
992,0.07331135123968124,False,0.0
993,0.7240185737609863,True,1.0
994,0.07094765454530716,False,0.0
995,0.06514835357666016,False,0.0
996,0.0587443970143795,False,0.0
997,0.06196011230349541,False,0.0
998,0.08133690804243088,False,0.0
999,0.07900070399045944,False,0.0
1000,0.8999512195587158,True,1.0
1001,0.048602499067783356,False,0.0
1002,0.050498951226472855,False,0.0
1003,0.05184570699930191,False,0.0
1004,0.047310713678598404,False,0.0
1005,0.04879489168524742,False,0.0
1006,0.0,False,0.0
1007,0.04436983913183212,False,0.0
1008,0.036124393343925476,False,0.0
1009,0.036481693387031555,False,0.0
1010,0.033430881798267365,False,0.0
1011,0.04002723842859268,False,0.0
1012,0.0,False,0.0
1013,0.02826373651623726,False,0.0
1014,0.023234013468027115,False,0.0
1015,0.021282590925693512,False,0.0
1016,0.022052166983485222,False,0.0
1017,0.04651365429162979,False,0.0
1018,0.0,False,0.0
1019,0.031287066638469696,False,0.0
1020,0.030902279540896416,False,0.0
1021,0.9042432308197021,True,1.0
1022,0.4163503050804138,False,0.0
1023,0.31547826528549194,False,0.0
1024,0.022381983697414398,False,0.0
1025,0.18718093633651733,False,0.0
1026,0.16359896957874298,False,0.0
1027,0.157277449965477,False,0.0
1028,0.13858778774738312,False,0.0
1029,0.12352611124515533,False,0.0
1030,0.016610173508524895,False,0.0
1031,0.1478501707315445,False,0.25670818239450455
1032,0.13443757593631744,False,0.0
1033,0.11681981384754181,False,0.0
1034,0.1121748685836792,False,0.0
1035,0.09881725162267685,False,0.0
1036,0.01949607953429222,False,0.0
1037,0.3751133978366852,True,0.7170064486563206
1038,0.16299431025981903,False,0.0
1039,0.11000358313322067,False,0.0
1040,0.10439667850732803,False,0.0
1041,0.0835082158446312,False,0.0
1042,0.015703175216913223,False,0.0
1043,0.07622473686933517,False,0.0
1044,0.08128194510936737,False,0.1311575397849083
1045,0.07562007009983063,False,0.0
1046,0.07834106683731079,False,0.0
1047,0.06468111276626587,False,0.0
1048,0.014466357417404652,False,0.0
1049,0.06039348244667053,False,0.0
1050,0.06523080915212631,False,0.0
1051,0.061327964067459106,False,0.0
1052,0.051873188465833664,False,0.0
1053,0.05415443331003189,False,0.0
1054,0.015510779805481434,False,0.0
1055,0.05289012938737869,False,0.0
1056,0.1186063215136528,False,0.20217829942703247
1057,0.08136439323425293,False,0.0
1058,0.06715475022792816,False,0.0
1059,0.06231741979718208,False,0.0
1060,0.017517171800136566,False,0.0
1061,0.055336277931928635,False,0.0
1062,0.05632572993636131,False,0.0
1063,0.053824614733457565,False,0.0
1064,0.05374215915799141,False,0.0
1065,0.7253590226173401,True,1.0
1066,0.08213397115468979,False,0.0
1067,0.04060441628098488,False,0.0
1068,0.03194670006632805,False,0.0
1069,0.027741525322198868,False,0.0
1070,0.027714038267731667,False,0.0
1071,0.03200167044997215,False,0.0
1072,0.0032525521237403154,False,0.0
1073,0.02851109765470028,False,0.0
1074,0.03046252205967903,False,0.0
1075,0.05572107061743736,False,0.10317800845950842
1076,0.03376069664955139,False,0.0
1077,0.029747916385531425,False,0.0
1078,0.004132066387683153,False,0.0
1079,0.024388376623392105,False,0.0
1080,0.030490005388855934,False,0.0
1081,0.9043260812759399,True,1.0
1082,0.4142047166824341,False,0.0
1083,0.3153122067451477,False,0.0
1084,0.03120461106300354,False,0.0
1085,0.1663474440574646,False,0.0
1086,0.16425859928131104,False,0.0
1087,0.13289843499660492,False,0.0
1088,0.1313592791557312,False,0.0
1089,0.11662741750478745,False,0.0
1090,0.020595472306013107,False,0.0
1091,0.09922952950000763,False,0.0
1092,0.09543662518262863,False,0.0
1093,0.08864787220954895,False,0.0
1094,0.36534377932548523,True,0.6894966140389442
1095,0.1594487577676773,False,0.0
1096,0.020925289019942284,False,0.0
1097,0.088675357401371,False,0.0
1098,0.09092911332845688,False,0.0
1099,0.07215698808431625,False,0.0
1100,0.07438325136899948,False,0.0
1101,0.06534074991941452,False,0.0
1102,0.018424171954393387,False,0.0
1103,0.06503841280937195,False,0.0
1104,0.06984826177358627,False,0.0
1105,0.06646762788295746,False,0.0
1106,0.057122793048620224,False,0.0
1107,0.05352228507399559,False,0.0
1108,0.009189273230731487,False,0.0
1109,0.04632125794887543,False,0.0
1110,0.059761326760053635,False,0.0
1111,0.05500646308064461,False,0.0
1112,0.05170828104019165,False,0.0
1113,0.08510233461856842,False,0.14946242980659008
1114,0.012377510778605938,False,0.0
1115,0.06894125789403915,False,0.0
1116,0.05879936367273331,False,0.0
1117,0.04659610614180565,False,0.0
1118,0.04305056855082512,False,0.0
1119,0.042335961014032364,False,0.0
1120,0.01037111971527338,False,0.0
1121,0.038020845502614975,False,0.0
1122,0.893649697303772,True,1.0
1123,0.4150136709213257,False,0.0
1124,0.31900495290756226,False,0.0
1125,0.18253600597381592,False,0.0
1126,0.02735673449933529,False,0.0
1127,0.1599709838628769,False,0.2652284987270832
1128,0.13223879039287567,False,0.0
1129,0.11863380670547485,False,0.0
1130,0.11074566841125488,False,0.0
1131,0.10071370750665665,False,0.0
1132,0.018039382994174957,False,0.0
1133,0.3752148151397705,False,0.0
1134,0.18440496921539307,False,0.0
1135,0.1148134097456932,False,0.0
1136,0.08933499455451965,False,0.0
1137,0.7315142154693604,True,1.0
1138,0.07647209614515305,False,0.0
1139,0.05827714875340462,False,0.0
1140,0.04640371352434158,False,0.0
1141,0.04942704364657402,False,0.0
1142,0.04893231764435768,False,0.0
1143,0.05148840695619583,False,0.0
1144,0.008804485201835632,False,0.0
1145,0.04640371352434158,False,0.0
1146,0.05033404380083084,False,0.0
1147,0.04926213249564171,False,0.0
1148,0.04865746945142746,False,0.0
1149,0.04563413932919502,False,0.0
1150,0.01202020887285471,False,0.0
1151,0.0415663868188858,False,0.0
1152,0.07548264414072037,False,0.13176219910383224
1153,0.052807677537202835,False,0.0
1154,0.04549671337008476,False,0.0
1155,0.020293137058615685,False,0.0
1156,0.009903877973556519,False,0.0
1157,0.04010969027876854,False,0.0
1158,0.03760857507586479,False,0.0
1159,0.04148393124341965,False,0.0
1160,0.039175208657979965,False,0.0
1161,0.0389828123152256,False,0.0
1162,0.011113209649920464,False,0.0
1163,0.03988981246948242,False,0.0
1164,0.03422794118523598,False,0.0
1165,0.0351349376142025,False,0.0
1166,0.042143564671278,False,0.0
1167,0.038652997463941574,False,0.0
1168,0.009601544588804245,False,0.0
1169,0.03804833069443703,False,0.0
1170,0.03722378611564636,False,0.0
1171,0.060805756598711014,False,0.10026460886001587
1172,0.03906526789069176,False,0.0
1173,0.03464021161198616,False,0.0
1174,0.01067345216870308,False,0.0
1175,0.035354819148778915,False,0.0
1176,0.035354819148778915,False,0.0
1177,0.035602178424596786,False,0.0
1178,0.03499751538038254,False,0.0
1179,0.03925766050815582,False,0.0
1180,0.013284510932862759,False,0.0
1181,0.03263382241129875,False,0.0
1182,0.033293455839157104,False,0.0
1183,0.9041566848754883,True,1.0
1184,0.4113728404045105,False,0.0
1185,0.32077765464782715,False,0.0
1186,0.02633979730308056,False,0.0
1187,0.17041520774364471,False,0.0
1188,0.1576622575521469,False,0.0
1189,0.1363615244626999,False,0.0
1190,0.4003170132637024,True,0.7479544319212437
1191,0.17912788689136505,False,0.0
1192,0.02510298229753971,False,0.0
1193,0.116077721118927,False,0.0
1194,0.10219788551330566,False,0.0
1195,0.08977475017309189,False,0.0
1196,0.09494189918041229,False,0.0
1197,0.08337078988552094,False,0.0
1198,0.012075178325176239,False,0.0
1199,0.06687989830970764,False,0.0
1200,0.06666001677513123,False,0.0
1201,0.082243911921978,False,0.1358299572020769
1202,0.08174918591976166,False,0.0
1203,0.08089715242385864,False,0.0
1204,0.01432893332093954,False,0.0
1205,0.07449319213628769,False,0.0
1206,0.0721295028924942,False,0.0
1207,0.08273863792419434,False,0.0
1208,0.08031997084617615,False,0.0
1209,0.7524318695068359,True,1.0
1210,0.0772416740655899,False,0.0
1211,0.07518031448125839,False,0.0
1212,0.07289907336235046,False,0.0
1213,0.08180414885282516,False,0.0
1214,0.08771339058876038,False,0.0
1215,0.08455263823270798,False,0.0
1216,0.009546575136482716,False,0.0
1217,0.08584441989660263,False,0.0
1218,0.08026500791311264,False,0.0
1219,0.08644908666610718,False,0.0
1220,0.09370508044958115,False,0.16831701062619686
1221,0.09156126528978348,False,0.0
1222,0.00852963700890541,False,0.0
1223,0.09175365418195724,False,0.0
1224,0.09172617644071579,False,0.0
1225,0.09260568767786026,False,0.0
1226,0.07721418887376785,False,0.0
1227,0.10203297436237335,False,0.18079510517418385
1228,0.01163542177528143,False,0.0
1229,0.1217121034860611,False,0.0
1230,0.10392942279577255,False,0.0
1231,0.09887222200632095,False,0.0
1232,0.17173448204994202,False,0.3082697130739689
1233,0.12880319356918335,False,0.0
1234,0.017901958897709846,False,0.0
1235,0.10714515298604965,False,0.0
1236,0.10370955616235733,False,0.0
1237,0.09516177326440811,False,0.0
1238,0.09488692134618759,False,0.0
1239,0.10709019005298615,False,0.0
1240,0.017599625512957573,False,0.0
1241,0.11445611715316772,False,0.0
1242,0.11561048030853271,False,0.0
1243,0.9190030097961426,True,1.0
1244,0.48958420753479004,False,0.0
1245,0.3607707619667053,False,0.0
1246,0.027823979035019875,False,0.0
1247,0.3354496359825134,False,0.0
1248,0.474284827709198,False,0.0
1249,0.35542064905166626,False,0.0
1250,0.8976938128471375,True,1.0
1251,0.13743342459201813,False,0.0
1252,0.0,False,0.0
1253,0.1516430824995041,False,0.0
1254,0.1586516946554184,False,0.0
1255,0.16884855926036835,False,0.31997820921242237
1256,0.16156509518623352,False,0.0
1257,0.14435958862304688,False,0.0
1258,0.008859454654157162,False,0.0
1259,0.1465308964252472,False,0.0
1260,0.14603617787361145,False,0.0
1261,0.12902306020259857,False,0.0
1262,0.12649446725845337,False,0.0
1263,0.1286657750606537,False,0.0
1264,0.014273963868618011,False,0.0
1265,0.1102784276008606,False,0.0
1266,0.1184963807463646,False,0.0
1267,0.2939808666706085,True,0.5646908897906542
1268,0.14391984045505524,False,0.0
1269,0.13913749158382416,False,0.0
1270,0.017022443935275078,False,0.0
1271,0.1404292732477188,False,0.0
1272,0.1280336230993271,False,0.0
1273,0.11956828832626343,False,0.0
1274,0.132101371884346,False,0.0
1275,0.13397033512592316,False,0.0
1276,0.01163542177528143,False,0.0
1277,0.13669133186340332,False,0.0
1278,0.14708058536052704,False,0.0
1279,0.1477402299642563,False,0.0
1280,0.13113939762115479,False,0.0
1281,0.8182111978530884,True,1.0
1282,0.07070028781890869,False,0.0
1283,0.1452116221189499,False,0.0
1284,0.13834041357040405,False,0.0
1285,0.13817551732063293,False,0.0
1286,0.15903648734092712,False,0.17667239904403687
1287,0.1347399204969406,False,0.0
1288,0.009436636231839657,False,0.0
1289,0.13402530550956726,False,0.0
1290,0.13086454570293427,False,0.0
1291,0.12976515293121338,False,0.0
1292,0.12797865271568298,False,0.0
1293,0.11948583275079727,False,0.0
1294,0.012130147777497768,False,0.0
1295,0.12385592609643936,False,0.22185743786394596
1296,0.11357660591602325,False,0.0
1297,0.11926596611738205,False,0.0
1298,0.11824902147054672,False,0.0
1299,0.11099302768707275,False,0.0
1300,0.012927207164466381,False,0.0
1301,0.11440115422010422,False,0.0
1302,0.10623814910650253,False,0.0
1303,0.9077500700950623,True,1.0
1304,0.4494286775588989,False,0.0
1305,0.4983988404273987,False,0.0
1306,0.05519885569810867,False,0.0
1307,0.34847593307495117,False,0.0
1308,0.3152250051498413,False,0.0
1309,0.29147541522979736,False,0.0
1310,0.29870176315307617,False,0.0
1311,0.18531197309494019,False,0.0
1312,0.023398922756314278,False,0.0
1313,0.17159704864025116,False,0.0
1314,0.16788659989833832,False,0.0
1315,0.15582077205181122,False,0.0
1316,0.15004895627498627,False,0.0
1317,0.14449702203273773,False,0.0
1318,0.01908380724489689,False,0.0
1319,0.1474379003047943,False,0.25670818611979485
1320,0.1389450877904892,False,0.0
1321,0.13702115416526794,False,0.0
1322,0.1287207454442978,False,0.0
1323,0.12278401851654053,False,0.0
1324,0.017132384702563286,False,0.0
1325,0.2993525266647339,True,0.5644402839243412
1326,0.14870218932628632,False,0.0
1327,0.11783675104379654,False,0.0
1328,0.11456605046987534,False,0.0
1329,0.11478593200445175,False,0.0
1330,0.020403077825903893,False,0.0
1331,0.09914707392454147,False,0.0
1332,0.10549606382846832,False,0.17018597200512886
1333,0.09496938437223434,False,0.0
1334,0.09194605052471161,False,0.0
1335,0.08653154224157333,False,0.0
1336,0.015840597450733185,False,0.0
1337,0.07647209614515305,False,0.0
1338,0.08067727833986282,False,0.0
1339,0.08119948953390121,False,0.13071778416633606
1340,0.07982524484395981,False,0.0
1341,0.07578497380018234,False,0.0
1342,0.014658750966191292,False,0.0
1343,0.07243183255195618,False,0.0
1344,0.10717263072729111,False,0.18502775952219963
1345,0.08037494868040085,False,0.0
1346,0.06586296111345291,False,0.0
1347,0.0669073835015297,False,0.0
1348,0.012542420998215675,False,0.0
1349,0.06305950880050659,False,0.0
1350,0.05973384529352188,False,0.0
1351,0.06077826768159866,False,0.0
1352,0.056243278086185455,False,0.0
1353,0.7552552819252014,True,1.0
1354,0.08122696727514267,False,0.0
1355,0.05008667707443237,False,0.0
1356,0.028593553230166435,False,0.0
1357,0.03705887496471405,False,0.0
1358,0.03282621502876282,False,0.0
1359,0.03296364098787308,False,0.0
1360,0.004324459936469793,False,0.0
1361,0.034585244953632355,False,0.0
1362,0.03378818556666374,False,0.0
1363,0.9035664796829224,True,1.0
1364,0.3782763183116913,False,0.0
1365,0.14271050691604614,False,0.0
1366,0.016335325315594673,False,0.0
1367,0.11511575430631638,False,0.0
1368,0.11019597202539444,False,0.0
1369,0.09681086242198944,False,0.0
1370,0.0963161364197731,False,0.0
1371,0.08532220870256424,False,0.0
1372,0.011717875488102436,False,0.0
1373,0.07443822175264359,False,0.0
1374,0.07685688883066177,False,0.13027802668511868
1375,0.06561559438705444,False,0.0
1376,0.058909304440021515,False,0.0
1377,0.04750310629606247,False,0.0
1378,0.009354181587696075,False,0.0
1379,0.04162135347723961,False,0.0
1380,0.008309758268296719,False,0.0
1381,0.006743124220520258,False,0.0
1382,0.8725665807723999,True,1.0
1383,0.13674630224704742,False,0.0
1384,0.013559358194470406,False,0.0
1385,0.060915689915418625,False,0.0
1386,0.0644887238740921,False,0.0
1387,0.06446123123168945,False,0.0
1388,0.06050342321395874,False,0.0
1389,0.05907421186566353,False,0.0
1390,0.007182880770415068,False,0.0
1391,0.04945452883839607,False,0.0
1392,0.056957878172397614,False,0.0
1393,0.05651811882853508,False,0.0
1394,0.05780990794301033,False,0.0
1395,0.0555286705493927,False,0.0
1396,0.009106817655265331,False,0.0
1397,0.06108060106635094,False,0.0
1398,0.059513967484235764,False,0.0
1399,0.05956893786787987,False,0.0
1400,0.06226244568824768,False,0.0
1401,0.08969229459762573,False,0.1596867721527815
1402,0.00984890852123499,False,0.0
1403,0.06036600098013878,False,0.0
1404,0.05566609650850296,False,0.0
1405,0.05984378606081009,False,0.0
1406,0.061190541833639145,False,0.0
1407,0.054181914776563644,False,0.0
1408,0.01202020887285471,False,0.0
1409,0.05217552185058594,False,0.0
1410,0.0447271429002285,False,0.0
1411,0.04942704364657402,False,0.0
1412,0.043352898210287094,False,0.0
1413,0.08658651262521744,False,0.14995715208351612
1414,0.012322541326284409,False,0.0
1415,0.05704033374786377,False,0.0
1416,0.05349479243159294,False,0.0
1417,0.04939955845475197,False,0.0
1418,0.047558076679706573,False,0.0
1419,0.045166898518800735,False,0.0
1420,0.011607936583459377,False,0.0
1421,0.07754400372505188,False,0.0
1422,0.05550118908286095,False,0.0
1423,0.9082878232002258,True,1.0
1424,0.4213634431362152,False,0.0
1425,0.3110305070877075,False,0.0
1426,0.026422252878546715,False,0.0
1427,0.1777811348438263,False,0.0
1428,0.16126275062561035,False,0.0
1429,0.1473279595375061,False,0.0
1430,0.14776770770549774,False,0.0
1431,0.1263020783662796,False,0.0
1432,0.01704992912709713,False,0.0
1433,0.11673735827207565,False,0.0
1434,0.12286646664142609,False,0.0
1435,0.11725956201553345,False,0.0
1436,0.12369101494550705,False,0.0
1437,0.12828098237514496,False,0.0
1438,0.01795692928135395,False,0.0
1439,0.12206941097974777,False,0.0
1440,0.438709557056427,True,0.8433192558586597
1441,0.18476228415966034,False,0.0
1442,0.13575685024261475,False,0.0
1443,0.11338420957326889,False,0.0
1444,0.017104899510741234,False,0.0
1445,0.10005407780408859,False,0.16589835658669472
1446,0.09829504787921906,False,0.0
1447,0.09425477683544159,False,0.0
1448,0.09142383933067322,False,0.0
1449,0.08787830173969269,False,0.0
1450,0.01617041602730751,False,0.0
1451,0.08359067142009735,False,0.0
1452,0.08194157481193542,False,0.0
1453,0.07210201025009155,False,0.0
1454,0.7136770486831665,True,1.0
1455,0.11951332539319992,False,0.0
1456,0.010178725235164165,False,0.0
1457,0.043380383402109146,False,0.0
1458,0.04887734726071358,False,0.0
1459,0.06597290188074112,False,0.11158835329115391
1460,0.05654561147093773,False,0.0
1461,0.0651208683848381,False,0.0
1462,0.008996878750622272,False,0.0
1463,0.057012852281332016,False,0.0
1464,0.05627075955271721,False,0.0
1465,0.05511639639735222,False,0.0
1466,0.06462614983320236,False,0.11043399758636951
1467,0.0624823272228241,False,0.0
1468,0.009409151040017605,False,0.0
1469,0.05643567070364952,False,0.0
1470,0.05731518194079399,False,0.0
1471,0.056847941130399704,False,0.0
1472,0.06174023821949959,False,0.0
1473,0.06938102096319199,False,0.11087374947965145
1474,0.01394414622336626,False,0.0
1475,0.06336184591054916,False,0.0
1476,0.06578050553798676,False,0.0
1477,0.07177219539880753,False,0.0
1478,0.09158875048160553,False,0.15287054516375065
1479,0.0860917866230011,False,0.0
1480,0.015153477899730206,False,0.0
1481,0.07641713321208954,False,0.0
1482,0.08232636749744415,False,0.0
1483,0.9117286205291748,True,1.0
1484,0.4399131238460541,False,0.0
1485,0.34336158633232117,False,0.0
1486,0.030022764578461647,False,0.0
1487,0.30819475650787354,False,0.0
1488,0.18904989957809448,False,0.0
1489,0.18454240262508392,False,0.0
1490,0.17253153026103973,False,0.0
1491,0.150433748960495,False,0.0
1492,0.020320622250437737,False,0.0
1493,0.1452116221189499,False,0.0
1494,0.14609114825725555,False,0.0
1495,0.14523909986019135,False,0.0
1496,0.13600420951843262,False,0.0
1497,0.41804468631744385,False,0.0
1498,0.042335961014032364,False,0.0
1499,0.2980538010597229,False,0.0
1500,0.8977959752082825,True,1.0
1501,0.08730112016201019,False,0.0
1502,0.09928449243307114,False,0.0
1503,0.09073671698570251,False,0.0
1504,0.0,False,0.0
1505,0.08928002417087555,False,0.0
1506,0.09169869124889374,False,0.0
1507,0.09584889560937881,False,0.1876663202419877
1508,0.09477698802947998,False,0.0
1509,0.0936775952577591,False,0.0
1510,0.002015735488384962,False,0.0
1511,0.09175365418195724,False,0.0
1512,0.08565203100442886,False,0.0
1513,0.08716369420289993,False,0.0
1514,0.09667344391345978,False,0.0
1515,0.09079169481992722,False,0.0
1516,0.0041045816615223885,False,0.0
1517,0.1293528825044632,False,0.24302073195576668
1518,0.1051662489771843,False,0.0
1519,0.09906461834907532,False,0.0
1520,0.09408986568450928,False,0.0
1521,0.09002210944890976,False,0.0
1522,0.007842516526579857,False,0.0
1523,0.07952291518449783,False,0.0
1524,0.07674694806337357,False,0.0
1525,0.09002210944890976,False,0.0
1526,0.7361613512039185,True,1.0
1527,0.14056669175624847,False,0.0
1528,0.011278118006885052,False,0.0
1529,0.08306845277547836,False,0.0
1530,0.08829057216644287,False,0.0
1531,0.08897768706083298,False,0.0
1532,0.09856989234685898,False,0.0
1533,0.09642607718706131,False,0.0
1534,0.011278118006885052,False,0.0
1535,0.09048935025930405,False,0.0
1536,0.11761686950922012,False,0.21267750300467014
1537,0.10879423469305038,False,0.0
1538,0.10524870455265045,False,0.0
1539,0.11233978718519211,False,0.0
1540,0.009409151040017605,False,0.0
1541,0.10049382597208023,False,0.0
1542,0.10747497528791428,False,0.0
1543,0.9165114164352417,True,1.0
1544,0.3846043646335602,False,0.0
1545,0.25589296221733093,False,0.0
1546,0.027549130842089653,False,0.0
1547,0.2192557156085968,False,0.0
1548,0.20754718780517578,False,0.0
1549,0.2028198093175888,False,0.0
1550,0.19935671985149384,False,0.0
1551,0.19031421840190887,False,0.0
1552,0.022629348561167717,False,0.0
1553,0.1720917671918869,False,0.0
1554,0.17371337115764618,False,0.0
1555,0.31223687529563904,True,0.5792150534689426
1556,0.20034615695476532,False,0.0
1557,0.17528001964092255,False,0.0
1558,0.023646285757422447,False,0.0
1559,0.15889905393123627,False,0.0
1560,0.1471080780029297,False,0.0
1561,0.14304032921791077,False,0.0
1562,0.15145067870616913,False,0.0
1563,0.1415836215019226,False,0.0
1564,0.01820429228246212,False,0.0
1565,0.1395772397518158,False,0.0
1566,0.14117136597633362,False,0.0
1567,0.137680783867836,False,0.0
1568,0.13303585350513458,False,0.0
1569,0.12742894887924194,False,0.0
1570,0.018424171954393387,False,0.0
1571,0.11910104751586914,False,0.0
1572,0.1204478070139885,False,0.0
1573,0.12396585941314697,False,0.0
1574,0.1670345664024353,False,0.29766054823994637
1575,0.13248614966869354,False,0.0
1576,0.019166260957717896,False,0.0
1577,0.12531261146068573,False,0.0
1578,0.11495083570480347,False,0.0
1579,0.11200996488332748,False,0.0
1580,0.11868877708911896,False,0.0
1581,0.12009049952030182,False,0.0
1582,0.01578562892973423,False,0.0
1583,0.09813012927770615,False,0.0
1584,0.10530366748571396,False,0.0
1585,0.11236727237701416,False,0.0
1586,0.1254500448703766,False,0.0
1587,0.13240370154380798,False,0.2332361452281475
1588,0.0,False,0.0
1589,0.12407579272985458,False,0.0
1590,0.12811607122421265,False,0.0
1591,0.12069516628980637,False,0.0
1592,0.13045227527618408,False,0.0
1593,0.1649732142686844,False,0.2967810519039631
1594,0.016582688316702843,False,0.0
1595,0.1347399204969406,False,0.0
1596,0.13179902732372284,False,0.0
1597,0.13570187985897064,False,0.0
1598,0.8078814744949341,True,1.0
1599,0.19017678499221802,False,0.0
1600,0.016335325315594673,False,0.0
1601,0.13133178651332855,False,0.0
1602,0.1370486468076706,False,0.0
1603,0.9253429770469666,True,1.0
1604,0.392739862203598,False,0.0
1605,0.29253023862838745,False,0.0
1606,0.02675206959247589,False,0.0
1607,0.2490767538547516,False,0.0
1608,0.26306650042533875,True,0.4726288616657257
1609,0.2344273328781128,False,0.0
1610,0.23739568889141083,False,0.0
1611,0.24278271198272705,False,0.0
1612,0.014548811130225658,False,0.0
1613,0.3405736982822418,True,0.6520497743040323
1614,0.2743352949619293,False,0.0
1615,0.2613074779510498,False,0.0
1616,0.23989681899547577,False,0.0
1617,0.23734073340892792,False,0.0
1618,0.013284510932862759,False,0.0
1619,0.2250000536441803,False,0.0
1620,0.22612690925598145,False,0.0
1621,0.22926019132137299,False,0.0
1622,0.2193106859922409,False,0.0
1623,0.22967246174812317,True,0.4327759016305208
1624,0.009766453877091408,False,0.0
1625,0.21840369701385498,False,0.0
1626,0.33378493785858154,False,0.0
1627,0.7437035441398621,False,0.0
1628,0.8123689293861389,True,1.0
1629,0.4041735827922821,False,0.0
1630,0.03018767200410366,False,0.0
1631,0.3845219314098358,False,0.0
1632,0.40150752663612366,False,0.0
1633,0.3229009807109833,False,0.0
1634,0.2931348979473114,False,0.0
1635,0.27461013197898865,False,0.0
1636,0.010316150262951851,False,0.0
1637,0.27351075410842896,False,0.0
1638,0.27834805846214294,True,0.5287528578191996
1639,0.2672441899776459,False,0.0
1640,0.2513030171394348,False,0.0
1641,0.2529796063899994,False,0.0
1642,0.013971629552543163,False,0.0
1643,0.25053343176841736,False,0.0
1644,0.24995625019073486,False,0.0
1645,0.2519626319408417,True,0.4621296562254429
1646,0.2397594004869461,False,0.0
1647,0.22106972336769104,False,0.0
1648,0.02089780382812023,False,0.0
1649,0.21694698929786682,False,0.0
1650,0.22692398726940155,False,0.0
1651,0.26977282762527466,True,0.5063802786171436
1652,0.233272984623909,False,0.0
1653,0.2235708236694336,False,0.0
1654,0.019963320344686508,False,0.0
1655,0.22772105038166046,False,0.0
1656,0.2172493189573288,False,0.0
1657,0.21771657466888428,False,0.0
1658,0.21634232997894287,False,0.0
1659,0.20554080605506897,False,0.0
1660,0.016582688316702843,False,0.0
1661,0.18847273290157318,False,0.0
1662,0.1854219138622284,False,0.0
1663,0.9708502292633057,False,0.0
1664,0.6914553046226501,False,0.0
1665,0.9830344915390015,True,1.0
1666,0.06402147561311722,False,0.0
1667,0.8196154832839966,False,0.0
1668,0.6792898774147034,False,0.0
1669,0.7307109832763672,False,0.0
1670,0.998317539691925,True,1.0
1671,0.7037853002548218,False,0.0
1672,0.04192368686199188,False,0.0
1673,0.5766089558601379,False,0.0
1674,0.3956807553768158,False,0.0
1675,0.36192938685417175,False,0.0
1676,0.3111099898815155,False,0.0
1677,0.2745002210140228,False,0.0
1678,0.021942226216197014,False,0.0
1679,0.270597368478775,True,0.497310284525156
1680,0.24473415315151215,False,0.0
1681,0.2583666145801544,False,0.0
1682,0.23920969665050507,False,0.0
1683,0.23662613332271576,False,0.0
1684,0.018946383148431778,False,0.0
1685,0.20817933976650238,False,0.0
1686,0.23343788087368011,False,0.0
1687,0.22148199379444122,False,0.0
1688,0.29052385687828064,False,0.0
1689,0.316112220287323,True,0.590978529304266
1690,0.02254689298570156,False,0.0
1691,0.2613074779510498,False,0.0
1692,0.25190767645835876,False,0.0
1693,0.26270923018455505,False,0.0
1694,0.2694704830646515,False,0.0
1695,0.311907023191452,False,0.0
1696,0.02062295563519001,False,0.0
1697,0.3743525445461273,False,0.0
1698,0.6646779775619507,True,1.0
1699,0.3876826763153076,False,0.0
1700,0.3606925904750824,False,0.0
1701,0.31941041350364685,False,0.0
1702,0.022354498505592346,False,0.0
1703,0.2863461673259735,True,0.5279833376407623
1704,0.2754896581172943,False,0.0
1705,0.2628191411495209,False,0.0
1706,0.2565251290798187,False,0.0
1707,0.2545737028121948,False,0.0
1708,0.020650440827012062,False,0.0
1709,0.2781282067298889,True,0.5149555318057537
1710,0.24811477959156036,False,0.0
1711,0.24396458268165588,False,0.0
1712,0.2436072677373886,False,0.0
1713,0.2526223063468933,False,0.0
1714,0.01235002651810646,False,0.0
1715,0.23110167682170868,False,0.0
1716,0.24456922709941864,False,0.0
1717,0.25259479880332947,True,0.480489544570446
1718,0.24294762313365936,False,0.0
1719,0.23038707673549652,False,0.0
1720,0.010920816101133823,False,0.0
1721,0.2066127061843872,False,0.0
1722,0.2027648240327835,False,0.0
1723,0.9964826703071594,True,1.0
1724,0.37215375900268555,False,0.0
1725,0.2848619818687439,False,0.0
1726,0.022629348561167717,False,0.0
1727,0.2985494136810303,False,0.0
1728,0.7064427137374878,False,0.0
1729,0.6060292720794678,False,0.0
1730,0.6759716868400574,False,0.0
1731,0.9964040517807007,True,1.0
1732,0.0485200434923172,False,0.0
1733,0.7362627387046814,False,0.0
1734,0.670788586139679,False,0.0
1735,0.605327308177948,False,0.0
1736,0.3982093632221222,False,0.0
1737,0.3434596061706543,False,0.0
1738,0.025680160149931908,False,0.0
1739,0.29373955726623535,False,0.0
1740,0.2811790108680725,False,0.0
1741,0.2502311170101166,False,0.0
1742,0.9405546188354492,True,1.0
1743,0.33895209431648254,False,0.0
1744,0.026284828782081604,False,0.0
1745,0.27691885828971863,False,0.0
1746,0.27175173163414,False,0.0
1747,0.27972230315208435,False,0.0
1748,0.26232442259788513,False,0.0
1749,0.24874691665172577,False,0.0
1750,0.8976073265075684,True,1.0
1751,0.19820235669612885,False,0.0
1752,0.2089214324951172,False,0.0
1753,0.2307993471622467,False,0.0
1754,0.2409137487411499,False,0.0
1755,0.22348837554454803,False,0.0
1756,0.001905796118080616,False,0.0
1757,0.2124119997024536,False,0.0
1758,0.22005276381969452,False,0.0
1759,0.21257691085338593,False,0.0
1760,0.2151879519224167,False,0.0
1761,0.23066191375255585,False,0.0
1762,0.0014935239451006055,False,0.0
1763,0.7406002879142761,True,1.0
1764,0.4265187382698059,False,0.0
1765,0.6719539165496826,False,0.0
1766,0.6243098974227905,False,0.0
1767,0.41654172539711,False,0.0
1768,0.02713685669004917,False,0.0
1769,0.3810863196849823,False,0.0
1770,0.38386228680610657,True,0.7134508602321148
1771,0.327271044254303,False,0.0
1772,0.30291950702667236,False,0.0
1773,0.3054206073284149,False,0.0
1774,0.020458048209547997,False,0.0
1775,0.29464659094810486,True,0.5483770854771137
1776,0.2718066871166229,False,0.0
1777,0.2722189724445343,False,0.0
1778,0.2653752267360687,False,0.0
1779,0.2415459007024765,False,0.0
1780,0.004764217417687178,False,0.0
1781,0.19735032320022583,False,0.0
1782,0.15936629474163055,False,0.0
1783,0.8279914855957031,False,0.0
