video,qid,backbone,approx_retrieved_in_gold,top1_in_gold
11565498775,2,control_clip_vit_b32,False,False
11565498775,8,control_clip_vit_b32,True,False
11565498775,7,control_clip_vit_b32,True,False
11565498775,1,control_clip_vit_b32,True,True
11565498775,11,control_clip_vit_b32,True,True
11565498775,6,control_clip_vit_b32,False,False
11565498775,4,control_clip_vit_b32,False,False
11565498775,5,control_clip_vit_b32,False,False
11565498775,10,control_clip_vit_b32,False,False
11565498775,0,control_clip_vit_b32,True,True
11565498775,9,control_clip_vit_b32,False,False
11565498775,3,control_clip_vit_b32,True,False
4179163342,12,control_clip_vit_b32,False,False
4179163342,4,control_clip_vit_b32,False,False
4179163342,11,control_clip_vit_b32,True,True
4179163342,5,control_clip_vit_b32,False,False
4179163342,10,control_clip_vit_b32,True,True
4179163342,2,control_clip_vit_b32,True,True
4179163342,9,control_clip_vit_b32,False,False
4179163342,0,control_clip_vit_b32,True,False
4179163342,3,control_clip_vit_b32,True,True
4179163342,1,control_clip_vit_b32,True,True
4179163342,8,control_clip_vit_b32,True,True
4635309062,11,control_clip_vit_b32,True,True
4635309062,0,control_clip_vit_b32,False,False
4635309062,6,control_clip_vit_b32,False,False
4635309062,1,control_clip_vit_b32,True,True
4635309062,7,control_clip_vit_b32,True,True
4635309062,9,control_clip_vit_b32,True,False
4635309062,5,control_clip_vit_b32,False,False
4635309062,8,control_clip_vit_b32,True,True
4635309062,2,control_clip_vit_b32,True,True
4635309062,3,control_clip_vit_b32,True,True
4635309062,4,control_clip_vit_b32,True,True
6793786769,5,control_clip_vit_b32,True,True
6793786769,8,control_clip_vit_b32,True,True
6793786769,6,control_clip_vit_b32,False,False
6793786769,10,control_clip_vit_b32,False,False
6793786769,3,control_clip_vit_b32,False,False
6793786769,11,control_clip_vit_b32,False,False
6793786769,7,control_clip_vit_b32,False,False
6793786769,0,control_clip_vit_b32,True,True
6793786769,2,control_clip_vit_b32,True,False
6793786769,4,control_clip_vit_b32,False,False
6793786769,1,control_clip_vit_b32,True,False
5586394125,9,control_clip_vit_b32,False,False
5586394125,5,control_clip_vit_b32,True,True
5586394125,8,control_clip_vit_b32,True,False
5586394125,7,control_clip_vit_b32,True,True
5586394125,3,control_clip_vit_b32,True,True
5586394125,0,control_clip_vit_b32,False,False
5586394125,6,control_clip_vit_b32,True,True
5586394125,2,control_clip_vit_b32,False,False
5586394125,4,control_clip_vit_b32,False,False
5586394125,1,control_clip_vit_b32,True,True
2552130183,10,control_clip_vit_b32,False,False
2552130183,9,control_clip_vit_b32,True,False
2552130183,4,control_clip_vit_b32,False,False
2552130183,3,control_clip_vit_b32,True,False
2552130183,2,control_clip_vit_b32,False,False
2552130183,5,control_clip_vit_b32,False,False
2552130183,8,control_clip_vit_b32,False,False
2552130183,0,control_clip_vit_b32,True,False
2552130183,1,control_clip_vit_b32,True,False
2835125654,2,control_clip_vit_b32,False,False
2835125654,6,control_clip_vit_b32,True,True
2835125654,9,control_clip_vit_b32,True,True
2835125654,3,control_clip_vit_b32,False,False
2835125654,0,control_clip_vit_b32,True,True
2835125654,4,control_clip_vit_b32,True,True
2835125654,8,control_clip_vit_b32,True,True
2835125654,1,control_clip_vit_b32,True,True
2835125654,5,control_clip_vit_b32,True,False
3249402410,9,control_clip_vit_b32,False,False
3249402410,4,control_clip_vit_b32,False,False
3249402410,6,control_clip_vit_b32,True,True
3249402410,3,control_clip_vit_b32,False,False
3249402410,2,control_clip_vit_b32,True,True
3249402410,8,control_clip_vit_b32,True,True
3249402410,0,control_clip_vit_b32,False,False
3249402410,5,control_clip_vit_b32,False,False
3249402410,7,control_clip_vit_b32,False,False
4626535366,4,control_clip_vit_b32,True,True
4626535366,5,control_clip_vit_b32,True,False
4626535366,7,control_clip_vit_b32,True,False
4626535366,9,control_clip_vit_b32,False,False
4626535366,1,control_clip_vit_b32,True,False
4626535366,2,control_clip_vit_b32,True,False
4626535366,10,control_clip_vit_b32,True,False
4626535366,3,control_clip_vit_b32,True,False
4626535366,0,control_clip_vit_b32,False,False
5323654756,6,control_clip_vit_b32,False,False
5323654756,3,control_clip_vit_b32,False,False
5323654756,9,control_clip_vit_b32,True,True
5323654756,8,control_clip_vit_b32,True,True
5323654756,5,control_clip_vit_b32,True,True
5323654756,2,control_clip_vit_b32,False,False
5323654756,0,control_clip_vit_b32,True,False
5323654756,7,control_clip_vit_b32,True,False
5323654756,1,control_clip_vit_b32,False,False
6018514357,6,control_clip_vit_b32,False,False
6018514357,3,control_clip_vit_b32,True,False
6018514357,7,control_clip_vit_b32,True,True
6018514357,5,control_clip_vit_b32,False,False
6018514357,4,control_clip_vit_b32,True,True
6018514357,1,control_clip_vit_b32,False,False
6018514357,0,control_clip_vit_b32,False,False
6018514357,2,control_clip_vit_b32,True,True
6018514357,8,control_clip_vit_b32,False,False
6136926089,8,control_clip_vit_b32,False,False
6136926089,4,control_clip_vit_b32,True,True
6136926089,1,control_clip_vit_b32,True,True
6136926089,7,control_clip_vit_b32,True,False
6136926089,2,control_clip_vit_b32,False,False
6136926089,5,control_clip_vit_b32,True,True
6136926089,9,control_clip_vit_b32,False,False
6136926089,6,control_clip_vit_b32,True,True
6136926089,3,control_clip_vit_b32,True,True
14012319794,8,control_clip_vit_b32,True,True
14012319794,4,control_clip_vit_b32,True,False
14012319794,9,control_clip_vit_b32,False,False
14012319794,0,control_clip_vit_b32,True,True
14012319794,3,control_clip_vit_b32,False,False
14012319794,6,control_clip_vit_b32,True,True
14012319794,5,control_clip_vit_b32,False,False
14012319794,2,control_clip_vit_b32,True,True
2920952624,4,control_clip_vit_b32,False,False
2920952624,7,control_clip_vit_b32,False,False
2920952624,3,control_clip_vit_b32,True,False
2920952624,9,control_clip_vit_b32,False,False
2920952624,1,control_clip_vit_b32,True,True
2920952624,8,control_clip_vit_b32,True,False
2920952624,2,control_clip_vit_b32,True,True
2920952624,6,control_clip_vit_b32,True,False
3124551255,2,control_clip_vit_b32,True,False
3124551255,8,control_clip_vit_b32,False,False
3124551255,5,control_clip_vit_b32,False,False
3124551255,7,control_clip_vit_b32,False,False
3124551255,4,control_clip_vit_b32,False,False
3124551255,6,control_clip_vit_b32,True,True
3124551255,10,control_clip_vit_b32,False,False
3124551255,9,control_clip_vit_b32,False,False
3452354871,1,control_clip_vit_b32,False,False
3452354871,4,control_clip_vit_b32,True,True
3452354871,9,control_clip_vit_b32,True,False
3452354871,3,control_clip_vit_b32,False,False
3452354871,0,control_clip_vit_b32,True,False
3452354871,2,control_clip_vit_b32,True,False
3452354871,6,control_clip_vit_b32,True,False
3452354871,5,control_clip_vit_b32,True,True
4087013668,5,control_clip_vit_b32,True,True
4087013668,0,control_clip_vit_b32,True,True
4087013668,7,control_clip_vit_b32,False,False
4087013668,1,control_clip_vit_b32,False,False
4087013668,2,control_clip_vit_b32,True,True
4087013668,4,control_clip_vit_b32,True,True
4087013668,8,control_clip_vit_b32,True,False
4087013668,3,control_clip_vit_b32,True,True
4087654898,0,control_clip_vit_b32,False,False
4087654898,7,control_clip_vit_b32,True,True
4087654898,6,control_clip_vit_b32,True,False
4087654898,5,control_clip_vit_b32,False,False
4087654898,3,control_clip_vit_b32,True,False
4087654898,1,control_clip_vit_b32,False,False
4087654898,8,control_clip_vit_b32,False,False
4087654898,2,control_clip_vit_b32,False,False
4123211145,3,control_clip_vit_b32,False,False
4123211145,9,control_clip_vit_b32,False,False
4123211145,1,control_clip_vit_b32,True,True
4123211145,8,control_clip_vit_b32,True,True
4123211145,5,control_clip_vit_b32,False,False
4123211145,4,control_clip_vit_b32,False,False
4123211145,10,control_clip_vit_b32,False,False
4123211145,6,control_clip_vit_b32,False,False
4273039295,4,control_clip_vit_b32,True,False
4273039295,8,control_clip_vit_b32,False,False
4273039295,7,control_clip_vit_b32,True,False
4273039295,5,control_clip_vit_b32,True,True
4273039295,12,control_clip_vit_b32,True,True
4273039295,6,control_clip_vit_b32,True,False
4273039295,9,control_clip_vit_b32,False,False
4273039295,11,control_clip_vit_b32,False,False
4279106208,10,control_clip_vit_b32,True,True
4279106208,3,control_clip_vit_b32,True,True
4279106208,5,control_clip_vit_b32,True,True
4279106208,7,control_clip_vit_b32,False,False
4279106208,0,control_clip_vit_b32,True,False
4279106208,4,control_clip_vit_b32,True,True
4279106208,9,control_clip_vit_b32,True,False
4279106208,1,control_clip_vit_b32,True,False
4822859674,2,control_clip_vit_b32,False,False
4822859674,9,control_clip_vit_b32,False,False
4822859674,8,control_clip_vit_b32,True,True
4822859674,4,control_clip_vit_b32,False,False
4822859674,1,control_clip_vit_b32,False,False
4822859674,0,control_clip_vit_b32,False,False
4822859674,3,control_clip_vit_b32,True,True
4822859674,5,control_clip_vit_b32,False,False
7330294814,7,control_clip_vit_b32,False,False
7330294814,2,control_clip_vit_b32,True,True
7330294814,5,control_clip_vit_b32,False,False
7330294814,1,control_clip_vit_b32,True,False
7330294814,3,control_clip_vit_b32,True,True
7330294814,6,control_clip_vit_b32,True,False
7330294814,8,control_clip_vit_b32,False,False
7330294814,0,control_clip_vit_b32,True,True
7651639778,7,control_clip_vit_b32,True,False
7651639778,1,control_clip_vit_b32,False,False
7651639778,2,control_clip_vit_b32,True,False
7651639778,0,control_clip_vit_b32,True,True
7651639778,5,control_clip_vit_b32,True,True
7651639778,3,control_clip_vit_b32,False,False
7651639778,6,control_clip_vit_b32,False,False
7651639778,4,control_clip_vit_b32,True,False
9256409422,7,control_clip_vit_b32,False,False
9256409422,8,control_clip_vit_b32,True,False
9256409422,2,control_clip_vit_b32,True,True
9256409422,6,control_clip_vit_b32,False,False
9256409422,5,control_clip_vit_b32,False,False
9256409422,9,control_clip_vit_b32,True,True
9256409422,3,control_clip_vit_b32,False,False
9256409422,1,control_clip_vit_b32,False,False
10727696143,4,control_clip_vit_b32,False,False
10727696143,5,control_clip_vit_b32,False,False
10727696143,1,control_clip_vit_b32,True,False
10727696143,8,control_clip_vit_b32,False,False
10727696143,6,control_clip_vit_b32,False,False
10727696143,7,control_clip_vit_b32,False,False
10727696143,0,control_clip_vit_b32,True,False
11276567104,3,control_clip_vit_b32,True,False
11276567104,8,control_clip_vit_b32,False,False
11276567104,6,control_clip_vit_b32,True,False
11276567104,0,control_clip_vit_b32,True,True
11276567104,1,control_clip_vit_b32,True,True
11276567104,4,control_clip_vit_b32,True,False
11276567104,5,control_clip_vit_b32,False,False
11565498775,2,siglip2_base_patch16_224,False,False
11565498775,8,siglip2_base_patch16_224,True,False
11565498775,7,siglip2_base_patch16_224,True,True
11565498775,1,siglip2_base_patch16_224,False,False
11565498775,11,siglip2_base_patch16_224,True,True
11565498775,6,siglip2_base_patch16_224,False,False
11565498775,4,siglip2_base_patch16_224,False,False
11565498775,5,siglip2_base_patch16_224,False,False
11565498775,10,siglip2_base_patch16_224,False,False
11565498775,0,siglip2_base_patch16_224,True,True
11565498775,9,siglip2_base_patch16_224,False,False
11565498775,3,siglip2_base_patch16_224,False,False
4179163342,12,siglip2_base_patch16_224,False,False
4179163342,4,siglip2_base_patch16_224,False,False
4179163342,11,siglip2_base_patch16_224,True,False
4179163342,5,siglip2_base_patch16_224,True,True
4179163342,10,siglip2_base_patch16_224,True,True
4179163342,2,siglip2_base_patch16_224,True,True
4179163342,9,siglip2_base_patch16_224,False,False
4179163342,0,siglip2_base_patch16_224,True,False
4179163342,3,siglip2_base_patch16_224,True,True
4179163342,1,siglip2_base_patch16_224,True,True
4179163342,8,siglip2_base_patch16_224,True,True
4635309062,11,siglip2_base_patch16_224,True,True
4635309062,0,siglip2_base_patch16_224,False,False
4635309062,6,siglip2_base_patch16_224,True,False
4635309062,1,siglip2_base_patch16_224,True,True
4635309062,7,siglip2_base_patch16_224,True,True
4635309062,9,siglip2_base_patch16_224,True,True
4635309062,5,siglip2_base_patch16_224,True,True
4635309062,8,siglip2_base_patch16_224,True,True
4635309062,2,siglip2_base_patch16_224,True,True
4635309062,3,siglip2_base_patch16_224,False,False
4635309062,4,siglip2_base_patch16_224,True,False
6793786769,5,siglip2_base_patch16_224,True,True
6793786769,8,siglip2_base_patch16_224,False,False
6793786769,6,siglip2_base_patch16_224,False,False
6793786769,10,siglip2_base_patch16_224,True,True
6793786769,3,siglip2_base_patch16_224,False,False
6793786769,11,siglip2_base_patch16_224,True,False
6793786769,7,siglip2_base_patch16_224,False,False
6793786769,0,siglip2_base_patch16_224,True,True
6793786769,2,siglip2_base_patch16_224,True,False
6793786769,4,siglip2_base_patch16_224,False,False
6793786769,1,siglip2_base_patch16_224,True,False
5586394125,9,siglip2_base_patch16_224,False,False
5586394125,5,siglip2_base_patch16_224,True,False
5586394125,8,siglip2_base_patch16_224,False,False
5586394125,7,siglip2_base_patch16_224,True,True
5586394125,3,siglip2_base_patch16_224,False,False
5586394125,0,siglip2_base_patch16_224,False,False
5586394125,6,siglip2_base_patch16_224,True,True
5586394125,2,siglip2_base_patch16_224,False,False
5586394125,4,siglip2_base_patch16_224,False,False
5586394125,1,siglip2_base_patch16_224,True,True
2552130183,10,siglip2_base_patch16_224,False,False
2552130183,9,siglip2_base_patch16_224,False,False
2552130183,4,siglip2_base_patch16_224,False,False
2552130183,3,siglip2_base_patch16_224,False,False
2552130183,2,siglip2_base_patch16_224,False,False
2552130183,5,siglip2_base_patch16_224,False,False
2552130183,8,siglip2_base_patch16_224,False,False
2552130183,0,siglip2_base_patch16_224,True,True
2552130183,1,siglip2_base_patch16_224,True,False
2835125654,2,siglip2_base_patch16_224,False,False
2835125654,6,siglip2_base_patch16_224,True,False
2835125654,9,siglip2_base_patch16_224,True,False
2835125654,3,siglip2_base_patch16_224,False,False
2835125654,0,siglip2_base_patch16_224,True,True
2835125654,4,siglip2_base_patch16_224,True,True
2835125654,8,siglip2_base_patch16_224,True,False
2835125654,1,siglip2_base_patch16_224,True,True
2835125654,5,siglip2_base_patch16_224,True,False
3249402410,9,siglip2_base_patch16_224,False,False
3249402410,4,siglip2_base_patch16_224,False,False
3249402410,6,siglip2_base_patch16_224,True,True
3249402410,3,siglip2_base_patch16_224,False,False
3249402410,2,siglip2_base_patch16_224,False,False
3249402410,8,siglip2_base_patch16_224,True,True
3249402410,0,siglip2_base_patch16_224,True,False
3249402410,5,siglip2_base_patch16_224,False,False
3249402410,7,siglip2_base_patch16_224,False,False
4626535366,4,siglip2_base_patch16_224,True,True
4626535366,5,siglip2_base_patch16_224,False,False
4626535366,7,siglip2_base_patch16_224,True,True
4626535366,9,siglip2_base_patch16_224,True,True
4626535366,1,siglip2_base_patch16_224,False,False
4626535366,2,siglip2_base_patch16_224,True,True
4626535366,10,siglip2_base_patch16_224,True,False
4626535366,3,siglip2_base_patch16_224,True,True
4626535366,0,siglip2_base_patch16_224,False,False
5323654756,6,siglip2_base_patch16_224,True,False
5323654756,3,siglip2_base_patch16_224,False,False
5323654756,9,siglip2_base_patch16_224,True,True
5323654756,8,siglip2_base_patch16_224,True,True
5323654756,5,siglip2_base_patch16_224,True,True
5323654756,2,siglip2_base_patch16_224,False,False
5323654756,0,siglip2_base_patch16_224,False,False
5323654756,7,siglip2_base_patch16_224,False,False
5323654756,1,siglip2_base_patch16_224,False,False
6018514357,6,siglip2_base_patch16_224,False,False
6018514357,3,siglip2_base_patch16_224,True,True
6018514357,7,siglip2_base_patch16_224,True,True
6018514357,5,siglip2_base_patch16_224,True,True
6018514357,4,siglip2_base_patch16_224,True,False
6018514357,1,siglip2_base_patch16_224,True,False
6018514357,0,siglip2_base_patch16_224,False,False
6018514357,2,siglip2_base_patch16_224,True,True
6018514357,8,siglip2_base_patch16_224,True,False
6136926089,8,siglip2_base_patch16_224,True,False
6136926089,4,siglip2_base_patch16_224,True,True
6136926089,1,siglip2_base_patch16_224,True,True
6136926089,7,siglip2_base_patch16_224,True,False
6136926089,2,siglip2_base_patch16_224,True,True
6136926089,5,siglip2_base_patch16_224,True,True
6136926089,9,siglip2_base_patch16_224,False,False
6136926089,6,siglip2_base_patch16_224,True,True
6136926089,3,siglip2_base_patch16_224,True,True
14012319794,8,siglip2_base_patch16_224,True,True
14012319794,4,siglip2_base_patch16_224,True,True
14012319794,9,siglip2_base_patch16_224,True,True
14012319794,0,siglip2_base_patch16_224,True,True
14012319794,3,siglip2_base_patch16_224,False,False
14012319794,6,siglip2_base_patch16_224,False,False
14012319794,5,siglip2_base_patch16_224,False,False
14012319794,2,siglip2_base_patch16_224,True,True
2920952624,4,siglip2_base_patch16_224,False,False
2920952624,7,siglip2_base_patch16_224,False,False
2920952624,3,siglip2_base_patch16_224,False,False
2920952624,9,siglip2_base_patch16_224,False,False
2920952624,1,siglip2_base_patch16_224,True,True
2920952624,8,siglip2_base_patch16_224,False,False
2920952624,2,siglip2_base_patch16_224,False,False
2920952624,6,siglip2_base_patch16_224,False,False
3124551255,2,siglip2_base_patch16_224,True,False
3124551255,8,siglip2_base_patch16_224,False,False
3124551255,5,siglip2_base_patch16_224,True,True
3124551255,7,siglip2_base_patch16_224,False,False
3124551255,4,siglip2_base_patch16_224,True,False
3124551255,6,siglip2_base_patch16_224,False,False
3124551255,10,siglip2_base_patch16_224,False,False
3124551255,9,siglip2_base_patch16_224,False,False
3452354871,1,siglip2_base_patch16_224,True,False
3452354871,4,siglip2_base_patch16_224,True,False
3452354871,9,siglip2_base_patch16_224,True,False
3452354871,3,siglip2_base_patch16_224,False,False
3452354871,0,siglip2_base_patch16_224,False,False
3452354871,2,siglip2_base_patch16_224,False,False
3452354871,6,siglip2_base_patch16_224,True,True
3452354871,5,siglip2_base_patch16_224,True,True
4087013668,5,siglip2_base_patch16_224,True,False
4087013668,0,siglip2_base_patch16_224,True,False
4087013668,7,siglip2_base_patch16_224,False,False
4087013668,1,siglip2_base_patch16_224,False,False
4087013668,2,siglip2_base_patch16_224,True,False
4087013668,4,siglip2_base_patch16_224,True,True
4087013668,8,siglip2_base_patch16_224,False,False
4087013668,3,siglip2_base_patch16_224,True,True
4087654898,0,siglip2_base_patch16_224,True,True
4087654898,7,siglip2_base_patch16_224,False,False
4087654898,6,siglip2_base_patch16_224,True,False
4087654898,5,siglip2_base_patch16_224,True,True
4087654898,3,siglip2_base_patch16_224,True,True
4087654898,1,siglip2_base_patch16_224,True,False
4087654898,8,siglip2_base_patch16_224,True,True
4087654898,2,siglip2_base_patch16_224,False,False
4123211145,3,siglip2_base_patch16_224,False,False
4123211145,9,siglip2_base_patch16_224,True,False
4123211145,1,siglip2_base_patch16_224,True,False
4123211145,8,siglip2_base_patch16_224,True,False
4123211145,5,siglip2_base_patch16_224,True,True
4123211145,4,siglip2_base_patch16_224,True,True
4123211145,10,siglip2_base_patch16_224,False,False
4123211145,6,siglip2_base_patch16_224,False,False
4273039295,4,siglip2_base_patch16_224,True,True
4273039295,8,siglip2_base_patch16_224,False,False
4273039295,7,siglip2_base_patch16_224,True,False
4273039295,5,siglip2_base_patch16_224,True,False
4273039295,12,siglip2_base_patch16_224,True,True
4273039295,6,siglip2_base_patch16_224,True,True
4273039295,9,siglip2_base_patch16_224,True,False
4273039295,11,siglip2_base_patch16_224,True,True
4279106208,10,siglip2_base_patch16_224,True,False
4279106208,3,siglip2_base_patch16_224,True,False
4279106208,5,siglip2_base_patch16_224,True,False
4279106208,7,siglip2_base_patch16_224,True,False
4279106208,0,siglip2_base_patch16_224,True,True
4279106208,4,siglip2_base_patch16_224,False,False
4279106208,9,siglip2_base_patch16_224,True,True
4279106208,1,siglip2_base_patch16_224,True,True
4822859674,2,siglip2_base_patch16_224,True,True
4822859674,9,siglip2_base_patch16_224,True,False
4822859674,8,siglip2_base_patch16_224,True,True
4822859674,4,siglip2_base_patch16_224,True,False
4822859674,1,siglip2_base_patch16_224,False,False
4822859674,0,siglip2_base_patch16_224,False,False
4822859674,3,siglip2_base_patch16_224,False,False
4822859674,5,siglip2_base_patch16_224,False,False
7330294814,7,siglip2_base_patch16_224,False,False
7330294814,2,siglip2_base_patch16_224,True,True
7330294814,5,siglip2_base_patch16_224,False,False
7330294814,1,siglip2_base_patch16_224,True,True
7330294814,3,siglip2_base_patch16_224,True,True
7330294814,6,siglip2_base_patch16_224,True,False
7330294814,8,siglip2_base_patch16_224,False,False
7330294814,0,siglip2_base_patch16_224,True,True
7651639778,7,siglip2_base_patch16_224,True,False
7651639778,1,siglip2_base_patch16_224,False,False
7651639778,2,siglip2_base_patch16_224,True,True
7651639778,0,siglip2_base_patch16_224,True,True
7651639778,5,siglip2_base_patch16_224,False,False
7651639778,3,siglip2_base_patch16_224,True,True
7651639778,6,siglip2_base_patch16_224,True,False
7651639778,4,siglip2_base_patch16_224,True,False
9256409422,7,siglip2_base_patch16_224,False,False
9256409422,8,siglip2_base_patch16_224,True,True
9256409422,2,siglip2_base_patch16_224,True,True
9256409422,6,siglip2_base_patch16_224,False,False
9256409422,5,siglip2_base_patch16_224,True,False
9256409422,9,siglip2_base_patch16_224,True,False
9256409422,3,siglip2_base_patch16_224,True,False
9256409422,1,siglip2_base_patch16_224,True,False
10727696143,4,siglip2_base_patch16_224,True,True
10727696143,5,siglip2_base_patch16_224,False,False
10727696143,1,siglip2_base_patch16_224,False,False
10727696143,8,siglip2_base_patch16_224,False,False
10727696143,6,siglip2_base_patch16_224,False,False
10727696143,7,siglip2_base_patch16_224,False,False
10727696143,0,siglip2_base_patch16_224,True,True
11276567104,3,siglip2_base_patch16_224,False,False
11276567104,8,siglip2_base_patch16_224,True,False
11276567104,6,siglip2_base_patch16_224,False,False
11276567104,0,siglip2_base_patch16_224,True,False
11276567104,1,siglip2_base_patch16_224,False,False
11276567104,4,siglip2_base_patch16_224,False,False
11276567104,5,siglip2_base_patch16_224,False,False
