arm,query_mode,traversal,scope,metric,value,n
A,none,none,overall,n,2685,2685
A,none,none,overall,gold_frame_at_4,0.5303538175046555,2685
A,none,none,overall,anchor_in_gold_at_1,0.3039106145251397,2685
A,none,none,overall,mIoP,0.29781971098696464,2685
A,none,none,overall,mIoU,0.1608658014897579,2685
A,none,none,overall,IoP@0.3,0.37206703910614525,2685
A,none,none,overall,IoP@0.5,0.30204841713221603,2685
A,none,none,overall,IoU@0.3,0.2435754189944134,2685
A,none,none,overall,IoU@0.5,0.12067039106145251,2685
A,none,none,overall,zero_width_count,0,2685
A,none,none,overall,zero_width_rate,0.0,2685
A,none,none,overall,invalid_span_count,0,2685
A,none,none,overall,mean_pred_span_width,4.287401973929237,2685
A,none,none,overall,median_retrieval_ms,3.723,2685
A,none,none,overall,p95_retrieval_ms,4.6561,2685
A,none,none,overall,mean_ppr_calls,1.0,2685
A,none,none,overall,max_ppr_calls,1,2685
A,none,none,overall,avg_context_frames,4.0,2685
A,none,none,overall,max_context_frames_observed,4,2685
A,none,none,type=CW,n,1172,1172
A,none,none,type=CW,gold_frame_at_4,0.5332764505119454,1172
A,none,none,type=CW,anchor_in_gold_at_1,0.3174061433447099,1172
A,none,none,type=CW,mIoP,0.3063593174061433,1172
A,none,none,type=CW,mIoU,0.16197542064846418,1172
A,none,none,type=CW,IoP@0.3,0.38139931740614336,1172
A,none,none,type=CW,IoP@0.5,0.30887372013651876,1172
A,none,none,type=CW,IoU@0.3,0.25426621160409557,1172
A,none,none,type=CW,IoU@0.5,0.11177474402730375,1172
A,none,none,type=CW,zero_width_count,0,1172
A,none,none,type=CW,zero_width_rate,0.0,1172
A,none,none,type=CW,invalid_span_count,0,1172
A,none,none,type=CW,mean_pred_span_width,4.30473276450512,1172
A,none,none,type=CW,median_retrieval_ms,3.7504999999999997,1172
A,none,none,type=CW,p95_retrieval_ms,4.67605,1172
A,none,none,type=CW,mean_ppr_calls,1.0,1172
A,none,none,type=CW,max_ppr_calls,1,1172
A,none,none,type=CW,avg_context_frames,4.0,1172
A,none,none,type=CW,max_context_frames_observed,4,1172
A,none,none,type=CH,n,392,392
A,none,none,type=CH,gold_frame_at_4,0.5943877551020408,392
A,none,none,type=CH,anchor_in_gold_at_1,0.35714285714285715,392
A,none,none,type=CH,mIoP,0.34615048469387755,392
A,none,none,type=CH,mIoU,0.17011061224489793,392
A,none,none,type=CH,IoP@0.3,0.41581632653061223,392
A,none,none,type=CH,IoP@0.5,0.3469387755102041,392
A,none,none,type=CH,IoU@0.3,0.22959183673469388,392
A,none,none,type=CH,IoU@0.5,0.13010204081632654,392
A,none,none,type=CH,zero_width_count,0,392
A,none,none,type=CH,zero_width_rate,0.0,392
A,none,none,type=CH,invalid_span_count,0,392
A,none,none,type=CH,mean_pred_span_width,4.2819,392
A,none,none,type=CH,median_retrieval_ms,3.6820000000000004,392
A,none,none,type=CH,p95_retrieval_ms,4.587949999999999,392
A,none,none,type=CH,mean_ppr_calls,1.0,392
A,none,none,type=CH,max_ppr_calls,1,392
A,none,none,type=CH,avg_context_frames,4.0,392
A,none,none,type=CH,max_context_frames_observed,4,392
A,none,none,type=TN,n,704,704
A,none,none,type=TN,gold_frame_at_4,0.46875,704
A,none,none,type=TN,anchor_in_gold_at_1,0.22017045454545456,704
A,none,none,type=TN,mIoP,0.23615436079545454,704
A,none,none,type=TN,mIoU,0.14966473011363635,704
A,none,none,type=TN,IoP@0.3,0.3068181818181818,704
A,none,none,type=TN,IoP@0.5,0.24005681818181818,704
A,none,none,type=TN,IoU@0.3,0.23579545454545456,704
A,none,none,type=TN,IoU@0.5,0.1278409090909091,704
A,none,none,type=TN,zero_width_count,0,704
A,none,none,type=TN,zero_width_rate,0.0,704
A,none,none,type=TN,invalid_span_count,0,704
A,none,none,type=TN,mean_pred_span_width,4.2652776988636365,704
A,none,none,type=TN,median_retrieval_ms,3.729,704
A,none,none,type=TN,p95_retrieval_ms,4.6825,704
A,none,none,type=TN,mean_ppr_calls,1.0,704
A,none,none,type=TN,max_ppr_calls,1,704
A,none,none,type=TN,avg_context_frames,4.0,704
A,none,none,type=TN,max_context_frames_observed,4,704
A,none,none,type=TP,n,37,37
A,none,none,type=TP,gold_frame_at_4,0.4864864864864865,37
A,none,none,type=TP,anchor_in_gold_at_1,0.24324324324324326,37
A,none,none,type=TP,mIoP,0.2393707567567568,37
A,none,none,type=TP,mIoU,0.14951627027027029,37
A,none,none,type=TP,IoP@0.3,0.2972972972972973,37
A,none,none,type=TP,IoP@0.5,0.21621621621621623,37
A,none,none,type=TP,IoU@0.3,0.1891891891891892,37
A,none,none,type=TP,IoU@0.5,0.10810810810810811,37
A,none,none,type=TP,zero_width_count,0,37
A,none,none,type=TP,zero_width_rate,0.0,37
A,none,none,type=TP,invalid_span_count,0,37
A,none,none,type=TP,mean_pred_span_width,4.2146783783783786,37
A,none,none,type=TP,median_retrieval_ms,3.657,37
A,none,none,type=TP,p95_retrieval_ms,4.368899999999999,37
A,none,none,type=TP,mean_ppr_calls,1.0,37
A,none,none,type=TP,max_ppr_calls,1,37
A,none,none,type=TP,avg_context_frames,4.0,37
A,none,none,type=TP,max_context_frames_observed,4,37
A,none,none,type=TC,n,380,380
A,none,none,type=TC,gold_frame_at_4,0.5736842105263158,380
A,none,none,type=TC,anchor_in_gold_at_1,0.3684210526315789,380
A,none,none,type=TC,mIoP,0.3415590157894737,380
A,none,none,type=TC,mIoU,0.1697632947368421,380
A,none,none,type=TC,IoP@0.3,0.4263157894736842,380
A,none,none,type=TC,IoP@0.5,0.35789473684210527,380
A,none,none,type=TC,IoU@0.3,0.24473684210526317,380
A,none,none,type=TC,IoU@0.5,0.12631578947368421,380
A,none,none,type=TC,zero_width_count,0,380
A,none,none,type=TC,zero_width_rate,0.0,380
A,none,none,type=TC,invalid_span_count,0,380
A,none,none,type=TC,mean_pred_span_width,4.287695,380
A,none,none,type=TC,median_retrieval_ms,3.7005,380
A,none,none,type=TC,p95_retrieval_ms,4.641299999999999,380
A,none,none,type=TC,mean_ppr_calls,1.0,380
A,none,none,type=TC,max_ppr_calls,1,380
A,none,none,type=TC,avg_context_frames,4.0,380
A,none,none,type=TC,max_context_frames_observed,4,380
A,none,none,gold_width=<2s,n,278,278
A,none,none,gold_width=<2s,gold_frame_at_4,0.34172661870503596,278
A,none,none,gold_width=<2s,anchor_in_gold_at_1,0.12949640287769784,278
A,none,none,gold_width=<2s,mIoP,0.0787673561151079,278
A,none,none,gold_width=<2s,mIoU,0.07702210791366906,278
A,none,none,gold_width=<2s,IoP@0.3,0.11510791366906475,278
A,none,none,gold_width=<2s,IoP@0.5,0.007194244604316547,278
A,none,none,gold_width=<2s,IoU@0.3,0.1079136690647482,278
A,none,none,gold_width=<2s,IoU@0.5,0.007194244604316547,278
A,none,none,gold_width=<2s,zero_width_count,0,278
A,none,none,gold_width=<2s,zero_width_rate,0.0,278
A,none,none,gold_width=<2s,invalid_span_count,0,278
A,none,none,gold_width=<2s,mean_pred_span_width,4.246180215827338,278
A,none,none,gold_width=<2s,median_retrieval_ms,3.5789999999999997,278
A,none,none,gold_width=<2s,p95_retrieval_ms,4.59315,278
A,none,none,gold_width=<2s,mean_ppr_calls,1.0,278
A,none,none,gold_width=<2s,max_ppr_calls,1,278
A,none,none,gold_width=<2s,avg_context_frames,4.0,278
A,none,none,gold_width=<2s,max_context_frames_observed,4,278
A,none,none,gold_width=2-5s,n,1125,1125
A,none,none,gold_width=2-5s,gold_frame_at_4,0.4231111111111111,1125
A,none,none,gold_width=2-5s,anchor_in_gold_at_1,0.20355555555555555,1125
A,none,none,gold_width=2-5s,mIoP,0.1960696808888889,1125
A,none,none,gold_width=2-5s,mIoU,0.167704936,1125
A,none,none,gold_width=2-5s,IoP@0.3,0.2942222222222222,1125
A,none,none,gold_width=2-5s,IoP@0.5,0.21244444444444444,1125
A,none,none,gold_width=2-5s,IoU@0.3,0.2613333333333333,1125
A,none,none,gold_width=2-5s,IoU@0.5,0.16266666666666665,1125
A,none,none,gold_width=2-5s,zero_width_count,0,1125
A,none,none,gold_width=2-5s,zero_width_rate,0.0,1125
A,none,none,gold_width=2-5s,invalid_span_count,0,1125
A,none,none,gold_width=2-5s,mean_pred_span_width,4.277731911111111,1125
A,none,none,gold_width=2-5s,median_retrieval_ms,3.678,1125
A,none,none,gold_width=2-5s,p95_retrieval_ms,4.5694,1125
A,none,none,gold_width=2-5s,mean_ppr_calls,1.0,1125
A,none,none,gold_width=2-5s,max_ppr_calls,1,1125
A,none,none,gold_width=2-5s,avg_context_frames,4.0,1125
A,none,none,gold_width=2-5s,max_context_frames_observed,4,1125
A,none,none,gold_width=5-10s,n,731,731
A,none,none,gold_width=5-10s,gold_frame_at_4,0.5937072503419972,731
A,none,none,gold_width=5-10s,anchor_in_gold_at_1,0.34199726402188785,731
A,none,none,gold_width=5-10s,mIoP,0.33718262243502056,731
A,none,none,gold_width=5-10s,mIoU,0.20004438577291384,731
A,none,none,gold_width=5-10s,IoP@0.3,0.4117647058823529,731
A,none,none,gold_width=5-10s,IoP@0.5,0.3488372093023256,731
A,none,none,gold_width=5-10s,IoU@0.3,0.33105335157318744,731
A,none,none,gold_width=5-10s,IoU@0.5,0.18194254445964433,731
A,none,none,gold_width=5-10s,zero_width_count,0,731
A,none,none,gold_width=5-10s,zero_width_rate,0.0,731
A,none,none,gold_width=5-10s,invalid_span_count,0,731
A,none,none,gold_width=5-10s,mean_pred_span_width,4.294734062927497,731
A,none,none,gold_width=5-10s,median_retrieval_ms,3.755,731
A,none,none,gold_width=5-10s,p95_retrieval_ms,4.680400000000001,731
A,none,none,gold_width=5-10s,mean_ppr_calls,1.0,731
A,none,none,gold_width=5-10s,max_ppr_calls,1,731
A,none,none,gold_width=5-10s,avg_context_frames,4.0,731
A,none,none,gold_width=5-10s,max_context_frames_observed,4,731
A,none,none,gold_width=>=10s,n,551,551
A,none,none,gold_width=>=10s,gold_frame_at_4,0.7604355716878403,551
A,none,none,gold_width=>=10s,anchor_in_gold_at_1,0.5462794918330308,551
A,none,none,gold_width=>=10s,mIoP,0.5638651742286751,551
A,none,none,gold_width=>=10s,mIoU,0.13722691833030853,551
A,none,none,gold_width=>=10s,IoP@0.3,0.6079854809437386,551
A,none,none,gold_width=>=10s,IoP@0.5,0.5716878402903811,551
A,none,none,gold_width=>=10s,IoU@0.3,0.15970961887477314,551
A,none,none,gold_width=>=10s,IoU@0.5,0.010889292196007259,551
A,none,none,gold_width=>=10s,zero_width_count,0,551
A,none,none,gold_width=>=10s,zero_width_rate,0.0,551
A,none,none,gold_width=>=10s,invalid_span_count,0,551
A,none,none,gold_width=>=10s,mean_pred_span_width,4.3182163339382935,551
A,none,none,gold_width=>=10s,median_retrieval_ms,3.827,551
A,none,none,gold_width=>=10s,p95_retrieval_ms,4.8234,551
A,none,none,gold_width=>=10s,mean_ppr_calls,1.0,551
A,none,none,gold_width=>=10s,max_ppr_calls,1,551
A,none,none,gold_width=>=10s,avg_context_frames,4.0,551
A,none,none,gold_width=>=10s,max_context_frames_observed,4,551
B,legacy,none,overall,n,2685,2685
B,legacy,none,overall,gold_frame_at_4,0.5340782122905028,2685
B,legacy,none,overall,anchor_in_gold_at_1,0.29869646182495346,2685
B,legacy,none,overall,mIoP,0.2907097653631285,2685
B,legacy,none,overall,mIoU,0.15640680782122904,2685
B,legacy,none,overall,IoP@0.3,0.3649906890130354,2685
B,legacy,none,overall,IoP@0.5,0.2957169459962756,2685
B,legacy,none,overall,IoU@0.3,0.23649906890130354,2685
B,legacy,none,overall,IoU@0.5,0.11731843575418995,2685
B,legacy,none,overall,zero_width_count,0,2685
B,legacy,none,overall,zero_width_rate,0.0,2685
B,legacy,none,overall,invalid_span_count,0,2685
B,legacy,none,overall,mean_pred_span_width,4.274957616387337,2685
B,legacy,none,overall,median_retrieval_ms,14.598,2685
B,legacy,none,overall,p95_retrieval_ms,19.8624,2685
B,legacy,none,overall,mean_ppr_calls,3.9325884543761638,2685
B,legacy,none,overall,max_ppr_calls,5,2685
B,legacy,none,overall,avg_context_frames,4.0,2685
B,legacy,none,overall,max_context_frames_observed,4,2685
B,legacy,none,type=CW,n,1172,1172
B,legacy,none,type=CW,gold_frame_at_4,0.5392491467576792,1172
B,legacy,none,type=CW,anchor_in_gold_at_1,0.30716723549488056,1172
B,legacy,none,type=CW,mIoP,0.296861156996587,1172
B,legacy,none,type=CW,mIoU,0.15801815699658703,1172
B,legacy,none,type=CW,IoP@0.3,0.371160409556314,1172
B,legacy,none,type=CW,IoP@0.5,0.2986348122866894,1172
B,legacy,none,type=CW,IoU@0.3,0.24488054607508533,1172
B,legacy,none,type=CW,IoU@0.5,0.11262798634812286,1172
B,legacy,none,type=CW,zero_width_count,0,1172
B,legacy,none,type=CW,zero_width_rate,0.0,1172
B,legacy,none,type=CW,invalid_span_count,0,1172
B,legacy,none,type=CW,mean_pred_span_width,4.284910324232082,1172
B,legacy,none,type=CW,median_retrieval_ms,16.072000000000003,1172
B,legacy,none,type=CW,p95_retrieval_ms,20.79355,1172
B,legacy,none,type=CW,mean_ppr_calls,4.272184300341297,1172
B,legacy,none,type=CW,max_ppr_calls,5,1172
B,legacy,none,type=CW,avg_context_frames,4.0,1172
B,legacy,none,type=CW,max_context_frames_observed,4,1172
B,legacy,none,type=CH,n,392,392
B,legacy,none,type=CH,gold_frame_at_4,0.5892857142857143,392
B,legacy,none,type=CH,anchor_in_gold_at_1,0.36989795918367346,392
B,legacy,none,type=CH,mIoP,0.3318966530612245,392
B,legacy,none,type=CH,mIoU,0.1614828112244898,392
B,legacy,none,type=CH,IoP@0.3,0.4030612244897959,392
B,legacy,none,type=CH,IoP@0.5,0.3392857142857143,392
B,legacy,none,type=CH,IoU@0.3,0.22448979591836735,392
B,legacy,none,type=CH,IoU@0.5,0.11734693877551021,392
B,legacy,none,type=CH,zero_width_count,0,392
B,legacy,none,type=CH,zero_width_rate,0.0,392
B,legacy,none,type=CH,invalid_span_count,0,392
B,legacy,none,type=CH,mean_pred_span_width,4.2871045918367345,392
B,legacy,none,type=CH,median_retrieval_ms,14.186499999999999,392
B,legacy,none,type=CH,p95_retrieval_ms,19.5962,392
B,legacy,none,type=CH,mean_ppr_calls,3.857142857142857,392
B,legacy,none,type=CH,max_ppr_calls,5,392
B,legacy,none,type=CH,avg_context_frames,4.0,392
B,legacy,none,type=CH,max_context_frames_observed,4,392
B,legacy,none,type=TN,n,704,704
B,legacy,none,type=TN,gold_frame_at_4,0.47301136363636365,704
B,legacy,none,type=TN,anchor_in_gold_at_1,0.21306818181818182,704
B,legacy,none,type=TN,mIoP,0.23531630255681818,704
B,legacy,none,type=TN,mIoU,0.1476809559659091,704
B,legacy,none,type=TN,IoP@0.3,0.3096590909090909,704
B,legacy,none,type=TN,IoP@0.5,0.24147727272727273,704
B,legacy,none,type=TN,IoU@0.3,0.23579545454545456,704
B,legacy,none,type=TN,IoU@0.5,0.12357954545454546,704
B,legacy,none,type=TN,zero_width_count,0,704
B,legacy,none,type=TN,zero_width_rate,0.0,704
B,legacy,none,type=TN,invalid_span_count,0,704
B,legacy,none,type=TN,mean_pred_span_width,4.26698465909091,704
B,legacy,none,type=TN,median_retrieval_ms,14.5265,704
B,legacy,none,type=TN,p95_retrieval_ms,17.2875,704
B,legacy,none,type=TN,mean_ppr_calls,3.9048295454545454,704
B,legacy,none,type=TN,max_ppr_calls,4,704
B,legacy,none,type=TN,avg_context_frames,4.0,704
B,legacy,none,type=TN,max_context_frames_observed,4,704
B,legacy,none,type=TP,n,37,37
B,legacy,none,type=TP,gold_frame_at_4,0.4864864864864865,37
B,legacy,none,type=TP,anchor_in_gold_at_1,0.21621621621621623,37
B,legacy,none,type=TP,mIoP,0.22588491891891893,37
B,legacy,none,type=TP,mIoU,0.13604105405405406,37
B,legacy,none,type=TP,IoP@0.3,0.2702702702702703,37
B,legacy,none,type=TP,IoP@0.5,0.21621621621621623,37
B,legacy,none,type=TP,IoU@0.3,0.1891891891891892,37
B,legacy,none,type=TP,IoU@0.5,0.10810810810810811,37
B,legacy,none,type=TP,zero_width_count,0,37
B,legacy,none,type=TP,zero_width_rate,0.0,37
B,legacy,none,type=TP,invalid_span_count,0,37
B,legacy,none,type=TP,mean_pred_span_width,4.2291081081081074,37
B,legacy,none,type=TP,median_retrieval_ms,14.148,37
B,legacy,none,type=TP,p95_retrieval_ms,17.021300000000004,37
B,legacy,none,type=TP,mean_ppr_calls,3.7567567567567566,37
B,legacy,none,type=TP,max_ppr_calls,4,37
B,legacy,none,type=TP,avg_context_frames,4.0,37
B,legacy,none,type=TP,max_context_frames_observed,4,37
B,legacy,none,type=TC,n,380,380
B,legacy,none,type=TC,gold_frame_at_4,0.5789473684210527,380
B,legacy,none,type=TC,anchor_in_gold_at_1,0.36578947368421055,380
B,legacy,none,type=TC,mIoP,0.3381856236842105,380
B,legacy,none,type=TC,mIoU,0.1643495394736842,380
B,legacy,none,type=TC,IoP@0.3,0.41842105263157897,380
B,legacy,none,type=TC,IoP@0.5,0.35,380
B,legacy,none,type=TC,IoU@0.3,0.22894736842105262,380
B,legacy,none,type=TC,IoU@0.5,0.12105263157894737,380
B,legacy,none,type=TC,zero_width_count,0,380
B,legacy,none,type=TC,zero_width_rate,0.0,380
B,legacy,none,type=TC,invalid_span_count,0,380
B,legacy,none,type=TC,mean_pred_span_width,4.250966052631579,380
B,legacy,none,type=TC,median_retrieval_ms,10.995000000000001,380
B,legacy,none,type=TC,p95_retrieval_ms,15.775099999999998,380
B,legacy,none,type=TC,mean_ppr_calls,3.031578947368421,380
B,legacy,none,type=TC,max_ppr_calls,4,380
B,legacy,none,type=TC,avg_context_frames,4.0,380
B,legacy,none,type=TC,max_context_frames_observed,4,380
B,legacy,none,gold_width=<2s,n,278,278
B,legacy,none,gold_width=<2s,gold_frame_at_4,0.34172661870503596,278
B,legacy,none,gold_width=<2s,anchor_in_gold_at_1,0.14028776978417265,278
B,legacy,none,gold_width=<2s,mIoP,0.08407908633093525,278
B,legacy,none,gold_width=<2s,mIoU,0.0817038381294964,278
B,legacy,none,gold_width=<2s,IoP@0.3,0.1223021582733813,278
B,legacy,none,gold_width=<2s,IoP@0.5,0.007194244604316547,278
B,legacy,none,gold_width=<2s,IoU@0.3,0.11870503597122302,278
B,legacy,none,gold_width=<2s,IoU@0.5,0.007194244604316547,278
B,legacy,none,gold_width=<2s,zero_width_count,0,278
B,legacy,none,gold_width=<2s,zero_width_rate,0.0,278
B,legacy,none,gold_width=<2s,invalid_span_count,0,278
B,legacy,none,gold_width=<2s,mean_pred_span_width,4.232882014388489,278
B,legacy,none,gold_width=<2s,median_retrieval_ms,14.6905,278
B,legacy,none,gold_width=<2s,p95_retrieval_ms,19.5786,278
B,legacy,none,gold_width=<2s,mean_ppr_calls,4.133093525179856,278
B,legacy,none,gold_width=<2s,max_ppr_calls,5,278
B,legacy,none,gold_width=<2s,avg_context_frames,4.0,278
B,legacy,none,gold_width=<2s,max_context_frames_observed,4,278
B,legacy,none,gold_width=2-5s,n,1125,1125
B,legacy,none,gold_width=2-5s,gold_frame_at_4,0.4222222222222222,1125
B,legacy,none,gold_width=2-5s,anchor_in_gold_at_1,0.2008888888888889,1125
B,legacy,none,gold_width=2-5s,mIoP,0.1933497431111111,1125
B,legacy,none,gold_width=2-5s,mIoU,0.16426061955555554,1125
B,legacy,none,gold_width=2-5s,IoP@0.3,0.29333333333333333,1125
B,legacy,none,gold_width=2-5s,IoP@0.5,0.21244444444444444,1125
B,legacy,none,gold_width=2-5s,IoU@0.3,0.2568888888888889,1125
B,legacy,none,gold_width=2-5s,IoU@0.5,0.16177777777777777,1125
B,legacy,none,gold_width=2-5s,zero_width_count,0,1125
B,legacy,none,gold_width=2-5s,zero_width_rate,0.0,1125
B,legacy,none,gold_width=2-5s,invalid_span_count,0,1125
B,legacy,none,gold_width=2-5s,mean_pred_span_width,4.272934311111111,1125
B,legacy,none,gold_width=2-5s,median_retrieval_ms,14.774,1125
B,legacy,none,gold_width=2-5s,p95_retrieval_ms,19.937099999999997,1125
B,legacy,none,gold_width=2-5s,mean_ppr_calls,4.0391111111111115,1125
B,legacy,none,gold_width=2-5s,max_ppr_calls,5,1125
B,legacy,none,gold_width=2-5s,avg_context_frames,4.0,1125
B,legacy,none,gold_width=2-5s,max_context_frames_observed,4,1125
B,legacy,none,gold_width=5-10s,n,731,731
B,legacy,none,gold_width=5-10s,gold_frame_at_4,0.5868673050615595,731
B,legacy,none,gold_width=5-10s,anchor_in_gold_at_1,0.34062927496580025,731
B,legacy,none,gold_width=5-10s,mIoP,0.31893246374829004,731
B,legacy,none,gold_width=5-10s,mIoU,0.18690584404924762,731
B,legacy,none,gold_width=5-10s,IoP@0.3,0.3898768809849521,731
B,legacy,none,gold_width=5-10s,IoP@0.5,0.332421340629275,731
B,legacy,none,gold_width=5-10s,IoU@0.3,0.31053351573187415,731
B,legacy,none,gold_width=5-10s,IoU@0.5,0.16689466484268126,731
B,legacy,none,gold_width=5-10s,zero_width_count,0,731
B,legacy,none,gold_width=5-10s,zero_width_rate,0.0,731
B,legacy,none,gold_width=5-10s,invalid_span_count,0,731
B,legacy,none,gold_width=5-10s,mean_pred_span_width,4.274397127222982,731
B,legacy,none,gold_width=5-10s,median_retrieval_ms,14.625,731
B,legacy,none,gold_width=5-10s,p95_retrieval_ms,19.7478,731
B,legacy,none,gold_width=5-10s,mean_ppr_calls,3.902872777017784,731
B,legacy,none,gold_width=5-10s,max_ppr_calls,5,731
B,legacy,none,gold_width=5-10s,avg_context_frames,4.0,731
B,legacy,none,gold_width=5-10s,max_context_frames_observed,4,731
B,legacy,none,gold_width=>=10s,n,551,551
B,legacy,none,gold_width=>=10s,gold_frame_at_4,0.7894736842105263,551
B,legacy,none,gold_width=>=10s,anchor_in_gold_at_1,0.5226860254083484,551
B,legacy,none,gold_width=>=10s,mIoP,0.5563042504537205,551
B,legacy,none,gold_width=>=10s,mIoU,0.13759935208711435,551
B,legacy,none,gold_width=>=10s,IoP@0.3,0.6007259528130672,551
B,legacy,none,gold_width=>=10s,IoP@0.5,0.5626134301270418,551
B,legacy,none,gold_width=>=10s,IoU@0.3,0.1560798548094374,551
B,legacy,none,gold_width=>=10s,IoU@0.5,0.016333938294010888,551
B,legacy,none,gold_width=>=10s,zero_width_count,0,551
B,legacy,none,gold_width=>=10s,zero_width_rate,0.0,551
B,legacy,none,gold_width=>=10s,invalid_span_count,0,551
B,legacy,none,gold_width=>=10s,mean_pred_span_width,4.301060980036297,551
B,legacy,none,gold_width=>=10s,median_retrieval_ms,14.029,551
B,legacy,none,gold_width=>=10s,p95_retrieval_ms,19.9674,551
B,legacy,none,gold_width=>=10s,mean_ppr_calls,3.6533575317604354,551
B,legacy,none,gold_width=>=10s,max_ppr_calls,5,551
B,legacy,none,gold_width=>=10s,avg_context_frames,4.0,551
B,legacy,none,gold_width=>=10s,max_context_frames_observed,4,551
C,legacy,legacy_symmetric,overall,n,2685,2685
C,legacy,legacy_symmetric,overall,gold_frame_at_4,0.3970204841713222,2685
C,legacy,legacy_symmetric,overall,anchor_in_gold_at_1,0.2845437616387337,2685
C,legacy,legacy_symmetric,overall,mIoP,0.2900492744878957,2685
C,legacy,legacy_symmetric,overall,mIoU,0.1563997601489758,2685
C,legacy,legacy_symmetric,overall,IoP@0.3,0.3642458100558659,2685
C,legacy,legacy_symmetric,overall,IoP@0.5,0.29459962756052144,2685
C,legacy,legacy_symmetric,overall,IoU@0.3,0.2361266294227188,2685
C,legacy,legacy_symmetric,overall,IoU@0.5,0.11880819366852886,2685
C,legacy,legacy_symmetric,overall,zero_width_count,0,2685
C,legacy,legacy_symmetric,overall,zero_width_rate,0.0,2685
C,legacy,legacy_symmetric,overall,invalid_span_count,0,2685
C,legacy,legacy_symmetric,overall,mean_pred_span_width,4.267988752327747,2685
C,legacy,legacy_symmetric,overall,median_retrieval_ms,14.731,2685
C,legacy,legacy_symmetric,overall,p95_retrieval_ms,20.167099999999998,2685
C,legacy,legacy_symmetric,overall,mean_ppr_calls,3.9325884543761638,2685
C,legacy,legacy_symmetric,overall,max_ppr_calls,5,2685
C,legacy,legacy_symmetric,overall,avg_context_frames,7.996648044692737,2685
C,legacy,legacy_symmetric,overall,max_context_frames_observed,8,2685
C,legacy,legacy_symmetric,type=CW,n,1172,1172
C,legacy,legacy_symmetric,type=CW,gold_frame_at_4,0.4197952218430034,1172
C,legacy,legacy_symmetric,type=CW,anchor_in_gold_at_1,0.31143344709897613,1172
C,legacy,legacy_symmetric,type=CW,mIoP,0.297130021331058,1172
C,legacy,legacy_symmetric,type=CW,mIoU,0.15921080460750855,1172
C,legacy,legacy_symmetric,type=CW,IoP@0.3,0.3728668941979522,1172
C,legacy,legacy_symmetric,type=CW,IoP@0.5,0.2977815699658703,1172
C,legacy,legacy_symmetric,type=CW,IoU@0.3,0.24573378839590443,1172
C,legacy,legacy_symmetric,type=CW,IoU@0.5,0.11433447098976109,1172
C,legacy,legacy_symmetric,type=CW,zero_width_count,0,1172
C,legacy,legacy_symmetric,type=CW,zero_width_rate,0.0,1172
C,legacy,legacy_symmetric,type=CW,invalid_span_count,0,1172
C,legacy,legacy_symmetric,type=CW,mean_pred_span_width,4.276507167235494,1172
C,legacy,legacy_symmetric,type=CW,median_retrieval_ms,16.2305,1172
C,legacy,legacy_symmetric,type=CW,p95_retrieval_ms,21.24985,1172
C,legacy,legacy_symmetric,type=CW,mean_ppr_calls,4.272184300341297,1172
C,legacy,legacy_symmetric,type=CW,max_ppr_calls,5,1172
C,legacy,legacy_symmetric,type=CW,avg_context_frames,8.0,1172
C,legacy,legacy_symmetric,type=CW,max_context_frames_observed,8,1172
C,legacy,legacy_symmetric,type=CH,n,392,392
C,legacy,legacy_symmetric,type=CH,gold_frame_at_4,0.47959183673469385,392
C,legacy,legacy_symmetric,type=CH,anchor_in_gold_at_1,0.34438775510204084,392
C,legacy,legacy_symmetric,type=CH,mIoP,0.3329132576530612,392
C,legacy,legacy_symmetric,type=CH,mIoU,0.1630253163265306,392
C,legacy,legacy_symmetric,type=CH,IoP@0.3,0.4005102040816326,392
C,legacy,legacy_symmetric,type=CH,IoP@0.5,0.34183673469387754,392
C,legacy,legacy_symmetric,type=CH,IoU@0.3,0.22704081632653061,392
C,legacy,legacy_symmetric,type=CH,IoU@0.5,0.12244897959183673,392
C,legacy,legacy_symmetric,type=CH,zero_width_count,0,392
C,legacy,legacy_symmetric,type=CH,zero_width_rate,0.0,392
C,legacy,legacy_symmetric,type=CH,invalid_span_count,0,392
C,legacy,legacy_symmetric,type=CH,mean_pred_span_width,4.292979336734694,392
C,legacy,legacy_symmetric,type=CH,median_retrieval_ms,14.384,392
C,legacy,legacy_symmetric,type=CH,p95_retrieval_ms,19.978500000000004,392
C,legacy,legacy_symmetric,type=CH,mean_ppr_calls,3.857142857142857,392
C,legacy,legacy_symmetric,type=CH,max_ppr_calls,5,392
C,legacy,legacy_symmetric,type=CH,avg_context_frames,7.99234693877551,392
C,legacy,legacy_symmetric,type=CH,max_context_frames_observed,8,392
C,legacy,legacy_symmetric,type=TN,n,704,704
C,legacy,legacy_symmetric,type=TN,gold_frame_at_4,0.29261363636363635,704
C,legacy,legacy_symmetric,type=TN,anchor_in_gold_at_1,0.1846590909090909,704
C,legacy,legacy_symmetric,type=TN,mIoP,0.23316175852272727,704
C,legacy,legacy_symmetric,type=TN,mIoU,0.14645161221590908,704
C,legacy,legacy_symmetric,type=TN,IoP@0.3,0.3068181818181818,704
C,legacy,legacy_symmetric,type=TN,IoP@0.5,0.24005681818181818,704
C,legacy,legacy_symmetric,type=TN,IoU@0.3,0.234375,704
C,legacy,legacy_symmetric,type=TN,IoU@0.5,0.12215909090909091,704
C,legacy,legacy_symmetric,type=TN,zero_width_count,0,704
C,legacy,legacy_symmetric,type=TN,zero_width_rate,0.0,704
C,legacy,legacy_symmetric,type=TN,invalid_span_count,0,704
C,legacy,legacy_symmetric,type=TN,mean_pred_span_width,4.25376278409091,704
C,legacy,legacy_symmetric,type=TN,median_retrieval_ms,14.6305,704
C,legacy,legacy_symmetric,type=TN,p95_retrieval_ms,17.88275,704
C,legacy,legacy_symmetric,type=TN,mean_ppr_calls,3.9048295454545454,704
C,legacy,legacy_symmetric,type=TN,max_ppr_calls,4,704
C,legacy,legacy_symmetric,type=TN,avg_context_frames,7.994318181818182,704
C,legacy,legacy_symmetric,type=TN,max_context_frames_observed,8,704
C,legacy,legacy_symmetric,type=TP,n,37,37
C,legacy,legacy_symmetric,type=TP,gold_frame_at_4,0.3783783783783784,37
C,legacy,legacy_symmetric,type=TP,anchor_in_gold_at_1,0.3783783783783784,37
C,legacy,legacy_symmetric,type=TP,mIoP,0.22735910810810814,37
C,legacy,legacy_symmetric,type=TP,mIoU,0.1390124054054054,37
C,legacy,legacy_symmetric,type=TP,IoP@0.3,0.2702702702702703,37
C,legacy,legacy_symmetric,type=TP,IoP@0.5,0.21621621621621623,37
C,legacy,legacy_symmetric,type=TP,IoU@0.3,0.1891891891891892,37
C,legacy,legacy_symmetric,type=TP,IoU@0.5,0.10810810810810811,37
C,legacy,legacy_symmetric,type=TP,zero_width_count,0,37
C,legacy,legacy_symmetric,type=TP,zero_width_rate,0.0,37
C,legacy,legacy_symmetric,type=TP,invalid_span_count,0,37
C,legacy,legacy_symmetric,type=TP,mean_pred_span_width,4.251378378378378,37
C,legacy,legacy_symmetric,type=TP,median_retrieval_ms,13.908,37
C,legacy,legacy_symmetric,type=TP,p95_retrieval_ms,16.494699999999998,37
C,legacy,legacy_symmetric,type=TP,mean_ppr_calls,3.7567567567567566,37
C,legacy,legacy_symmetric,type=TP,max_ppr_calls,4,37
C,legacy,legacy_symmetric,type=TP,avg_context_frames,8.0,37
C,legacy,legacy_symmetric,type=TP,max_context_frames_observed,8,37
C,legacy,legacy_symmetric,type=TC,n,380,380
C,legacy,legacy_symmetric,type=TC,gold_frame_at_4,0.4368421052631579,380
C,legacy,legacy_symmetric,type=TC,anchor_in_gold_at_1,0.3157894736842105,380
C,legacy,legacy_symmetric,type=TC,mIoP,0.3354888289473684,380
C,legacy,legacy_symmetric,type=TC,mIoU,0.16101835526315791,380
C,legacy,legacy_symmetric,type=TC,IoP@0.3,0.41578947368421054,380
C,legacy,legacy_symmetric,type=TC,IoP@0.5,0.3447368421052632,380
C,legacy,legacy_symmetric,type=TC,IoU@0.3,0.2236842105263158,380
C,legacy,legacy_symmetric,type=TC,IoU@0.5,0.12368421052631579,380
C,legacy,legacy_symmetric,type=TC,zero_width_count,0,380
C,legacy,legacy_symmetric,type=TC,zero_width_rate,0.0,380
C,legacy,legacy_symmetric,type=TC,invalid_span_count,0,380
C,legacy,legacy_symmetric,type=TC,mean_pred_span_width,4.243909210526316,380
C,legacy,legacy_symmetric,type=TC,median_retrieval_ms,11.119,380
C,legacy,legacy_symmetric,type=TC,p95_retrieval_ms,16.3344,380
C,legacy,legacy_symmetric,type=TC,mean_ppr_calls,3.031578947368421,380
C,legacy,legacy_symmetric,type=TC,max_ppr_calls,4,380
C,legacy,legacy_symmetric,type=TC,avg_context_frames,7.994736842105263,380
C,legacy,legacy_symmetric,type=TC,max_context_frames_observed,8,380
C,legacy,legacy_symmetric,gold_width=<2s,n,278,278
C,legacy,legacy_symmetric,gold_width=<2s,gold_frame_at_4,0.2014388489208633,278
C,legacy,legacy_symmetric,gold_width=<2s,anchor_in_gold_at_1,0.1079136690647482,278
C,legacy,legacy_symmetric,gold_width=<2s,mIoP,0.08358704676258993,278
C,legacy,legacy_symmetric,gold_width=<2s,mIoU,0.08134272302158273,278
C,legacy,legacy_symmetric,gold_width=<2s,IoP@0.3,0.12589928057553956,278
C,legacy,legacy_symmetric,gold_width=<2s,IoP@0.5,0.007194244604316547,278
C,legacy,legacy_symmetric,gold_width=<2s,IoU@0.3,0.11870503597122302,278
C,legacy,legacy_symmetric,gold_width=<2s,IoU@0.5,0.007194244604316547,278
C,legacy,legacy_symmetric,gold_width=<2s,zero_width_count,0,278
C,legacy,legacy_symmetric,gold_width=<2s,zero_width_rate,0.0,278
C,legacy,legacy_symmetric,gold_width=<2s,invalid_span_count,0,278
C,legacy,legacy_symmetric,gold_width=<2s,mean_pred_span_width,4.220834892086331,278
C,legacy,legacy_symmetric,gold_width=<2s,median_retrieval_ms,14.975,278
C,legacy,legacy_symmetric,gold_width=<2s,p95_retrieval_ms,20.360400000000002,278
C,legacy,legacy_symmetric,gold_width=<2s,mean_ppr_calls,4.133093525179856,278
C,legacy,legacy_symmetric,gold_width=<2s,max_ppr_calls,5,278
C,legacy,legacy_symmetric,gold_width=<2s,avg_context_frames,7.9928057553956835,278
C,legacy,legacy_symmetric,gold_width=<2s,max_context_frames_observed,8,278
C,legacy,legacy_symmetric,gold_width=2-5s,n,1125,1125
C,legacy,legacy_symmetric,gold_width=2-5s,gold_frame_at_4,0.2737777777777778,1125
C,legacy,legacy_symmetric,gold_width=2-5s,anchor_in_gold_at_1,0.176,1125
C,legacy,legacy_symmetric,gold_width=2-5s,mIoP,0.19263828088888887,1125
C,legacy,legacy_symmetric,gold_width=2-5s,mIoU,0.1637709982222222,1125
C,legacy,legacy_symmetric,gold_width=2-5s,IoP@0.3,0.29244444444444445,1125
C,legacy,legacy_symmetric,gold_width=2-5s,IoP@0.5,0.21244444444444444,1125
C,legacy,legacy_symmetric,gold_width=2-5s,IoU@0.3,0.2568888888888889,1125
C,legacy,legacy_symmetric,gold_width=2-5s,IoU@0.5,0.16177777777777777,1125
C,legacy,legacy_symmetric,gold_width=2-5s,zero_width_count,0,1125
C,legacy,legacy_symmetric,gold_width=2-5s,zero_width_rate,0.0,1125
C,legacy,legacy_symmetric,gold_width=2-5s,invalid_span_count,0,1125
C,legacy,legacy_symmetric,gold_width=2-5s,mean_pred_span_width,4.262800355555556,1125
C,legacy,legacy_symmetric,gold_width=2-5s,median_retrieval_ms,14.895,1125
C,legacy,legacy_symmetric,gold_width=2-5s,p95_retrieval_ms,20.1984,1125
C,legacy,legacy_symmetric,gold_width=2-5s,mean_ppr_calls,4.0391111111111115,1125
C,legacy,legacy_symmetric,gold_width=2-5s,max_ppr_calls,5,1125
C,legacy,legacy_symmetric,gold_width=2-5s,avg_context_frames,7.994666666666666,1125
C,legacy,legacy_symmetric,gold_width=2-5s,max_context_frames_observed,8,1125
C,legacy,legacy_symmetric,gold_width=5-10s,n,731,731
C,legacy,legacy_symmetric,gold_width=5-10s,gold_frame_at_4,0.45006839945280436,731
C,legacy,legacy_symmetric,gold_width=5-10s,anchor_in_gold_at_1,0.32694938440492477,731
C,legacy,legacy_symmetric,gold_width=5-10s,mIoP,0.3189080711354309,731
C,legacy,legacy_symmetric,gold_width=5-10s,mIoU,0.18738022845417235,731
C,legacy,legacy_symmetric,gold_width=5-10s,IoP@0.3,0.387140902872777,731
C,legacy,legacy_symmetric,gold_width=5-10s,IoP@0.5,0.3283173734610123,731
C,legacy,legacy_symmetric,gold_width=5-10s,IoU@0.3,0.31053351573187415,731
C,legacy,legacy_symmetric,gold_width=5-10s,IoU@0.5,0.17099863201094392,731
C,legacy,legacy_symmetric,gold_width=5-10s,zero_width_count,0,731
C,legacy,legacy_symmetric,gold_width=5-10s,zero_width_rate,0.0,731
C,legacy,legacy_symmetric,gold_width=5-10s,invalid_span_count,0,731
C,legacy,legacy_symmetric,gold_width=5-10s,mean_pred_span_width,4.266646374829001,731
C,legacy,legacy_symmetric,gold_width=5-10s,median_retrieval_ms,14.71,731
C,legacy,legacy_symmetric,gold_width=5-10s,p95_retrieval_ms,20.081400000000002,731
C,legacy,legacy_symmetric,gold_width=5-10s,mean_ppr_calls,3.902872777017784,731
C,legacy,legacy_symmetric,gold_width=5-10s,max_ppr_calls,5,731
C,legacy,legacy_symmetric,gold_width=5-10s,avg_context_frames,7.998632010943912,731
C,legacy,legacy_symmetric,gold_width=5-10s,max_context_frames_observed,8,731
C,legacy,legacy_symmetric,gold_width=>=10s,n,551,551
C,legacy,legacy_symmetric,gold_width=>=10s,gold_frame_at_4,0.676950998185118,551
C,legacy,legacy_symmetric,gold_width=>=10s,anchor_in_gold_at_1,0.5390199637023594,551
C,legacy,legacy_symmetric,gold_width=>=10s,mIoP,0.554818941923775,551
C,legacy,legacy_symmetric,gold_width=>=10s,mIoU,0.13811752994555354,551
C,legacy,legacy_symmetric,gold_width=>=10s,IoP@0.3,0.6007259528130672,551
C,legacy,legacy_symmetric,gold_width=>=10s,IoP@0.5,0.5626134301270418,551
C,legacy,legacy_symmetric,gold_width=>=10s,IoU@0.3,0.1542649727767695,551
C,legacy,legacy_symmetric,gold_width=>=10s,IoU@0.5,0.018148820326678767,551
C,legacy,legacy_symmetric,gold_width=>=10s,zero_width_count,0,551
C,legacy,legacy_symmetric,gold_width=>=10s,zero_width_rate,0.0,551
C,legacy,legacy_symmetric,gold_width=>=10s,invalid_span_count,0,551
C,legacy,legacy_symmetric,gold_width=>=10s,mean_pred_span_width,4.30415390199637,551
C,legacy,legacy_symmetric,gold_width=>=10s,median_retrieval_ms,14.197,551
C,legacy,legacy_symmetric,gold_width=>=10s,p95_retrieval_ms,20.1856,551
C,legacy,legacy_symmetric,gold_width=>=10s,mean_ppr_calls,3.6533575317604354,551
C,legacy,legacy_symmetric,gold_width=>=10s,max_ppr_calls,5,551
C,legacy,legacy_symmetric,gold_width=>=10s,avg_context_frames,8.0,551
C,legacy,legacy_symmetric,gold_width=>=10s,max_context_frames_observed,8,551
D,structured_v2,none,overall,n,2685,2685
D,structured_v2,none,overall,gold_frame_at_4,0.5348230912476722,2685
D,structured_v2,none,overall,anchor_in_gold_at_1,0.3027932960893855,2685
D,structured_v2,none,overall,mIoP,0.293990459962756,2685
D,structured_v2,none,overall,mIoU,0.1603704659217877,2685
D,structured_v2,none,overall,IoP@0.3,0.36722532588454376,2685
D,structured_v2,none,overall,IoP@0.5,0.3005586592178771,2685
D,structured_v2,none,overall,IoU@0.3,0.23687150837988827,2685
D,structured_v2,none,overall,IoU@0.5,0.12886405959031658,2685
D,structured_v2,none,overall,zero_width_count,0,2685
D,structured_v2,none,overall,zero_width_rate,0.0,2685
D,structured_v2,none,overall,invalid_span_count,0,2685
D,structured_v2,none,overall,mean_pred_span_width,4.269389124767225,2685
D,structured_v2,none,overall,median_retrieval_ms,3.975,2685
D,structured_v2,none,overall,p95_retrieval_ms,4.815,2685
D,structured_v2,none,overall,mean_ppr_calls,1.0,2685
D,structured_v2,none,overall,max_ppr_calls,1,2685
D,structured_v2,none,overall,avg_context_frames,4.0,2685
D,structured_v2,none,overall,max_context_frames_observed,4,2685
D,structured_v2,none,type=CW,n,1172,1172
D,structured_v2,none,type=CW,gold_frame_at_4,0.5477815699658704,1172
D,structured_v2,none,type=CW,anchor_in_gold_at_1,0.3225255972696246,1172
D,structured_v2,none,type=CW,mIoP,0.3065547414675768,1172
D,structured_v2,none,type=CW,mIoU,0.16480692576791808,1172
D,structured_v2,none,type=CW,IoP@0.3,0.38139931740614336,1172
D,structured_v2,none,type=CW,IoP@0.5,0.3122866894197952,1172
D,structured_v2,none,type=CW,IoU@0.3,0.24232081911262798,1172
D,structured_v2,none,type=CW,IoU@0.5,0.1296928327645051,1172
D,structured_v2,none,type=CW,zero_width_count,0,1172
D,structured_v2,none,type=CW,zero_width_rate,0.0,1172
D,structured_v2,none,type=CW,invalid_span_count,0,1172
D,structured_v2,none,type=CW,mean_pred_span_width,4.286379351535836,1172
D,structured_v2,none,type=CW,median_retrieval_ms,3.962,1172
D,structured_v2,none,type=CW,p95_retrieval_ms,4.7795,1172
D,structured_v2,none,type=CW,mean_ppr_calls,1.0,1172
D,structured_v2,none,type=CW,max_ppr_calls,1,1172
D,structured_v2,none,type=CW,avg_context_frames,4.0,1172
D,structured_v2,none,type=CW,max_context_frames_observed,4,1172
D,structured_v2,none,type=CH,n,392,392
D,structured_v2,none,type=CH,gold_frame_at_4,0.5688775510204082,392
D,structured_v2,none,type=CH,anchor_in_gold_at_1,0.3392857142857143,392
D,structured_v2,none,type=CH,mIoP,0.3412307474489796,392
D,structured_v2,none,type=CH,mIoU,0.17674067857142858,392
D,structured_v2,none,type=CH,IoP@0.3,0.4030612244897959,392
D,structured_v2,none,type=CH,IoP@0.5,0.34438775510204084,392
D,structured_v2,none,type=CH,IoU@0.3,0.24744897959183673,392
D,structured_v2,none,type=CH,IoU@0.5,0.14285714285714285,392
D,structured_v2,none,type=CH,zero_width_count,0,392
D,structured_v2,none,type=CH,zero_width_rate,0.0,392
D,structured_v2,none,type=CH,invalid_span_count,0,392
D,structured_v2,none,type=CH,mean_pred_span_width,4.241736734693878,392
D,structured_v2,none,type=CH,median_retrieval_ms,3.8485,392
D,structured_v2,none,type=CH,p95_retrieval_ms,4.763199999999999,392
D,structured_v2,none,type=CH,mean_ppr_calls,1.0,392
D,structured_v2,none,type=CH,max_ppr_calls,1,392
D,structured_v2,none,type=CH,avg_context_frames,4.0,392
D,structured_v2,none,type=CH,max_context_frames_observed,4,392
D,structured_v2,none,type=TN,n,704,704
D,structured_v2,none,type=TN,gold_frame_at_4,0.46732954545454547,704
D,structured_v2,none,type=TN,anchor_in_gold_at_1,0.2315340909090909,704
D,structured_v2,none,type=TN,mIoP,0.22546514914772728,704
D,structured_v2,none,type=TN,mIoU,0.14160896590909092,704
D,structured_v2,none,type=TN,IoP@0.3,0.2997159090909091,704
D,structured_v2,none,type=TN,IoP@0.5,0.23011363636363635,704
D,structured_v2,none,type=TN,IoU@0.3,0.22443181818181818,704
D,structured_v2,none,type=TN,IoU@0.5,0.12073863636363637,704
D,structured_v2,none,type=TN,zero_width_count,0,704
D,structured_v2,none,type=TN,zero_width_rate,0.0,704
D,structured_v2,none,type=TN,invalid_span_count,0,704
D,structured_v2,none,type=TN,mean_pred_span_width,4.267296732954545,704
D,structured_v2,none,type=TN,median_retrieval_ms,3.9905,704
D,structured_v2,none,type=TN,p95_retrieval_ms,4.861750000000001,704
D,structured_v2,none,type=TN,mean_ppr_calls,1.0,704
D,structured_v2,none,type=TN,max_ppr_calls,1,704
D,structured_v2,none,type=TN,avg_context_frames,4.0,704
D,structured_v2,none,type=TN,max_context_frames_observed,4,704
D,structured_v2,none,type=TP,n,37,37
D,structured_v2,none,type=TP,gold_frame_at_4,0.43243243243243246,37
D,structured_v2,none,type=TP,anchor_in_gold_at_1,0.24324324324324326,37
D,structured_v2,none,type=TP,mIoP,0.24914132432432434,37
D,structured_v2,none,type=TP,mIoU,0.1677368108108108,37
D,structured_v2,none,type=TP,IoP@0.3,0.35135135135135137,37
D,structured_v2,none,type=TP,IoP@0.5,0.24324324324324326,37
D,structured_v2,none,type=TP,IoU@0.3,0.24324324324324326,37
D,structured_v2,none,type=TP,IoU@0.5,0.1891891891891892,37
D,structured_v2,none,type=TP,zero_width_count,0,37
D,structured_v2,none,type=TP,zero_width_rate,0.0,37
D,structured_v2,none,type=TP,invalid_span_count,0,37
D,structured_v2,none,type=TP,mean_pred_span_width,4.199637837837838,37
D,structured_v2,none,type=TP,median_retrieval_ms,4.08,37
D,structured_v2,none,type=TP,p95_retrieval_ms,4.73,37
D,structured_v2,none,type=TP,mean_ppr_calls,1.0,37
D,structured_v2,none,type=TP,max_ppr_calls,1,37
D,structured_v2,none,type=TP,avg_context_frames,4.0,37
D,structured_v2,none,type=TP,max_context_frames_observed,4,37
D,structured_v2,none,type=TC,n,380,380
D,structured_v2,none,type=TC,gold_frame_at_4,0.5947368421052631,380
D,structured_v2,none,type=TC,anchor_in_gold_at_1,0.34210526315789475,380
D,structured_v2,none,type=TC,mIoP,0.3378265289473684,380
D,structured_v2,none,type=TC,mIoU,0.16384122105263157,380
D,structured_v2,none,type=TC,IoP@0.3,0.4131578947368421,380
D,structured_v2,none,type=TC,IoP@0.5,0.35526315789473684,380
D,structured_v2,none,type=TC,IoU@0.3,0.23157894736842105,380
D,structured_v2,none,type=TC,IoU@0.5,0.12105263157894737,380
D,structured_v2,none,type=TC,zero_width_count,0,380
D,structured_v2,none,type=TC,zero_width_rate,0.0,380
D,structured_v2,none,type=TC,invalid_span_count,0,380
D,structured_v2,none,type=TC,mean_pred_span_width,4.2561813157894735,380
D,structured_v2,none,type=TC,median_retrieval_ms,4.0725,380
D,structured_v2,none,type=TC,p95_retrieval_ms,4.8876,380
D,structured_v2,none,type=TC,mean_ppr_calls,1.0,380
D,structured_v2,none,type=TC,max_ppr_calls,1,380
D,structured_v2,none,type=TC,avg_context_frames,4.0,380
D,structured_v2,none,type=TC,max_context_frames_observed,4,380
D,structured_v2,none,gold_width=<2s,n,278,278
D,structured_v2,none,gold_width=<2s,gold_frame_at_4,0.27697841726618705,278
D,structured_v2,none,gold_width=<2s,anchor_in_gold_at_1,0.1223021582733813,278
D,structured_v2,none,gold_width=<2s,mIoP,0.08473289928057554,278
D,structured_v2,none,gold_width=<2s,mIoU,0.08319341007194245,278
D,structured_v2,none,gold_width=<2s,IoP@0.3,0.13309352517985612,278
D,structured_v2,none,gold_width=<2s,IoP@0.5,0.01079136690647482,278
D,structured_v2,none,gold_width=<2s,IoU@0.3,0.12589928057553956,278
D,structured_v2,none,gold_width=<2s,IoU@0.5,0.01079136690647482,278
D,structured_v2,none,gold_width=<2s,zero_width_count,0,278
D,structured_v2,none,gold_width=<2s,zero_width_rate,0.0,278
D,structured_v2,none,gold_width=<2s,invalid_span_count,0,278
D,structured_v2,none,gold_width=<2s,mean_pred_span_width,4.204288489208634,278
D,structured_v2,none,gold_width=<2s,median_retrieval_ms,3.8345000000000002,278
D,structured_v2,none,gold_width=<2s,p95_retrieval_ms,4.6594,278
D,structured_v2,none,gold_width=<2s,mean_ppr_calls,1.0,278
D,structured_v2,none,gold_width=<2s,max_ppr_calls,1,278
D,structured_v2,none,gold_width=<2s,avg_context_frames,4.0,278
D,structured_v2,none,gold_width=<2s,max_context_frames_observed,4,278
D,structured_v2,none,gold_width=2-5s,n,1125,1125
D,structured_v2,none,gold_width=2-5s,gold_frame_at_4,0.44533333333333336,1125
D,structured_v2,none,gold_width=2-5s,anchor_in_gold_at_1,0.21066666666666667,1125
D,structured_v2,none,gold_width=2-5s,mIoP,0.19625910222222223,1125
D,structured_v2,none,gold_width=2-5s,mIoU,0.17027594222222223,1125
D,structured_v2,none,gold_width=2-5s,IoP@0.3,0.29155555555555557,1125
D,structured_v2,none,gold_width=2-5s,IoP@0.5,0.22044444444444444,1125
D,structured_v2,none,gold_width=2-5s,IoU@0.3,0.2604444444444444,1125
D,structured_v2,none,gold_width=2-5s,IoU@0.5,0.18044444444444444,1125
D,structured_v2,none,gold_width=2-5s,zero_width_count,0,1125
D,structured_v2,none,gold_width=2-5s,zero_width_rate,0.0,1125
D,structured_v2,none,gold_width=2-5s,invalid_span_count,0,1125
D,structured_v2,none,gold_width=2-5s,mean_pred_span_width,4.262428533333334,1125
D,structured_v2,none,gold_width=2-5s,median_retrieval_ms,3.956,1125
D,structured_v2,none,gold_width=2-5s,p95_retrieval_ms,4.744400000000001,1125
D,structured_v2,none,gold_width=2-5s,mean_ppr_calls,1.0,1125
D,structured_v2,none,gold_width=2-5s,max_ppr_calls,1,1125
D,structured_v2,none,gold_width=2-5s,avg_context_frames,4.0,1125
D,structured_v2,none,gold_width=2-5s,max_context_frames_observed,4,1125
D,structured_v2,none,gold_width=5-10s,n,731,731
D,structured_v2,none,gold_width=5-10s,gold_frame_at_4,0.5827633378932968,731
D,structured_v2,none,gold_width=5-10s,anchor_in_gold_at_1,0.332421340629275,731
D,structured_v2,none,gold_width=5-10s,mIoP,0.3346922366621067,731
D,structured_v2,none,gold_width=5-10s,mIoU,0.19642981805745552,731
D,structured_v2,none,gold_width=5-10s,IoP@0.3,0.4021887824897401,731
D,structured_v2,none,gold_width=5-10s,IoP@0.5,0.3392612859097127,731
D,structured_v2,none,gold_width=5-10s,IoU@0.3,0.32558139534883723,731
D,structured_v2,none,gold_width=5-10s,IoU@0.5,0.18194254445964433,731
D,structured_v2,none,gold_width=5-10s,zero_width_count,0,731
D,structured_v2,none,gold_width=5-10s,zero_width_rate,0.0,731
D,structured_v2,none,gold_width=5-10s,invalid_span_count,0,731
D,structured_v2,none,gold_width=5-10s,mean_pred_span_width,4.278332694938441,731
D,structured_v2,none,gold_width=5-10s,median_retrieval_ms,3.947,731
D,structured_v2,none,gold_width=5-10s,p95_retrieval_ms,4.826600000000001,731
D,structured_v2,none,gold_width=5-10s,mean_ppr_calls,1.0,731
D,structured_v2,none,gold_width=5-10s,max_ppr_calls,1,731
D,structured_v2,none,gold_width=5-10s,avg_context_frames,4.0,731
D,structured_v2,none,gold_width=5-10s,max_context_frames_observed,4,731
D,structured_v2,none,gold_width=>=10s,n,551,551
D,structured_v2,none,gold_width=>=10s,gold_frame_at_4,0.7840290381125227,551
D,structured_v2,none,gold_width=>=10s,anchor_in_gold_at_1,0.542649727767695,551
D,structured_v2,none,gold_width=>=10s,mIoP,0.5451127477313975,551
D,structured_v2,none,gold_width=>=10s,mIoU,0.13124555535390198,551
D,structured_v2,none,gold_width=>=10s,IoP@0.3,0.5934664246823956,551
D,structured_v2,none,gold_width=>=10s,IoP@0.5,0.558983666061706,551
D,structured_v2,none,gold_width=>=10s,IoU@0.3,0.12704174228675136,551
D,structured_v2,none,gold_width=>=10s,IoU@0.5,0.012704174228675136,551
D,structured_v2,none,gold_width=>=10s,zero_width_count,0,551
D,structured_v2,none,gold_width=>=10s,zero_width_rate,0.0,551
D,structured_v2,none,gold_width=>=10s,invalid_span_count,0,551
D,structured_v2,none,gold_width=>=10s,mean_pred_span_width,4.304581306715064,551
D,structured_v2,none,gold_width=>=10s,median_retrieval_ms,4.12,551
D,structured_v2,none,gold_width=>=10s,p95_retrieval_ms,5.018,551
D,structured_v2,none,gold_width=>=10s,mean_ppr_calls,1.0,551
D,structured_v2,none,gold_width=>=10s,max_ppr_calls,1,551
D,structured_v2,none,gold_width=>=10s,avg_context_frames,4.0,551
D,structured_v2,none,gold_width=>=10s,max_context_frames_observed,4,551
E,structured_v2,directional,overall,n,2685,2685
E,structured_v2,directional,overall,gold_frame_at_4,0.3329608938547486,2685
E,structured_v2,directional,overall,anchor_in_gold_at_1,0.3027932960893855,2685
E,structured_v2,directional,overall,mIoP,0.2865263020484171,2685
E,structured_v2,directional,overall,mIoU,0.15272249944134078,2685
E,structured_v2,directional,overall,IoP@0.3,0.3579143389199255,2685
E,structured_v2,directional,overall,IoP@0.5,0.29348230912476725,2685
E,structured_v2,directional,overall,IoU@0.3,0.2309124767225326,2685
E,structured_v2,directional,overall,IoU@0.5,0.12029795158286778,2685
E,structured_v2,directional,overall,zero_width_count,0,2685
E,structured_v2,directional,overall,zero_width_rate,0.0,2685
E,structured_v2,directional,overall,invalid_span_count,0,2685
E,structured_v2,directional,overall,mean_pred_span_width,4.252760409683427,2685
E,structured_v2,directional,overall,median_retrieval_ms,4.071,2685
E,structured_v2,directional,overall,p95_retrieval_ms,4.983,2685
E,structured_v2,directional,overall,mean_ppr_calls,1.0,2685
E,structured_v2,directional,overall,max_ppr_calls,1,2685
E,structured_v2,directional,overall,avg_context_frames,7.377653631284916,2685
E,structured_v2,directional,overall,max_context_frames_observed,8,2685
E,structured_v2,directional,type=CW,n,1172,1172
E,structured_v2,directional,type=CW,gold_frame_at_4,0.3438566552901024,1172
E,structured_v2,directional,type=CW,anchor_in_gold_at_1,0.32337883959044367,1172
E,structured_v2,directional,type=CW,mIoP,0.30388312542662116,1172
E,structured_v2,directional,type=CW,mIoU,0.16039751279863482,1172
E,structured_v2,directional,type=CW,IoP@0.3,0.378839590443686,1172
E,structured_v2,directional,type=CW,IoP@0.5,0.31399317406143346,1172
E,structured_v2,directional,type=CW,IoU@0.3,0.24232081911262798,1172
E,structured_v2,directional,type=CW,IoU@0.5,0.12457337883959044,1172
E,structured_v2,directional,type=CW,zero_width_count,0,1172
E,structured_v2,directional,type=CW,zero_width_rate,0.0,1172
E,structured_v2,directional,type=CW,invalid_span_count,0,1172
E,structured_v2,directional,type=CW,mean_pred_span_width,4.240897610921502,1172
E,structured_v2,directional,type=CW,median_retrieval_ms,4.041,1172
E,structured_v2,directional,type=CW,p95_retrieval_ms,4.96535,1172
E,structured_v2,directional,type=CW,mean_ppr_calls,1.0,1172
E,structured_v2,directional,type=CW,max_ppr_calls,1,1172
E,structured_v2,directional,type=CW,avg_context_frames,7.780716723549488,1172
E,structured_v2,directional,type=CW,max_context_frames_observed,8,1172
E,structured_v2,directional,type=CH,n,392,392
E,structured_v2,directional,type=CH,gold_frame_at_4,0.375,392
E,structured_v2,directional,type=CH,anchor_in_gold_at_1,0.3392857142857143,392
E,structured_v2,directional,type=CH,mIoP,0.32646302806122446,392
E,structured_v2,directional,type=CH,mIoU,0.16174805102040818,392
E,structured_v2,directional,type=CH,IoP@0.3,0.3877551020408163,392
E,structured_v2,directional,type=CH,IoP@0.5,0.33418367346938777,392
E,structured_v2,directional,type=CH,IoU@0.3,0.23469387755102042,392
E,structured_v2,directional,type=CH,IoU@0.5,0.13010204081632654,392
E,structured_v2,directional,type=CH,zero_width_count,0,392
E,structured_v2,directional,type=CH,zero_width_rate,0.0,392
E,structured_v2,directional,type=CH,invalid_span_count,0,392
E,structured_v2,directional,type=CH,mean_pred_span_width,4.243773724489796,392
E,structured_v2,directional,type=CH,median_retrieval_ms,3.914,392
E,structured_v2,directional,type=CH,p95_retrieval_ms,4.8324,392
E,structured_v2,directional,type=CH,mean_ppr_calls,1.0,392
E,structured_v2,directional,type=CH,max_ppr_calls,1,392
E,structured_v2,directional,type=CH,avg_context_frames,6.321428571428571,392
E,structured_v2,directional,type=CH,max_context_frames_observed,8,392
E,structured_v2,directional,type=TN,n,704,704
E,structured_v2,directional,type=TN,gold_frame_at_4,0.265625,704
E,structured_v2,directional,type=TN,anchor_in_gold_at_1,0.23011363636363635,704
E,structured_v2,directional,type=TN,mIoP,0.21533205823863638,704
E,structured_v2,directional,type=TN,mIoU,0.13420579261363638,704
E,structured_v2,directional,type=TN,IoP@0.3,0.2840909090909091,704
E,structured_v2,directional,type=TN,IoP@0.5,0.21875,704
E,structured_v2,directional,type=TN,IoU@0.3,0.21306818181818182,704
E,structured_v2,directional,type=TN,IoU@0.5,0.109375,704
E,structured_v2,directional,type=TN,zero_width_count,0,704
E,structured_v2,directional,type=TN,zero_width_rate,0.0,704
E,structured_v2,directional,type=TN,invalid_span_count,0,704
E,structured_v2,directional,type=TN,mean_pred_span_width,4.291560653409091,704
E,structured_v2,directional,type=TN,median_retrieval_ms,4.1185,704
E,structured_v2,directional,type=TN,p95_retrieval_ms,5.09875,704
E,structured_v2,directional,type=TN,mean_ppr_calls,1.0,704
E,structured_v2,directional,type=TN,max_ppr_calls,1,704
E,structured_v2,directional,type=TN,avg_context_frames,7.012784090909091,704
E,structured_v2,directional,type=TN,max_context_frames_observed,8,704
E,structured_v2,directional,type=TP,n,37,37
E,structured_v2,directional,type=TP,gold_frame_at_4,0.32432432432432434,37
E,structured_v2,directional,type=TP,anchor_in_gold_at_1,0.24324324324324326,37
E,structured_v2,directional,type=TP,mIoP,0.23628964864864868,37
E,structured_v2,directional,type=TP,mIoU,0.16562281081081082,37
E,structured_v2,directional,type=TP,IoP@0.3,0.32432432432432434,37
E,structured_v2,directional,type=TP,IoP@0.5,0.2702702702702703,37
E,structured_v2,directional,type=TP,IoU@0.3,0.2972972972972973,37
E,structured_v2,directional,type=TP,IoU@0.5,0.1891891891891892,37
E,structured_v2,directional,type=TP,zero_width_count,0,37
E,structured_v2,directional,type=TP,zero_width_rate,0.0,37
E,structured_v2,directional,type=TP,invalid_span_count,0,37
E,structured_v2,directional,type=TP,mean_pred_span_width,4.098989189189189,37
E,structured_v2,directional,type=TP,median_retrieval_ms,4.246,37
E,structured_v2,directional,type=TP,p95_retrieval_ms,4.9024,37
E,structured_v2,directional,type=TP,mean_ppr_calls,1.0,37
E,structured_v2,directional,type=TP,max_ppr_calls,1,37
E,structured_v2,directional,type=TP,avg_context_frames,6.702702702702703,37
E,structured_v2,directional,type=TP,max_context_frames_observed,8,37
E,structured_v2,directional,type=TC,n,380,380
E,structured_v2,directional,type=TC,gold_frame_at_4,0.3815789473684211,380
E,structured_v2,directional,type=TC,anchor_in_gold_at_1,0.34210526315789475,380
E,structured_v2,directional,type=TC,mIoP,0.3285844868421053,380
E,structured_v2,directional,type=TC,mIoU,0.15278912631578948,380
E,structured_v2,directional,type=TC,IoP@0.3,0.4026315789473684,380
E,structured_v2,directional,type=TC,IoP@0.5,0.32894736842105265,380
E,structured_v2,directional,type=TC,IoU@0.3,0.21842105263157896,380
E,structured_v2,directional,type=TC,IoU@0.5,0.11052631578947368,380
E,structured_v2,directional,type=TC,zero_width_count,0,380
E,structured_v2,directional,type=TC,zero_width_rate,0.0,380
E,structured_v2,directional,type=TC,invalid_span_count,0,380
E,structured_v2,directional,type=TC,mean_pred_span_width,4.241708157894737,380
E,structured_v2,directional,type=TC,median_retrieval_ms,4.173,380
E,structured_v2,directional,type=TC,p95_retrieval_ms,5.0184999999999995,380
E,structured_v2,directional,type=TC,mean_ppr_calls,1.0,380
E,structured_v2,directional,type=TC,max_ppr_calls,1,380
E,structured_v2,directional,type=TC,avg_context_frames,7.96578947368421,380
E,structured_v2,directional,type=TC,max_context_frames_observed,8,380
E,structured_v2,directional,gold_width=<2s,n,278,278
E,structured_v2,directional,gold_width=<2s,gold_frame_at_4,0.1618705035971223,278
E,structured_v2,directional,gold_width=<2s,anchor_in_gold_at_1,0.1223021582733813,278
E,structured_v2,directional,gold_width=<2s,mIoP,0.08329612949640289,278
E,structured_v2,directional,gold_width=<2s,mIoU,0.08130278776978417,278
E,structured_v2,directional,gold_width=<2s,IoP@0.3,0.14028776978417265,278
E,structured_v2,directional,gold_width=<2s,IoP@0.5,0.01079136690647482,278
E,structured_v2,directional,gold_width=<2s,IoU@0.3,0.1366906474820144,278
E,structured_v2,directional,gold_width=<2s,IoU@0.5,0.01079136690647482,278
E,structured_v2,directional,gold_width=<2s,zero_width_count,0,278
E,structured_v2,directional,gold_width=<2s,zero_width_rate,0.0,278
E,structured_v2,directional,gold_width=<2s,invalid_span_count,0,278
E,structured_v2,directional,gold_width=<2s,mean_pred_span_width,4.202128417266187,278
E,structured_v2,directional,gold_width=<2s,median_retrieval_ms,3.9215,278
E,structured_v2,directional,gold_width=<2s,p95_retrieval_ms,4.813350000000001,278
E,structured_v2,directional,gold_width=<2s,mean_ppr_calls,1.0,278
E,structured_v2,directional,gold_width=<2s,max_ppr_calls,1,278
E,structured_v2,directional,gold_width=<2s,avg_context_frames,7.327338129496403,278
E,structured_v2,directional,gold_width=<2s,max_context_frames_observed,8,278
E,structured_v2,directional,gold_width=2-5s,n,1125,1125
E,structured_v2,directional,gold_width=2-5s,gold_frame_at_4,0.24177777777777779,1125
E,structured_v2,directional,gold_width=2-5s,anchor_in_gold_at_1,0.21155555555555555,1125
E,structured_v2,directional,gold_width=2-5s,mIoP,0.1809047511111111,1125
E,structured_v2,directional,gold_width=2-5s,mIoU,0.15517338133333333,1125
E,structured_v2,directional,gold_width=2-5s,IoP@0.3,0.26666666666666666,1125
E,structured_v2,directional,gold_width=2-5s,IoP@0.5,0.2008888888888889,1125
E,structured_v2,directional,gold_width=2-5s,IoU@0.3,0.2391111111111111,1125
E,structured_v2,directional,gold_width=2-5s,IoU@0.5,0.168,1125
E,structured_v2,directional,gold_width=2-5s,zero_width_count,0,1125
E,structured_v2,directional,gold_width=2-5s,zero_width_rate,0.0,1125
E,structured_v2,directional,gold_width=2-5s,invalid_span_count,0,1125
E,structured_v2,directional,gold_width=2-5s,mean_pred_span_width,4.241425866666667,1125
E,structured_v2,directional,gold_width=2-5s,median_retrieval_ms,4.048,1125
E,structured_v2,directional,gold_width=2-5s,p95_retrieval_ms,4.891900000000001,1125
E,structured_v2,directional,gold_width=2-5s,mean_ppr_calls,1.0,1125
E,structured_v2,directional,gold_width=2-5s,max_ppr_calls,1,1125
E,structured_v2,directional,gold_width=2-5s,avg_context_frames,7.372444444444445,1125
E,structured_v2,directional,gold_width=2-5s,max_context_frames_observed,8,1125
E,structured_v2,directional,gold_width=5-10s,n,731,731
E,structured_v2,directional,gold_width=5-10s,gold_frame_at_4,0.35841313269493846,731
E,structured_v2,directional,gold_width=5-10s,anchor_in_gold_at_1,0.33105335157318744,731
E,structured_v2,directional,gold_width=5-10s,mIoP,0.3214520793433653,731
E,structured_v2,directional,gold_width=5-10s,mIoU,0.18753413816689468,731
E,structured_v2,directional,gold_width=5-10s,IoP@0.3,0.39261285909712723,731
E,structured_v2,directional,gold_width=5-10s,IoP@0.5,0.33515731874145005,731
E,structured_v2,directional,gold_width=5-10s,IoU@0.3,0.31874145006839943,731
E,structured_v2,directional,gold_width=5-10s,IoU@0.5,0.16963064295485636,731
E,structured_v2,directional,gold_width=5-10s,zero_width_count,0,731
E,structured_v2,directional,gold_width=5-10s,zero_width_rate,0.0,731
E,structured_v2,directional,gold_width=5-10s,invalid_span_count,0,731
E,structured_v2,directional,gold_width=5-10s,mean_pred_span_width,4.2643718194254445,731
E,structured_v2,directional,gold_width=5-10s,median_retrieval_ms,4.063,731
E,structured_v2,directional,gold_width=5-10s,p95_retrieval_ms,4.9888,731
E,structured_v2,directional,gold_width=5-10s,mean_ppr_calls,1.0,731
E,structured_v2,directional,gold_width=5-10s,max_ppr_calls,1,731
E,structured_v2,directional,gold_width=5-10s,avg_context_frames,7.385772913816689,731
E,structured_v2,directional,gold_width=5-10s,max_context_frames_observed,8,731
E,structured_v2,directional,gold_width=>=10s,n,551,551
E,structured_v2,directional,gold_width=>=10s,gold_frame_at_4,0.5716878402903811,551
E,structured_v2,directional,gold_width=>=10s,anchor_in_gold_at_1,0.542649727767695,551
E,structured_v2,directional,gold_width=>=10s,mIoP,0.5583801851179674,551
E,structured_v2,directional,gold_width=>=10s,mIoU,0.13756847005444647,551
E,structured_v2,directional,gold_width=>=10s,IoP@0.3,0.6079854809437386,551
E,structured_v2,directional,gold_width=>=10s,IoP@0.5,0.5698729582577132,551
E,structured_v2,directional,gold_width=>=10s,IoU@0.3,0.14519056261343014,551
E,structured_v2,directional,gold_width=>=10s,IoU@0.5,0.012704174228675136,551
E,structured_v2,directional,gold_width=>=10s,zero_width_count,0,551
E,structured_v2,directional,gold_width=>=10s,zero_width_rate,0.0,551
E,structured_v2,directional,gold_width=>=10s,invalid_span_count,0,551
E,structured_v2,directional,gold_width=>=10s,mean_pred_span_width,4.286043738656987,551
E,structured_v2,directional,gold_width=>=10s,median_retrieval_ms,4.222,551
E,structured_v2,directional,gold_width=>=10s,p95_retrieval_ms,5.1468,551
E,structured_v2,directional,gold_width=>=10s,mean_ppr_calls,1.0,551
E,structured_v2,directional,gold_width=>=10s,max_ppr_calls,1,551
E,structured_v2,directional,gold_width=>=10s,avg_context_frames,7.402903811252268,551
E,structured_v2,directional,gold_width=>=10s,max_context_frames_observed,8,551
